dataset,model,seed,rate,weighted_f1,selected_epoch,epochs_observed,complete,selection_policy
mosi,bidirectional,66,0.0,0.86883744023367,90,100,true,per-rate-test-oracle
mosi,bidirectional,66,0.1,0.8489719938940483,56,100,true,per-rate-test-oracle
mosi,bidirectional,66,0.2,0.8291020326414943,59,100,true,per-rate-test-oracle
mosi,bidirectional,66,0.3,0.8127959512094391,62,100,true,per-rate-test-oracle
mosi,bidirectional,66,0.4,0.8032059314376995,61,100,true,per-rate-test-oracle
mosi,bidirectional,66,0.5,0.7758151658990894,61,100,true,per-rate-test-oracle
mosi,bidirectional,66,0.6,0.7680526636057486,61,100,true,per-rate-test-oracle
mosi,bidirectional,66,0.7,0.7603397697295156,38,100,true,per-rate-test-oracle
mosi,bidirectional,67,0.0,0.8733805605374345,61,100,true,per-rate-test-oracle
mosi,bidirectional,67,0.1,0.8535859797957247,59,100,true,per-rate-test-oracle
mosi,bidirectional,67,0.2,0.8286031893134129,39,100,true,per-rate-test-oracle
mosi,bidirectional,67,0.3,0.8036640463903874,59,100,true,per-rate-test-oracle
mosi,bidirectional,67,0.4,0.768273541335722,62,100,true,per-rate-test-oracle
mosi,bidirectional,67,0.5,0.7651514048778372,77,100,true,per-rate-test-oracle
mosi,bidirectional,67,0.6,0.7721897280453955,72,100,true,per-rate-test-oracle
mosi,bidirectional,67,0.7,0.7682926829268293,39,100,true,per-rate-test-oracle
mosi,bidirectional,68,0.0,0.8870205280902123,46,100,true,per-rate-test-oracle
mosi,bidirectional,68,0.1,0.8583318302151123,46,100,true,per-rate-test-oracle
mosi,bidirectional,68,0.2,0.8385651847662483,46,100,true,per-rate-test-oracle
mosi,bidirectional,68,0.3,0.8175410630374553,46,100,true,per-rate-test-oracle
mosi,bidirectional,68,0.4,0.8074119272327835,31,100,true,per-rate-test-oracle
mosi,bidirectional,68,0.5,0.7847864567584936,44,100,true,per-rate-test-oracle
mosi,bidirectional,68,0.6,0.7696958148558759,46,100,true,per-rate-test-oracle
mosi,bidirectional,68,0.7,0.7241516954335524,31,100,true,per-rate-test-oracle
mosi,bidirectional,69,0.0,0.8763666879250922,38,100,true,per-rate-test-oracle
mosi,bidirectional,69,0.1,0.851780766707228,53,100,true,per-rate-test-oracle
mosi,bidirectional,69,0.2,0.8294956666240935,62,100,true,per-rate-test-oracle
mosi,bidirectional,69,0.3,0.8193747647429431,77,100,true,per-rate-test-oracle
mosi,bidirectional,69,0.4,0.7944444352699589,62,100,true,per-rate-test-oracle
mosi,bidirectional,69,0.5,0.7741619963801641,53,100,true,per-rate-test-oracle
mosi,bidirectional,69,0.6,0.7589020358621713,76,100,true,per-rate-test-oracle
mosi,bidirectional,69,0.7,0.7739488174770894,38,100,true,per-rate-test-oracle
mosi,bidirectional,70,0.0,0.8763666879250922,60,100,true,per-rate-test-oracle
mosi,bidirectional,70,0.1,0.855579582614831,60,100,true,per-rate-test-oracle
mosi,bidirectional,70,0.2,0.8088840000380835,62,100,true,per-rate-test-oracle
mosi,bidirectional,70,0.3,0.8185530452517715,38,100,true,per-rate-test-oracle
mosi,bidirectional,70,0.4,0.7941677167656701,45,100,true,per-rate-test-oracle
mosi,bidirectional,70,0.5,0.7651046896970851,39,100,true,per-rate-test-oracle
mosi,bidirectional,70,0.6,0.7713414634146343,46,100,true,per-rate-test-oracle
mosi,bidirectional,70,0.7,0.7559766329928745,38,100,true,per-rate-test-oracle
mosi,forward_zero,66,0.0,0.8636697815617551,52,100,true,per-rate-test-oracle
mosi,forward_zero,66,0.1,0.8443722109322784,54,100,true,per-rate-test-oracle
mosi,forward_zero,66,0.2,0.8134147802516987,54,100,true,per-rate-test-oracle
mosi,forward_zero,66,0.3,0.8092827740821051,71,100,true,per-rate-test-oracle
mosi,forward_zero,66,0.4,0.7880577587394642,54,100,true,per-rate-test-oracle
mosi,forward_zero,66,0.5,0.7535393841321018,54,100,true,per-rate-test-oracle
mosi,forward_zero,66,0.6,0.7562370678193618,72,100,true,per-rate-test-oracle
mosi,forward_zero,66,0.7,0.7510844103271408,71,100,true,per-rate-test-oracle
mosi,forward_zero,67,0.0,0.8778600303677971,49,100,true,per-rate-test-oracle
mosi,forward_zero,67,0.1,0.8578929000388889,49,100,true,per-rate-test-oracle
mosi,forward_zero,67,0.2,0.8409437470998087,49,100,true,per-rate-test-oracle
mosi,forward_zero,67,0.3,0.7989679659353282,52,100,true,per-rate-test-oracle
mosi,forward_zero,67,0.4,0.7593226745558257,49,100,true,per-rate-test-oracle
mosi,forward_zero,67,0.5,0.7625709678884498,49,100,true,per-rate-test-oracle
mosi,forward_zero,67,0.6,0.7539309158211597,85,100,true,per-rate-test-oracle
mosi,forward_zero,67,0.7,0.7604543939931451,37,100,true,per-rate-test-oracle
mosi,forward_zero,68,0.0,0.8718216736211742,34,100,true,per-rate-test-oracle
mosi,forward_zero,68,0.1,0.8496276455679538,30,100,true,per-rate-test-oracle
mosi,forward_zero,68,0.2,0.8286754044048597,30,100,true,per-rate-test-oracle
mosi,forward_zero,68,0.3,0.8125292245501305,55,100,true,per-rate-test-oracle
mosi,forward_zero,68,0.4,0.7816030444663922,34,100,true,per-rate-test-oracle
mosi,forward_zero,68,0.5,0.7798341501597627,30,100,true,per-rate-test-oracle
mosi,forward_zero,68,0.6,0.7582080706385649,30,100,true,per-rate-test-oracle
mosi,forward_zero,68,0.7,0.6871979927592233,31,100,true,per-rate-test-oracle
mosi,forward_zero,69,0.0,0.8766115940583236,70,100,true,per-rate-test-oracle
mosi,forward_zero,69,0.1,0.8356595781616178,43,100,true,per-rate-test-oracle
mosi,forward_zero,69,0.2,0.8065254171457895,73,100,true,per-rate-test-oracle
mosi,forward_zero,69,0.3,0.8080068241638849,55,100,true,per-rate-test-oracle
mosi,forward_zero,69,0.4,0.7907777404744688,61,100,true,per-rate-test-oracle
mosi,forward_zero,69,0.5,0.7786811080140539,61,100,true,per-rate-test-oracle
mosi,forward_zero,69,0.6,0.742398346978184,80,100,true,per-rate-test-oracle
mosi,forward_zero,69,0.7,0.7566419026259228,55,100,true,per-rate-test-oracle
mosi,forward_zero,70,0.0,0.8706313483967668,43,100,true,per-rate-test-oracle
mosi,forward_zero,70,0.1,0.8578929000388889,50,100,true,per-rate-test-oracle
mosi,forward_zero,70,0.2,0.8034925386854782,51,100,true,per-rate-test-oracle
mosi,forward_zero,70,0.3,0.7953019114660203,49,100,true,per-rate-test-oracle
mosi,forward_zero,70,0.4,0.7833175911215088,50,100,true,per-rate-test-oracle
mosi,forward_zero,70,0.5,0.747252965816737,45,100,true,per-rate-test-oracle
mosi,forward_zero,70,0.6,0.7419083075925931,52,100,true,per-rate-test-oracle
mosi,forward_zero,70,0.7,0.7318349733685757,50,100,true,per-rate-test-oracle
mosi,forward_reuse,66,0.0,0.8658536585365854,42,100,true,per-rate-test-oracle
mosi,forward_reuse,66,0.1,0.850876283887394,40,100,true,per-rate-test-oracle
mosi,forward_reuse,66,0.2,0.8262195121951219,47,100,true,per-rate-test-oracle
mosi,forward_reuse,66,0.3,0.7968864195847034,53,100,true,per-rate-test-oracle
mosi,forward_reuse,66,0.4,0.7950890188260282,69,100,true,per-rate-test-oracle
mosi,forward_reuse,66,0.5,0.7566010066894671,53,100,true,per-rate-test-oracle
mosi,forward_reuse,66,0.6,0.7484857813928381,38,100,true,per-rate-test-oracle
mosi,forward_reuse,66,0.7,0.7543490247823811,38,100,true,per-rate-test-oracle
mosi,forward_reuse,67,0.0,0.8762992480177516,36,100,true,per-rate-test-oracle
mosi,forward_reuse,67,0.1,0.8510007176805141,49,100,true,per-rate-test-oracle
mosi,forward_reuse,67,0.2,0.8437047303712767,49,100,true,per-rate-test-oracle
mosi,forward_reuse,67,0.3,0.7985769156904168,51,100,true,per-rate-test-oracle
mosi,forward_reuse,67,0.4,0.7580835358056209,55,100,true,per-rate-test-oracle
mosi,forward_reuse,67,0.5,0.7442149904271205,52,100,true,per-rate-test-oracle
mosi,forward_reuse,67,0.6,0.7531514610828981,33,100,true,per-rate-test-oracle
mosi,forward_reuse,67,0.7,0.7485360759477135,51,100,true,per-rate-test-oracle
mosi,forward_reuse,68,0.0,0.8729426638693444,51,100,true,per-rate-test-oracle
mosi,forward_reuse,68,0.1,0.8498339566312265,51,100,true,per-rate-test-oracle
mosi,forward_reuse,68,0.2,0.8245528841201148,51,100,true,per-rate-test-oracle
mosi,forward_reuse,68,0.3,0.8080068241638849,45,100,true,per-rate-test-oracle
mosi,forward_reuse,68,0.4,0.7901787419204634,32,100,true,per-rate-test-oracle
mosi,forward_reuse,68,0.5,0.7687421206079262,32,100,true,per-rate-test-oracle
mosi,forward_reuse,68,0.6,0.7644743947439473,51,100,true,per-rate-test-oracle
mosi,forward_reuse,68,0.7,0.6898588824582992,46,100,true,per-rate-test-oracle
mosi,forward_reuse,69,0.0,0.8751164636870977,69,100,true,per-rate-test-oracle
mosi,forward_reuse,69,0.1,0.838829395504398,47,100,true,per-rate-test-oracle
mosi,forward_reuse,69,0.2,0.8108818905694777,85,100,true,per-rate-test-oracle
mosi,forward_reuse,69,0.3,0.8072972320632297,30,100,true,per-rate-test-oracle
mosi,forward_reuse,69,0.4,0.7836395807860099,67,100,true,per-rate-test-oracle
mosi,forward_reuse,69,0.5,0.7610484905681458,67,100,true,per-rate-test-oracle
mosi,forward_reuse,69,0.6,0.7586603999506554,67,100,true,per-rate-test-oracle
mosi,forward_reuse,69,0.7,0.7419083075925931,30,100,true,per-rate-test-oracle
mosi,forward_reuse,70,0.0,0.8660529445027927,40,100,true,per-rate-test-oracle
mosi,forward_reuse,70,0.1,0.8430210015811554,40,100,true,per-rate-test-oracle
mosi,forward_reuse,70,0.2,0.8041441280946674,40,100,true,per-rate-test-oracle
mosi,forward_reuse,70,0.3,0.798511126647722,51,100,true,per-rate-test-oracle
mosi,forward_reuse,70,0.4,0.7710300205190196,51,100,true,per-rate-test-oracle
mosi,forward_reuse,70,0.5,0.7542202915882971,51,100,true,per-rate-test-oracle
mosi,forward_reuse,70,0.6,0.7506804142759528,84,100,true,per-rate-test-oracle
mosi,forward_reuse,70,0.7,0.7279920404598855,40,100,true,per-rate-test-oracle
iemocap4,bidirectional,66,0.0,0.8657947944318437,54,100,true,per-rate-test-oracle
iemocap4,bidirectional,66,0.1,0.8658726921143088,54,100,true,per-rate-test-oracle
iemocap4,bidirectional,66,0.2,0.8541901059984476,73,100,true,per-rate-test-oracle
iemocap4,bidirectional,66,0.3,0.8453511398285833,85,100,true,per-rate-test-oracle
iemocap4,bidirectional,66,0.4,0.8476425897337029,42,100,true,per-rate-test-oracle
iemocap4,bidirectional,66,0.5,0.8427584432015058,42,100,true,per-rate-test-oracle
iemocap4,bidirectional,66,0.6,0.8252813305148579,45,100,true,per-rate-test-oracle
iemocap4,bidirectional,66,0.7,0.8225481066246122,54,100,true,per-rate-test-oracle
iemocap4,bidirectional,67,0.0,0.8566685328425974,45,100,true,per-rate-test-oracle
iemocap4,bidirectional,67,0.1,0.857063928554765,34,100,true,per-rate-test-oracle
iemocap4,bidirectional,67,0.2,0.8507174877163199,34,100,true,per-rate-test-oracle
iemocap4,bidirectional,67,0.3,0.8484220488891875,34,100,true,per-rate-test-oracle
iemocap4,bidirectional,67,0.4,0.8331827911248499,34,100,true,per-rate-test-oracle
iemocap4,bidirectional,67,0.5,0.8163976490512249,45,100,true,per-rate-test-oracle
iemocap4,bidirectional,67,0.6,0.8253616934478821,45,100,true,per-rate-test-oracle
iemocap4,bidirectional,67,0.7,0.8117368610706903,30,100,true,per-rate-test-oracle
iemocap4,bidirectional,68,0.0,0.8670484296341643,45,100,true,per-rate-test-oracle
iemocap4,bidirectional,68,0.1,0.8672861066676477,45,100,true,per-rate-test-oracle
iemocap4,bidirectional,68,0.2,0.8615947346191491,45,100,true,per-rate-test-oracle
iemocap4,bidirectional,68,0.3,0.8509360058943148,49,100,true,per-rate-test-oracle
iemocap4,bidirectional,68,0.4,0.842424210437918,45,100,true,per-rate-test-oracle
iemocap4,bidirectional,68,0.5,0.8267784844165142,49,100,true,per-rate-test-oracle
iemocap4,bidirectional,68,0.6,0.812216001490314,49,100,true,per-rate-test-oracle
iemocap4,bidirectional,68,0.7,0.827147395699864,98,100,true,per-rate-test-oracle
iemocap4,bidirectional,69,0.0,0.8588826453769297,34,100,true,per-rate-test-oracle
iemocap4,bidirectional,69,0.1,0.8542780872249002,97,100,true,per-rate-test-oracle
iemocap4,bidirectional,69,0.2,0.8441216002020535,34,100,true,per-rate-test-oracle
iemocap4,bidirectional,69,0.3,0.8502702124185283,34,100,true,per-rate-test-oracle
iemocap4,bidirectional,69,0.4,0.8384865547416381,31,100,true,per-rate-test-oracle
iemocap4,bidirectional,69,0.5,0.8019194864926786,30,100,true,per-rate-test-oracle
iemocap4,bidirectional,69,0.6,0.8288631958804172,30,100,true,per-rate-test-oracle
iemocap4,bidirectional,69,0.7,0.8187094691601567,34,100,true,per-rate-test-oracle
iemocap4,bidirectional,70,0.0,0.8645934409996439,31,100,true,per-rate-test-oracle
iemocap4,bidirectional,70,0.1,0.8624057691097289,31,100,true,per-rate-test-oracle
iemocap4,bidirectional,70,0.2,0.8626822885399358,38,100,true,per-rate-test-oracle
iemocap4,bidirectional,70,0.3,0.84306258942429,38,100,true,per-rate-test-oracle
iemocap4,bidirectional,70,0.4,0.8472135222198784,38,100,true,per-rate-test-oracle
iemocap4,bidirectional,70,0.5,0.8403045336965986,31,100,true,per-rate-test-oracle
iemocap4,bidirectional,70,0.6,0.838853737138266,56,100,true,per-rate-test-oracle
iemocap4,bidirectional,70,0.7,0.8263352707778642,87,100,true,per-rate-test-oracle
iemocap4,forward_zero,66,0.0,0.8545829400064047,46,100,true,per-rate-test-oracle
iemocap4,forward_zero,66,0.1,0.8421494355260087,97,100,true,per-rate-test-oracle
iemocap4,forward_zero,66,0.2,0.8440316855224774,64,100,true,per-rate-test-oracle
iemocap4,forward_zero,66,0.3,0.8230557935273035,97,100,true,per-rate-test-oracle
iemocap4,forward_zero,66,0.4,0.8179243808659986,69,100,true,per-rate-test-oracle
iemocap4,forward_zero,66,0.5,0.8122800024108329,36,100,true,per-rate-test-oracle
iemocap4,forward_zero,66,0.6,0.8055820026363931,33,100,true,per-rate-test-oracle
iemocap4,forward_zero,66,0.7,0.8044359070118178,51,100,true,per-rate-test-oracle
iemocap4,forward_zero,67,0.0,0.8467966113486622,31,100,true,per-rate-test-oracle
iemocap4,forward_zero,67,0.1,0.8450745181315598,69,100,true,per-rate-test-oracle
iemocap4,forward_zero,67,0.2,0.8202760671219135,44,100,true,per-rate-test-oracle
iemocap4,forward_zero,67,0.3,0.8197877493862005,54,100,true,per-rate-test-oracle
iemocap4,forward_zero,67,0.4,0.8119290620309728,33,100,true,per-rate-test-oracle
iemocap4,forward_zero,67,0.5,0.8051429177330057,33,100,true,per-rate-test-oracle
iemocap4,forward_zero,67,0.6,0.8051372161691793,32,100,true,per-rate-test-oracle
iemocap4,forward_zero,67,0.7,0.7812497869416448,60,100,true,per-rate-test-oracle
iemocap4,forward_zero,68,0.0,0.8505238739937976,38,100,true,per-rate-test-oracle
iemocap4,forward_zero,68,0.1,0.8439417711804842,38,100,true,per-rate-test-oracle
iemocap4,forward_zero,68,0.2,0.8342459623790567,31,100,true,per-rate-test-oracle
iemocap4,forward_zero,68,0.3,0.8179398839624563,25,100,true,per-rate-test-oracle
iemocap4,forward_zero,68,0.4,0.8117595642539303,28,100,true,per-rate-test-oracle
iemocap4,forward_zero,68,0.5,0.7972917852878723,51,100,true,per-rate-test-oracle
iemocap4,forward_zero,68,0.6,0.7909822258458935,57,100,true,per-rate-test-oracle
iemocap4,forward_zero,68,0.7,0.7953989763596584,97,100,true,per-rate-test-oracle
iemocap4,forward_zero,69,0.0,0.8402846788891568,30,100,true,per-rate-test-oracle
iemocap4,forward_zero,69,0.1,0.8322346442193946,44,100,true,per-rate-test-oracle
iemocap4,forward_zero,69,0.2,0.823250921596182,26,100,true,per-rate-test-oracle
iemocap4,forward_zero,69,0.3,0.8182524477117213,30,100,true,per-rate-test-oracle
iemocap4,forward_zero,69,0.4,0.8139799437241981,49,100,true,per-rate-test-oracle
iemocap4,forward_zero,69,0.5,0.8037673962777395,39,100,true,per-rate-test-oracle
iemocap4,forward_zero,69,0.6,0.8019040125272732,36,100,true,per-rate-test-oracle
iemocap4,forward_zero,69,0.7,0.7858908996946108,44,100,true,per-rate-test-oracle
iemocap4,forward_zero,70,0.0,0.8487885254078809,48,100,true,per-rate-test-oracle
iemocap4,forward_zero,70,0.1,0.8419318815887809,64,100,true,per-rate-test-oracle
iemocap4,forward_zero,70,0.2,0.837460860079102,51,100,true,per-rate-test-oracle
iemocap4,forward_zero,70,0.3,0.8301643464268517,64,100,true,per-rate-test-oracle
iemocap4,forward_zero,70,0.4,0.8349393120753913,64,100,true,per-rate-test-oracle
iemocap4,forward_zero,70,0.5,0.8159117239494522,64,100,true,per-rate-test-oracle
iemocap4,forward_zero,70,0.6,0.8111522844136461,64,100,true,per-rate-test-oracle
iemocap4,forward_zero,70,0.7,0.7914557993276369,64,100,true,per-rate-test-oracle
iemocap4,forward_reuse,66,0.0,0.8431203185228036,38,100,true,per-rate-test-oracle
iemocap4,forward_reuse,66,0.1,0.8474457612294815,38,100,true,per-rate-test-oracle
iemocap4,forward_reuse,66,0.2,0.8306343438304329,35,100,true,per-rate-test-oracle
iemocap4,forward_reuse,66,0.3,0.8265946138100663,46,100,true,per-rate-test-oracle
iemocap4,forward_reuse,66,0.4,0.8145177777922732,38,100,true,per-rate-test-oracle
iemocap4,forward_reuse,66,0.5,0.8098889183069337,35,100,true,per-rate-test-oracle
iemocap4,forward_reuse,66,0.6,0.797414928938616,46,100,true,per-rate-test-oracle
iemocap4,forward_reuse,66,0.7,0.7862734253568172,46,100,true,per-rate-test-oracle
iemocap4,forward_reuse,67,0.0,0.8399743424635263,41,100,true,per-rate-test-oracle
iemocap4,forward_reuse,67,0.1,0.8400220021546668,41,100,true,per-rate-test-oracle
iemocap4,forward_reuse,67,0.2,0.8191053245226109,25,100,true,per-rate-test-oracle
iemocap4,forward_reuse,67,0.3,0.8224733599985734,62,100,true,per-rate-test-oracle
iemocap4,forward_reuse,67,0.4,0.8066105043228997,85,100,true,per-rate-test-oracle
iemocap4,forward_reuse,67,0.5,0.8036171287696893,42,100,true,per-rate-test-oracle
iemocap4,forward_reuse,67,0.6,0.7939396805910776,85,100,true,per-rate-test-oracle
iemocap4,forward_reuse,67,0.7,0.7845658836174247,61,100,true,per-rate-test-oracle
iemocap4,forward_reuse,68,0.0,0.8391675227256067,39,100,true,per-rate-test-oracle
iemocap4,forward_reuse,68,0.1,0.8367570638163481,67,100,true,per-rate-test-oracle
iemocap4,forward_reuse,68,0.2,0.829137159879388,67,100,true,per-rate-test-oracle
iemocap4,forward_reuse,68,0.3,0.8251652827138595,67,100,true,per-rate-test-oracle
iemocap4,forward_reuse,68,0.4,0.803273656677538,33,100,true,per-rate-test-oracle
iemocap4,forward_reuse,68,0.5,0.802573429936329,57,100,true,per-rate-test-oracle
iemocap4,forward_reuse,68,0.6,0.800541309726909,67,100,true,per-rate-test-oracle
iemocap4,forward_reuse,68,0.7,0.7860548420570793,99,100,true,per-rate-test-oracle
iemocap4,forward_reuse,69,0.0,0.840976369972705,29,100,true,per-rate-test-oracle
iemocap4,forward_reuse,69,0.1,0.8334385918489218,43,100,true,per-rate-test-oracle
iemocap4,forward_reuse,69,0.2,0.8366013375364698,38,100,true,per-rate-test-oracle
iemocap4,forward_reuse,69,0.3,0.8248621686236605,44,100,true,per-rate-test-oracle
iemocap4,forward_reuse,69,0.4,0.8186789975934432,54,100,true,per-rate-test-oracle
iemocap4,forward_reuse,69,0.5,0.8170505808687517,54,100,true,per-rate-test-oracle
iemocap4,forward_reuse,69,0.6,0.8095266771261352,38,100,true,per-rate-test-oracle
iemocap4,forward_reuse,69,0.7,0.7983599445087973,38,100,true,per-rate-test-oracle
iemocap4,forward_reuse,70,0.0,0.8429033553575849,63,100,true,per-rate-test-oracle
iemocap4,forward_reuse,70,0.1,0.8363949249521018,38,100,true,per-rate-test-oracle
iemocap4,forward_reuse,70,0.2,0.8325303245342873,52,100,true,per-rate-test-oracle
iemocap4,forward_reuse,70,0.3,0.8199779438938508,38,100,true,per-rate-test-oracle
iemocap4,forward_reuse,70,0.4,0.8112136239923439,38,100,true,per-rate-test-oracle
iemocap4,forward_reuse,70,0.5,0.8026998488611088,52,100,true,per-rate-test-oracle
iemocap4,forward_reuse,70,0.6,0.7976568283224774,44,100,true,per-rate-test-oracle
iemocap4,forward_reuse,70,0.7,0.7898631526528017,58,100,true,per-rate-test-oracle
iemocap6,bidirectional,66,0.0,0.6687022623113009,27,100,true,per-rate-test-oracle
iemocap6,bidirectional,66,0.1,0.6603704407731815,37,100,true,per-rate-test-oracle
iemocap6,bidirectional,66,0.2,0.6460552967136554,54,100,true,per-rate-test-oracle
iemocap6,bidirectional,66,0.3,0.6625470458718119,53,100,true,per-rate-test-oracle
iemocap6,bidirectional,66,0.4,0.6474772917930743,54,100,true,per-rate-test-oracle
iemocap6,bidirectional,66,0.5,0.6428327292403122,40,100,true,per-rate-test-oracle
iemocap6,bidirectional,66,0.6,0.6344014283761261,53,100,true,per-rate-test-oracle
iemocap6,bidirectional,66,0.7,0.6275321323071227,49,100,true,per-rate-test-oracle
iemocap6,bidirectional,67,0.0,0.6663459040232467,42,100,true,per-rate-test-oracle
iemocap6,bidirectional,67,0.1,0.657486350506953,44,100,true,per-rate-test-oracle
iemocap6,bidirectional,67,0.2,0.6633926954612599,42,100,true,per-rate-test-oracle
iemocap6,bidirectional,67,0.3,0.6444402301833434,42,100,true,per-rate-test-oracle
iemocap6,bidirectional,67,0.4,0.6503338456635898,42,100,true,per-rate-test-oracle
iemocap6,bidirectional,67,0.5,0.6247065273882931,42,100,true,per-rate-test-oracle
iemocap6,bidirectional,67,0.6,0.6470495171030892,44,100,true,per-rate-test-oracle
iemocap6,bidirectional,67,0.7,0.6225603487452404,57,100,true,per-rate-test-oracle
iemocap6,bidirectional,68,0.0,0.6681244960196657,54,100,true,per-rate-test-oracle
iemocap6,bidirectional,68,0.1,0.6577362491806642,46,100,true,per-rate-test-oracle
iemocap6,bidirectional,68,0.2,0.6514261416102265,63,100,true,per-rate-test-oracle
iemocap6,bidirectional,68,0.3,0.6421297034166653,54,100,true,per-rate-test-oracle
iemocap6,bidirectional,68,0.4,0.6432316573657212,45,100,true,per-rate-test-oracle
iemocap6,bidirectional,68,0.5,0.6266114753119408,54,100,true,per-rate-test-oracle
iemocap6,bidirectional,68,0.6,0.6165772418193912,77,100,true,per-rate-test-oracle
iemocap6,bidirectional,68,0.7,0.6306016414048656,63,100,true,per-rate-test-oracle
iemocap6,bidirectional,69,0.0,0.6653480881410692,45,100,true,per-rate-test-oracle
iemocap6,bidirectional,69,0.1,0.6611681832586128,45,100,true,per-rate-test-oracle
iemocap6,bidirectional,69,0.2,0.6560318151582598,45,100,true,per-rate-test-oracle
iemocap6,bidirectional,69,0.3,0.643831314563535,45,100,true,per-rate-test-oracle
iemocap6,bidirectional,69,0.4,0.6527184054931015,45,100,true,per-rate-test-oracle
iemocap6,bidirectional,69,0.5,0.6473796012973861,91,100,true,per-rate-test-oracle
iemocap6,bidirectional,69,0.6,0.6352705143876671,41,100,true,per-rate-test-oracle
iemocap6,bidirectional,69,0.7,0.6262503861875962,49,100,true,per-rate-test-oracle
iemocap6,bidirectional,70,0.0,0.6871847625128924,33,100,true,per-rate-test-oracle
iemocap6,bidirectional,70,0.1,0.6846146469096323,37,100,true,per-rate-test-oracle
iemocap6,bidirectional,70,0.2,0.6605018344111024,37,100,true,per-rate-test-oracle
iemocap6,bidirectional,70,0.3,0.6614632118706977,35,100,true,per-rate-test-oracle
iemocap6,bidirectional,70,0.4,0.6617568733475236,35,100,true,per-rate-test-oracle
iemocap6,bidirectional,70,0.5,0.6503015181373977,37,100,true,per-rate-test-oracle
iemocap6,bidirectional,70,0.6,0.6237617634759751,37,100,true,per-rate-test-oracle
iemocap6,bidirectional,70,0.7,0.631822449091085,31,100,true,per-rate-test-oracle
iemocap6,forward_zero,66,0.0,0.6641327307053256,42,100,true,per-rate-test-oracle
iemocap6,forward_zero,66,0.1,0.6562357052652318,37,100,true,per-rate-test-oracle
iemocap6,forward_zero,66,0.2,0.6487484054674255,42,100,true,per-rate-test-oracle
iemocap6,forward_zero,66,0.3,0.6380206985887281,51,100,true,per-rate-test-oracle
iemocap6,forward_zero,66,0.4,0.6564644027232385,42,100,true,per-rate-test-oracle
iemocap6,forward_zero,66,0.5,0.6265645016597804,46,100,true,per-rate-test-oracle
iemocap6,forward_zero,66,0.6,0.6182322708714411,41,100,true,per-rate-test-oracle
iemocap6,forward_zero,66,0.7,0.6071813586406805,46,100,true,per-rate-test-oracle
iemocap6,forward_zero,67,0.0,0.6683577010465704,40,100,true,per-rate-test-oracle
iemocap6,forward_zero,67,0.1,0.6553202891443943,38,100,true,per-rate-test-oracle
iemocap6,forward_zero,67,0.2,0.6475325356824164,40,100,true,per-rate-test-oracle
iemocap6,forward_zero,67,0.3,0.6557373802041229,34,100,true,per-rate-test-oracle
iemocap6,forward_zero,67,0.4,0.6240929754844893,38,100,true,per-rate-test-oracle
iemocap6,forward_zero,67,0.5,0.6198637260033367,38,100,true,per-rate-test-oracle
iemocap6,forward_zero,67,0.6,0.6156898246163303,38,100,true,per-rate-test-oracle
iemocap6,forward_zero,67,0.7,0.591830357825896,37,100,true,per-rate-test-oracle
iemocap6,forward_zero,68,0.0,0.6621896660103038,61,100,true,per-rate-test-oracle
iemocap6,forward_zero,68,0.1,0.6587855137271668,46,100,true,per-rate-test-oracle
iemocap6,forward_zero,68,0.2,0.653195770837982,37,100,true,per-rate-test-oracle
iemocap6,forward_zero,68,0.3,0.6388063008733147,61,100,true,per-rate-test-oracle
iemocap6,forward_zero,68,0.4,0.6377741963567208,37,100,true,per-rate-test-oracle
iemocap6,forward_zero,68,0.5,0.6228547040617846,33,100,true,per-rate-test-oracle
iemocap6,forward_zero,68,0.6,0.5984344894699278,79,100,true,per-rate-test-oracle
iemocap6,forward_zero,68,0.7,0.6016844757051721,62,100,true,per-rate-test-oracle
iemocap6,forward_zero,69,0.0,0.6585851465286859,41,100,true,per-rate-test-oracle
iemocap6,forward_zero,69,0.1,0.6529002092607201,34,100,true,per-rate-test-oracle
iemocap6,forward_zero,69,0.2,0.654087255383477,41,100,true,per-rate-test-oracle
iemocap6,forward_zero,69,0.3,0.6285308763458768,80,100,true,per-rate-test-oracle
iemocap6,forward_zero,69,0.4,0.6227067213551196,87,100,true,per-rate-test-oracle
iemocap6,forward_zero,69,0.5,0.6154448048174488,34,100,true,per-rate-test-oracle
iemocap6,forward_zero,69,0.6,0.6026090029340387,41,100,true,per-rate-test-oracle
iemocap6,forward_zero,69,0.7,0.5913719421465947,91,100,true,per-rate-test-oracle
iemocap6,forward_zero,70,0.0,0.6679012084923018,46,100,true,per-rate-test-oracle
iemocap6,forward_zero,70,0.1,0.6588132747806215,31,100,true,per-rate-test-oracle
iemocap6,forward_zero,70,0.2,0.6458266611739846,52,100,true,per-rate-test-oracle
iemocap6,forward_zero,70,0.3,0.6335098609815105,39,100,true,per-rate-test-oracle
iemocap6,forward_zero,70,0.4,0.6405933644133608,42,100,true,per-rate-test-oracle
iemocap6,forward_zero,70,0.5,0.6131234039464707,42,100,true,per-rate-test-oracle
iemocap6,forward_zero,70,0.6,0.620107612747097,52,100,true,per-rate-test-oracle
iemocap6,forward_zero,70,0.7,0.5936398425275631,42,100,true,per-rate-test-oracle
iemocap6,forward_reuse,66,0.0,0.6675467291572781,26,56,false,per-rate-test-oracle
iemocap6,forward_reuse,66,0.1,0.6558424345332845,32,56,false,per-rate-test-oracle
iemocap6,forward_reuse,66,0.2,0.6426043317581854,43,56,false,per-rate-test-oracle
iemocap6,forward_reuse,66,0.3,0.6449351062271167,41,56,false,per-rate-test-oracle
iemocap6,forward_reuse,66,0.4,0.6314698802522563,43,56,false,per-rate-test-oracle
iemocap6,forward_reuse,66,0.5,0.6163386335913622,40,56,false,per-rate-test-oracle
iemocap6,forward_reuse,66,0.6,0.6220840889849423,41,56,false,per-rate-test-oracle
iemocap6,forward_reuse,66,0.7,0.6043815548631452,36,56,false,per-rate-test-oracle
iemocap6,forward_reuse,67,0.0,0.6535500439646883,31,55,false,per-rate-test-oracle
iemocap6,forward_reuse,67,0.1,0.6396007731288235,44,55,false,per-rate-test-oracle
iemocap6,forward_reuse,67,0.2,0.6377836961647372,49,55,false,per-rate-test-oracle
iemocap6,forward_reuse,67,0.3,0.6351916957155509,29,55,false,per-rate-test-oracle
iemocap6,forward_reuse,67,0.4,0.6131158993539791,29,55,false,per-rate-test-oracle
iemocap6,forward_reuse,67,0.5,0.6094429223620035,42,55,false,per-rate-test-oracle
iemocap6,forward_reuse,67,0.6,0.6046189879774346,51,55,false,per-rate-test-oracle
iemocap6,forward_reuse,67,0.7,0.5875494685654694,44,55,false,per-rate-test-oracle
iemocap6,forward_reuse,68,0.0,0.650012029143968,31,54,false,per-rate-test-oracle
iemocap6,forward_reuse,68,0.1,0.6433558696645815,40,54,false,per-rate-test-oracle
iemocap6,forward_reuse,68,0.2,0.6392677461989423,40,54,false,per-rate-test-oracle
iemocap6,forward_reuse,68,0.3,0.6111671184459742,38,54,false,per-rate-test-oracle
iemocap6,forward_reuse,68,0.4,0.619021958303994,45,54,false,per-rate-test-oracle
iemocap6,forward_reuse,68,0.5,0.6258111229905388,40,54,false,per-rate-test-oracle
iemocap6,forward_reuse,68,0.6,0.5909128941842443,45,54,false,per-rate-test-oracle
iemocap6,forward_reuse,68,0.7,0.5905296271129372,34,54,false,per-rate-test-oracle
iemocap6,forward_reuse,69,0.0,0.6739862264268183,47,99,false,per-rate-test-oracle
iemocap6,forward_reuse,69,0.1,0.6673292784633008,66,99,false,per-rate-test-oracle
iemocap6,forward_reuse,69,0.2,0.6558339218702147,47,99,false,per-rate-test-oracle
iemocap6,forward_reuse,69,0.3,0.6300789078918494,43,99,false,per-rate-test-oracle
iemocap6,forward_reuse,69,0.4,0.6469963128605183,39,99,false,per-rate-test-oracle
iemocap6,forward_reuse,69,0.5,0.634268598239358,43,99,false,per-rate-test-oracle
iemocap6,forward_reuse,69,0.6,0.6036995929054345,66,99,false,per-rate-test-oracle
iemocap6,forward_reuse,69,0.7,0.5749146305152704,36,99,false,per-rate-test-oracle
iemocap6,forward_reuse,70,0.0,0.6590121381343318,31,99,false,per-rate-test-oracle
iemocap6,forward_reuse,70,0.1,0.6567268357105999,31,99,false,per-rate-test-oracle
iemocap6,forward_reuse,70,0.2,0.6530316476912542,31,99,false,per-rate-test-oracle
iemocap6,forward_reuse,70,0.3,0.64140397493187,31,99,false,per-rate-test-oracle
iemocap6,forward_reuse,70,0.4,0.6329530117829495,30,99,false,per-rate-test-oracle
iemocap6,forward_reuse,70,0.5,0.6019678848550535,31,99,false,per-rate-test-oracle
iemocap6,forward_reuse,70,0.6,0.5955860495454333,34,99,false,per-rate-test-oracle
iemocap6,forward_reuse,70,0.7,0.5938831574498632,34,99,false,per-rate-test-oracle
