relative_path,bytes,sha256
iemocap4/seed66/rate0.1_fixed0.0_observed_fit.jsonl.gz,378519,03c030fa8be289415557b98c763ff7b57b73649c1cac16d1598a1b236bb28d41
iemocap4/seed66/rate0.1_fixed0.0_retention.jsonl.gz,80207,c4a08891ece6491d329c9b9182ef055c5850f45d6bb0cec85a653eba195d5eac
iemocap4/seed66/rate0.1_fixed0.0_writes.jsonl.gz,284041,6a12bb65e49c6c0e5a6217c42cd7e592c020193ac651da1ec9e885b2db6fd27e
iemocap4/seed66/rate0.1_fixed0.2_observed_fit.jsonl.gz,1258848,ff343d757a90e71461d6355f54cac3aebcbbd2fddba4e887c9c2e8edb91ea62b
iemocap4/seed66/rate0.1_fixed0.2_retention.jsonl.gz,419729,00ac29fb16a0b70063e43f95950c59a2b38a6664e4773c97bcb59c68da1af99c
iemocap4/seed66/rate0.1_fixed0.2_writes.jsonl.gz,402478,087864db0c3309c2c263124cc45aa416bdc92a2d1b40d27997881c77f8bd4cb7
iemocap4/seed66/rate0.1_fixed0.4_observed_fit.jsonl.gz,1266429,0942985d766bc53795e48f7749779d735a52a3127d107704098c5beefb760afa
iemocap4/seed66/rate0.1_fixed0.4_retention.jsonl.gz,418869,d9e616954d4b52537f1907304ea763214573fa98e570685503560fef8d25634d
iemocap4/seed66/rate0.1_fixed0.4_writes.jsonl.gz,403335,dbc47fe700920e66a21e23c765766456bab5c701bfbf8094fdba03b4db860ad5
iemocap4/seed66/rate0.1_fixed0.6_observed_fit.jsonl.gz,1269060,8a25e0c7ebac214b6826afac0ead962239fd8188ca4a65cffba6050c87966552
iemocap4/seed66/rate0.1_fixed0.6_retention.jsonl.gz,417910,bc9a36f18211c42c23cac2e45c1240f01edf06e64b878c270d77bcb8856ad0c1
iemocap4/seed66/rate0.1_fixed0.6_writes.jsonl.gz,403175,5cb27e550154880db330f6a19582306c33a00f12067111da0b7629a2d6b35401
iemocap4/seed66/rate0.3_fixed0.0_observed_fit.jsonl.gz,300929,bd6a7fc697164383ccac52f727bb3f21eaaddd39a3d9632f7555850961d19851
iemocap4/seed66/rate0.3_fixed0.0_retention.jsonl.gz,209571,e19a729f5dc2ae022401c8a4adaa79e3624db07500b79393de5f1ca5f6d7752e
iemocap4/seed66/rate0.3_fixed0.0_writes.jsonl.gz,365520,38ff5a0302379517e7fd7f850dffd617355087d2009a7ecc55858183e347f585
iemocap4/seed66/rate0.3_fixed0.2_observed_fit.jsonl.gz,994211,6fd3fbd355973eafd1ed0e9fff5b84772f2df3fed13a7cc2ae6daa9c3d5c6ff5
iemocap4/seed66/rate0.3_fixed0.2_retention.jsonl.gz,1173365,f28fbb957a8f2d55969b94509a66833902923969b51c57f873b0ad2fcd8f0597
iemocap4/seed66/rate0.3_fixed0.2_writes.jsonl.gz,480587,87395aca540cb739deafad7b3a021e854fd7e496443ebf1fdbd244ffe0337d07
iemocap4/seed66/rate0.3_fixed0.4_observed_fit.jsonl.gz,1001393,f37e626277b01f9cb5c13f1c1104e84f69071a8085ddd774b930c8e2e0705cc9
iemocap4/seed66/rate0.3_fixed0.4_retention.jsonl.gz,1172287,f099f84ad1d82acbbca3bc8cd950109faa0f5fb945a596ff35f361b8ff07662f
iemocap4/seed66/rate0.3_fixed0.4_writes.jsonl.gz,481053,5f68387916f821d00f0dd0dc74f4f8a58479934bb99a52889c3cf2fce140a176
iemocap4/seed66/rate0.3_fixed0.6_observed_fit.jsonl.gz,1003585,3c6bc1bcdf310a8ed0f68ccdcca8da55128cce24fa09e46f3781943e66ff15d4
iemocap4/seed66/rate0.3_fixed0.6_retention.jsonl.gz,1169763,39c3962fd47441d9c792d78079c99c7882c7da5dc8511060946e9517d1b4beec
iemocap4/seed66/rate0.3_fixed0.6_writes.jsonl.gz,481781,1ed5eb9ebb9f5033cb2e638ae178b817b9b2a10c28c0e4529f7ea15504aa4b26
iemocap4/seed66/rate0.5_fixed0.0_observed_fit.jsonl.gz,227261,429ef3ec0a6d9b9c902f395c02950804cbe53f0751d8107d9514cda43fe92a0a
iemocap4/seed66/rate0.5_fixed0.0_retention.jsonl.gz,298804,123f8317594a9febfa056f2461ffc689aac2240dba1c37db2640500b53a22ef3
iemocap4/seed66/rate0.5_fixed0.0_writes.jsonl.gz,405395,55d6ca8c6cb85ac8b91dadfd12fce8a110f346eedcb5c6f34dddd873396f98b3
iemocap4/seed66/rate0.5_fixed0.2_observed_fit.jsonl.gz,761479,693f9ee600a96d60bf559725d62f27341763c2b81d214e126c8604c0df0df507
iemocap4/seed66/rate0.5_fixed0.2_retention.jsonl.gz,1776072,8922cdb4c71eb6b6d412476d274bb0ea942a02ef751a19a5f2089d82d84beab9
iemocap4/seed66/rate0.5_fixed0.2_writes.jsonl.gz,516333,76d97dc6ec6b2651f371326d1d8cfbc7e8bb8ee0696c58c6027947369f49dfa8
iemocap4/seed66/rate0.5_fixed0.4_observed_fit.jsonl.gz,767722,bd4470ebad02537a883ee27c0f0d1911f3fc88a1b0ba7a1cadec861db44a2987
iemocap4/seed66/rate0.5_fixed0.4_retention.jsonl.gz,1773733,74f4f38857ef1885a8589204f923451c1c20551e5d28b092b34bf63c97bb0aba
iemocap4/seed66/rate0.5_fixed0.4_writes.jsonl.gz,518543,2f26076551198464b750849b37948ed88e6531736929156c6f0bfb2d4194085d
iemocap4/seed66/rate0.5_fixed0.6_observed_fit.jsonl.gz,770134,41594a8a6e5db97e0fdeb19be53c850fed6da790d9c433615ee7e73605700a47
iemocap4/seed66/rate0.5_fixed0.6_retention.jsonl.gz,1772818,4f1b7fe4d86b6760aa1ccbbc24395464efd007661424fc3d25055d952b9f8c17
iemocap4/seed66/rate0.5_fixed0.6_writes.jsonl.gz,519069,7302cf0e8cad3237be11fe8531819a7cb2c6e0b3434c8c3ed84d8c11a15d2195
iemocap4/seed66/rate0.7_fixed0.0_observed_fit.jsonl.gz,170492,23335d7d4bb914c6a6b28b68430a8d70e7ba0c1c024b60160aa3f363b72c6aa0
iemocap4/seed66/rate0.7_fixed0.0_retention.jsonl.gz,352943,a5465c4702ab6df6fdfbcdce8bdf3e0908f573b78ae217e061ab2dfbc5e60d6c
iemocap4/seed66/rate0.7_fixed0.0_writes.jsonl.gz,422400,dc8cf4ba27ea30102dc587ec838cf3b8f1e3040e9db8c85a6932aff4f3bc2e0d
iemocap4/seed66/rate0.7_fixed0.2_observed_fit.jsonl.gz,591657,18a352cfd63d82833428ae8f7b7f891c5a33357b694831536fdec3ffef5b171f
iemocap4/seed66/rate0.7_fixed0.2_retention.jsonl.gz,2192651,6b7207c5dfdad56572c86c81e7526cc2a8198ff851eb2289795ca1f48c1f4c2e
iemocap4/seed66/rate0.7_fixed0.2_writes.jsonl.gz,530866,3689d1d7ce4fcd1051e348dac27dc26caccd3bf6e0e9ba49bacd7f905f571364
iemocap4/seed66/rate0.7_fixed0.4_observed_fit.jsonl.gz,596873,b0f4749be619bb625d7064d25851cdd37080071b85a27594178847572f177b53
iemocap4/seed66/rate0.7_fixed0.4_retention.jsonl.gz,2190298,8ecd99e0691219b5419696d60ec81b6fbcd3fc2a195b9d9bb1e87f10157361fc
iemocap4/seed66/rate0.7_fixed0.4_writes.jsonl.gz,533270,6760f250097e9d3b65e9cc48fd7766beb44fa9043df4aab67ebdfd88efdef5da
iemocap4/seed66/rate0.7_fixed0.6_observed_fit.jsonl.gz,599051,28f860bf0d06ef50f771ac84769c81a4bdba0a513c9d46345f54925eb80afac0
iemocap4/seed66/rate0.7_fixed0.6_retention.jsonl.gz,2190337,460da7499b2cbc290d6ffe756253ae56b22af30278976a1e2c51a9954a80fb30
iemocap4/seed66/rate0.7_fixed0.6_writes.jsonl.gz,533874,56fa686d6d9e22fee7f42525b6ebbaf615b437ef964f6242c1c0b689bcd23e45
iemocap4/seed66/rate0_fixed0.0_observed_fit.jsonl.gz,416193,88c9471d9f0c6919644175e5a982bb449f893d625df0e4851165c571dac48527
iemocap4/seed66/rate0_fixed0.0_retention.jsonl.gz,56,94ef3247e6e1cf6c760f58c69fe5f93866a260a58b83abfcceef4e1faeed6238
iemocap4/seed66/rate0_fixed0.0_writes.jsonl.gz,216239,0f88d20f632e323366fde85356977eedf3bdbe5a181e9a605b15f7bf3ee79028
iemocap4/seed66/rate0_fixed0.2_observed_fit.jsonl.gz,1397506,b4b65df90bf5a14578343a1acd673b8b3e8b7f0060897fa2c8d5ec5311c7d811
iemocap4/seed66/rate0_fixed0.2_retention.jsonl.gz,56,0d0667c65977fcd8d6b0e092780bc0e29acc6404a000ec132d7d6c2946ed52ea
iemocap4/seed66/rate0_fixed0.2_writes.jsonl.gz,337376,b62937ee125221ccd74d78f48f2cb551c246b5258e77db176584a47fd53111bd
iemocap4/seed66/rate0_fixed0.4_observed_fit.jsonl.gz,1405209,9908367ffcc22e184862f3368da2da51b8f33528be4b58724eb4ac1666022570
iemocap4/seed66/rate0_fixed0.4_retention.jsonl.gz,56,5ff747c95f8f3df0924763bcbd1459850e9a9f2ecc73c2cb2e15eaebc3030b32
iemocap4/seed66/rate0_fixed0.4_writes.jsonl.gz,338089,06fc36f155df672bc8c1d6edd58f71b4f160a187873d317a411a3304deae50fb
iemocap4/seed66/rate0_fixed0.6_observed_fit.jsonl.gz,1407966,81e5193cbbaf202896b4f2a5352c9d3c1a4a1b0ee2db0facf783b6101879811a
iemocap4/seed66/rate0_fixed0.6_retention.jsonl.gz,56,30ce05f2c631003ea584f62c660700c435e47d8e74a2c51e7aba5cfe838d0196
iemocap4/seed66/rate0_fixed0.6_writes.jsonl.gz,338346,643cf6832f1787b9810f09ab72d95559fae10c4a710efb7fc8525075e1e248c8
iemocap4/seed67/rate0.1_fixed0.0_observed_fit.jsonl.gz,382089,f7c50ca6abba3b3ee37d4c81c0f4996e153a4fa1e83c5ecc6aa826f7a348b5a8
iemocap4/seed67/rate0.1_fixed0.0_retention.jsonl.gz,70795,5391cf998a24c1e9998bcf09c65e82834187d4c9e6fc422ad295ef515d55dbf8
iemocap4/seed67/rate0.1_fixed0.0_writes.jsonl.gz,276638,3e0f831a22625a450576dd0d3e1ab7eefae12c7de509873ee199ca0352c2cdd1
iemocap4/seed67/rate0.1_fixed0.2_observed_fit.jsonl.gz,1271656,e360b91acab1d8c1837d1ade2a62814b4f2944d1f7b7cf91d78376ff54215723
iemocap4/seed67/rate0.1_fixed0.2_retention.jsonl.gz,367141,ced27279c8a6664208bfa3c5d9671e78f0cc4c660a62980f7764721ab2feda6a
iemocap4/seed67/rate0.1_fixed0.2_writes.jsonl.gz,395158,bc239924e9e8c5ab6b7c234069170875697bafa5aab608f3589dcc7d4cd2e841
iemocap4/seed67/rate0.1_fixed0.4_observed_fit.jsonl.gz,1279756,30eb6a5e6a156c0628a80a63c654aae3a514c91bf8667d2646ed6bcd234dcfe1
iemocap4/seed67/rate0.1_fixed0.4_retention.jsonl.gz,366710,86f914e674437e79b75deebe703c916a8e791c00b3d32fdbc960348c3c71bd7b
iemocap4/seed67/rate0.1_fixed0.4_writes.jsonl.gz,395885,a4d1d61621d704902cabaffe4194ecdc616f52f142dd9e5afc98aeae92eae249
iemocap4/seed67/rate0.1_fixed0.6_observed_fit.jsonl.gz,1282589,a5a7dd0e439e6c41a7ad8636fd4358f4fe889f389d7ed5de1860cddd9d4240fe
iemocap4/seed67/rate0.1_fixed0.6_retention.jsonl.gz,366066,34d3cc06064d160887252a5ab354456626b861796f84d7ea2b73b35fd597ea59
iemocap4/seed67/rate0.1_fixed0.6_writes.jsonl.gz,395224,f5ef28d8d15441a7f53eed00ade6d1b3b525fbf4c741d15e981ee2aa3e65466f
iemocap4/seed67/rate0.3_fixed0.0_observed_fit.jsonl.gz,303864,d019ec2c83f4c75cd062589b66ca3f5b18cde76f552dcdc81574ee4efc26d9c3
iemocap4/seed67/rate0.3_fixed0.0_retention.jsonl.gz,200853,ad24e5cd67eacfc57daf88c4a37979917f7e709d2c286692b07b09a225d834dc
iemocap4/seed67/rate0.3_fixed0.0_writes.jsonl.gz,359644,c6fbc566042f2f147cd1df2d6746d8c792e20cbfcfdb64ea9a2a27005e83a6ab
iemocap4/seed67/rate0.3_fixed0.2_observed_fit.jsonl.gz,1003799,c21f3357e373bc1c92b65efc8a8b475a90662822faca340c34e880c7de2f23da
iemocap4/seed67/rate0.3_fixed0.2_retention.jsonl.gz,1126606,b2881fa237262c12d293c1545c034bc0d740764d0ba7c804658505c7c0072044
iemocap4/seed67/rate0.3_fixed0.2_writes.jsonl.gz,473329,2febe07ce40a5a0d5308d308226e6a9fa3ab8d82ca858a25ebe6b76d84a6aea8
iemocap4/seed67/rate0.3_fixed0.4_observed_fit.jsonl.gz,1010618,1cb5a03ae9efaca88fc0124bdba55eb824ea50c82ff487746bc338412964f825
iemocap4/seed67/rate0.3_fixed0.4_retention.jsonl.gz,1124884,c4c15f5eee296d8a9bc3b71db15513a50b40ba0396e3f893929e4cc452b714a4
iemocap4/seed67/rate0.3_fixed0.4_writes.jsonl.gz,474400,95a0ee3628a8d45028f70dcf3ebd7a47f4b62c06de483050c76923cf06638400
iemocap4/seed67/rate0.3_fixed0.6_observed_fit.jsonl.gz,1013715,4ec9530e979efa7ece29364a346383c23b6059a61cdea4af9a0cf6e4400cd610
iemocap4/seed67/rate0.3_fixed0.6_retention.jsonl.gz,1123136,2841f39f5bfa6cf97498b2e73cc04e62f3d2f300346207258d302107533f0621
iemocap4/seed67/rate0.3_fixed0.6_writes.jsonl.gz,474846,9d62a0c6c721a26b8a7ef2a78803d62307c499e63a133d82cefb9427da623c3d
iemocap4/seed67/rate0.5_fixed0.0_observed_fit.jsonl.gz,232156,790cc6ff2803c973d9be5108a2c29cba989cae098add214e94314b8cbf02eeeb
iemocap4/seed67/rate0.5_fixed0.0_retention.jsonl.gz,296426,c445123ee1debad49f0c4228440db111f36a8ff23b6bfd45ebc50a7f8f706393
iemocap4/seed67/rate0.5_fixed0.0_writes.jsonl.gz,402928,57c72acf723b771c28757b14945175f1652d46dfbcbfb7ac8d24b34a98f36b6f
iemocap4/seed67/rate0.5_fixed0.2_observed_fit.jsonl.gz,773859,75ec485e00799db9e2b98cf1eec45a3855290a23ffe2eecf81795447e67a1c56
iemocap4/seed67/rate0.5_fixed0.2_retention.jsonl.gz,1758293,8c7333ffb4e2f91e6bab1c7233bd6a1a564826d5e2fba3bf71ba368561f1cdcb
iemocap4/seed67/rate0.5_fixed0.2_writes.jsonl.gz,513889,17fc2d26cd6b7415f6c1c7548872a357af3fe808c3cacbbf02e82ae0290757d8
iemocap4/seed67/rate0.5_fixed0.4_observed_fit.jsonl.gz,779854,f897df68b8d5076b7b78f1355e1cd7ea33ad8649474d6e02c36f8c41c0773072
iemocap4/seed67/rate0.5_fixed0.4_retention.jsonl.gz,1755321,0cdd7fb4da7115a8c0e4dfdb748598238363a88e2eac814d9c1b9211d6fc39ee
iemocap4/seed67/rate0.5_fixed0.4_writes.jsonl.gz,515099,5f27d1cb02c8bae68dc5caf82c0f6a7e5bc232965dfa63ab367e9adeb829579c
iemocap4/seed67/rate0.5_fixed0.6_observed_fit.jsonl.gz,782659,a04b52a35bdb3e48acebbade367af2fc9683bba53c3ddd1b58fad6e28e52c027
iemocap4/seed67/rate0.5_fixed0.6_retention.jsonl.gz,1754605,a63c00e5082d11ca88cb796f200ff86e6af7f96c22365ed426db5c4e365dd544
iemocap4/seed67/rate0.5_fixed0.6_writes.jsonl.gz,515584,1b818b26ac60482232af666584444760e21f9213a139d9e0ff32ed8b75e48046
iemocap4/seed67/rate0.7_fixed0.0_observed_fit.jsonl.gz,168380,2d3089f862e10e8074a3a3a723d916e265cca2bb75553593e832eed446e14034
iemocap4/seed67/rate0.7_fixed0.0_retention.jsonl.gz,356612,2b17f75e773dde94e6965fbd4e2893031316640468ed57572c2d8f2866f43396
iemocap4/seed67/rate0.7_fixed0.0_writes.jsonl.gz,422905,e0904b4096ee395848dd1665537ddd189f7a746c0c42baa661030bd4049d8956
iemocap4/seed67/rate0.7_fixed0.2_observed_fit.jsonl.gz,583129,60fb8053c31b799e0551bd9f935f583379b83b04005c5390c0637508d1a0e224
iemocap4/seed67/rate0.7_fixed0.2_retention.jsonl.gz,2211862,3c7a6fd2b532c07ec618ca7757b5196d4e2205ef0e0d3580eed61938b79a59ae
iemocap4/seed67/rate0.7_fixed0.2_writes.jsonl.gz,531530,866082e49da9ba9e17f2b00d149d041e0a2c0f53634e4a6f6bd2812b7950ad76
iemocap4/seed67/rate0.7_fixed0.4_observed_fit.jsonl.gz,588236,b3e6e19c2e610258c1519346643a564c096994ed628d668e52b1c379b1227c52
iemocap4/seed67/rate0.7_fixed0.4_retention.jsonl.gz,2209295,3103938f921f00415d8e95b14951458ef0b608e8cad7638448bd81e03cdae045
iemocap4/seed67/rate0.7_fixed0.4_writes.jsonl.gz,533050,09f3cc79e03d25753711c9da1978db66733b1c5c8d13fca27ed0472603ae1675
iemocap4/seed67/rate0.7_fixed0.6_observed_fit.jsonl.gz,590899,e5f56e3c5d2c1540315d627c8c8d135373836b2653546a038da1e5c84dbf56ce
iemocap4/seed67/rate0.7_fixed0.6_retention.jsonl.gz,2208411,96cf6742aed7fab2dbb1d0aae10e3573f880777d92fe96abb43255dcacf8efab
iemocap4/seed67/rate0.7_fixed0.6_writes.jsonl.gz,534158,9805dcae259e6003f0771c04aae90e5c4058c80f984143da67eef33a4c02960a
iemocap4/seed67/rate0_fixed0.0_observed_fit.jsonl.gz,414660,0cf1391bb82279cef4d7eaa7e560c222cc1d7011614be91a6fd0223d7173fbdf
iemocap4/seed67/rate0_fixed0.0_retention.jsonl.gz,56,436a8eb2e1a0b15ecd101c08a2d8bf9707524019a72de8bfd63126debd116927
iemocap4/seed67/rate0_fixed0.0_writes.jsonl.gz,215897,9f07310aeea38f1be86309bf7aa213d426a3ac1a60aced14faac5106321308ce
iemocap4/seed67/rate0_fixed0.2_observed_fit.jsonl.gz,1393219,5c92eea64e416353f0c68bd1af438638bc9996cb2d4869795115123b9411fe8b
iemocap4/seed67/rate0_fixed0.2_retention.jsonl.gz,56,0d0667c65977fcd8d6b0e092780bc0e29acc6404a000ec132d7d6c2946ed52ea
iemocap4/seed67/rate0_fixed0.2_writes.jsonl.gz,336483,8ef5851db27605fd33dd22e225a3ff62e002574163c9ef2250148250f952b89e
iemocap4/seed67/rate0_fixed0.4_observed_fit.jsonl.gz,1401943,4b5ce6ddf1d80deb6e1f0e30f07f142e0d6944d72a6692096f46180270c728d5
iemocap4/seed67/rate0_fixed0.4_retention.jsonl.gz,56,5ff747c95f8f3df0924763bcbd1459850e9a9f2ecc73c2cb2e15eaebc3030b32
iemocap4/seed67/rate0_fixed0.4_writes.jsonl.gz,337347,c88002a863df5ba43b740a4a135471feadba39c04e428f3fd8e188515fe79b55
iemocap4/seed67/rate0_fixed0.6_observed_fit.jsonl.gz,1404593,a473694570e250c16006c4a4711d30bf2cc7ee2255147ec8a6c4ad9cd755bff1
iemocap4/seed67/rate0_fixed0.6_retention.jsonl.gz,56,30ce05f2c631003ea584f62c660700c435e47d8e74a2c51e7aba5cfe838d0196
iemocap4/seed67/rate0_fixed0.6_writes.jsonl.gz,336731,2e72ce99472a9104b47c19614a4030521a2b61bd5eee155b75d7e6650ba1cece
iemocap4/seed68/rate0.1_fixed0.0_observed_fit.jsonl.gz,377654,0d7f8effc1d76dc13c259e643c0d23c984071ac24ea062b20dc9fb083447757e
iemocap4/seed68/rate0.1_fixed0.0_retention.jsonl.gz,80759,065c6f68acb715f8950b838831257657ced8a9b466c7bbe93924bd9f7af389f8
iemocap4/seed68/rate0.1_fixed0.0_writes.jsonl.gz,284190,e3a072e95e4780f746b6ab9b0653908dabac740ae0747e326f9105909ab7180f
iemocap4/seed68/rate0.1_fixed0.2_observed_fit.jsonl.gz,1254936,7eb29d0c85f1cdc510635bd4a80ea59a63195fafd0ee461563857ec404f3534e
iemocap4/seed68/rate0.1_fixed0.2_retention.jsonl.gz,418738,1bdc96d0393a6a8b5dc8f61e2caaca0f1255bd1fa359d0a880f3008419bcc611
iemocap4/seed68/rate0.1_fixed0.2_writes.jsonl.gz,402556,00e191e99263c53f2bfd949d1c94c28eda701d2cd8150c08fdf01883608079c4
iemocap4/seed68/rate0.1_fixed0.4_observed_fit.jsonl.gz,1262801,83f2a6a7f43d6f85d172ef15bc4626c80c2d746dfe9525f95423b695e7870b54
iemocap4/seed68/rate0.1_fixed0.4_retention.jsonl.gz,418238,0413a7c64c307cd3e31bd5dfc266c98dec6776d43869ebb1ac8e6648d7820e03
iemocap4/seed68/rate0.1_fixed0.4_writes.jsonl.gz,403209,7f17ee2daf7bc4b0ded6852d73e661e806a498306b5ab150e58c8e5f58b4f1cd
iemocap4/seed68/rate0.1_fixed0.6_observed_fit.jsonl.gz,1265727,b614ef7d9b8aed3320c6402502b1561c16a09868a0853a0ea340f459462628e0
iemocap4/seed68/rate0.1_fixed0.6_retention.jsonl.gz,416975,9772eb45bd4f73d60625ff4c035231ab724fdd41638dfe007e115d22c93fd5d9
iemocap4/seed68/rate0.1_fixed0.6_writes.jsonl.gz,402962,0b7759d84f30f1006bdbf529b7ab36e006d2a854c86cea53b7a312d9ea1bd51e
iemocap4/seed68/rate0.3_fixed0.0_observed_fit.jsonl.gz,303288,337fae467acf619e8fb3ae2b86fc319fc2e1c33f2180fb926ccc24b7c3df91c5
iemocap4/seed68/rate0.3_fixed0.0_retention.jsonl.gz,201869,71b0acb1e506e34759d0c8cbf3d47ca2ba67211c7e17615fc23a4bda54d63249
iemocap4/seed68/rate0.3_fixed0.0_writes.jsonl.gz,359552,660a9adf83a5673f6d95a3452f73519415abbc37ac2b81967736052f24898ed2
iemocap4/seed68/rate0.3_fixed0.2_observed_fit.jsonl.gz,1003326,555982a02a0be175060c5e5cecfbd432170c35a6e8c2235bd771ffe85fb1a025
iemocap4/seed68/rate0.3_fixed0.2_retention.jsonl.gz,1128838,ef4bceba70c777ba6b0bdc17f0a187deda605c28bda0a4b4219babf0ba3c47b8
iemocap4/seed68/rate0.3_fixed0.2_writes.jsonl.gz,474413,c57cfc1b287884e72f889d7249463076ba4576b1d586bb217655e6292de7c566
iemocap4/seed68/rate0.3_fixed0.4_observed_fit.jsonl.gz,1010701,2ec12f897be7d7917e9d364d07cbb6389f4ba326ebf13bdd78144b82007f9a47
iemocap4/seed68/rate0.3_fixed0.4_retention.jsonl.gz,1127192,a86f59541ee94ba44644c439f013435ede0ea544b13ded312101ade086de786f
iemocap4/seed68/rate0.3_fixed0.4_writes.jsonl.gz,475672,c84d8f20155826bb4f19da51fa8599f272845024ba4f6e421c035c5269287636
iemocap4/seed68/rate0.3_fixed0.6_observed_fit.jsonl.gz,1012866,13ea6f14803c5e57727cc3a37b75704964c9923f154cba494da7da619a076aae
iemocap4/seed68/rate0.3_fixed0.6_retention.jsonl.gz,1125889,b3f3a18f4e6642872c0b7ac4edfbe15077b4a72a754745bd69b0f05a68ca1d6f
iemocap4/seed68/rate0.3_fixed0.6_writes.jsonl.gz,476114,538eb7f5c53028f7b2d3d09d8b8d1777566bba30e5750cdec2f9653f45910757
iemocap4/seed68/rate0.5_fixed0.0_observed_fit.jsonl.gz,222845,80c346c9c246187fd51f4c3426387279597b16ac80584a74caf816bd55130230
iemocap4/seed68/rate0.5_fixed0.0_retention.jsonl.gz,302657,f5132975936f166e515b99d068a95e76fce351788481279c3b9883ff5dafa8d4
iemocap4/seed68/rate0.5_fixed0.0_writes.jsonl.gz,404186,e5df65b0a977566d37bb2df17e5e2eda47a7beb94fe4e4a5375e8b595168aa73
iemocap4/seed68/rate0.5_fixed0.2_observed_fit.jsonl.gz,748417,73bf16af23f5665fbd272729a2a2488214addcf04cfb8f18587d5a87a382e935
iemocap4/seed68/rate0.5_fixed0.2_retention.jsonl.gz,1811618,d7e7a6dbd60d95193d36da48afa2f111cea73fc0636d446d9bf812cc98b4dc3d
iemocap4/seed68/rate0.5_fixed0.2_writes.jsonl.gz,514889,d6f1854c52fcf94da652715089cde3ba999c247810dda2cdd694f2446062e312
iemocap4/seed68/rate0.5_fixed0.4_observed_fit.jsonl.gz,754728,278c08af1f3a6209a7285bed2e2a62aae18e28f1553dfdbec69989c3f990bb12
iemocap4/seed68/rate0.5_fixed0.4_retention.jsonl.gz,1810104,91dc97add602e1eac4c8beb8fc7d1ce26274c344bc42cc4c32139825e892b26d
iemocap4/seed68/rate0.5_fixed0.4_writes.jsonl.gz,517351,9a7bc337329b8f2cdd4d56b3280446fe8ce7262586ed1791fcb78e9848f256aa
iemocap4/seed68/rate0.5_fixed0.6_observed_fit.jsonl.gz,756806,13548115fb664261424768c5b9f9a8a383516239f27d60048bbfcd280540e8e4
iemocap4/seed68/rate0.5_fixed0.6_retention.jsonl.gz,1808530,6350bba25fb5e3625a82f844879e1ba0d16b2edaf5f7833d39c260bcb63d575e
iemocap4/seed68/rate0.5_fixed0.6_writes.jsonl.gz,518049,74338b3e82fcba28d02c7762eaf2bab10420d64bf733b2662a14afa1a93306a5
iemocap4/seed68/rate0.7_fixed0.0_observed_fit.jsonl.gz,171260,74b7c5e65314c2c075828de1a51b5a30918d8a6c893ecc16c9a7172cb36a5d86
iemocap4/seed68/rate0.7_fixed0.0_retention.jsonl.gz,354044,6f8425e3b3de522574ba72075aad64284b99c7c2f393f4acaa8e89a70ab4d6dd
iemocap4/seed68/rate0.7_fixed0.0_writes.jsonl.gz,419965,a3188875b6a3b2d63a5ac57dc3c80f2b080dc93883e3d8ff323fd35bfdf03a55
iemocap4/seed68/rate0.7_fixed0.2_observed_fit.jsonl.gz,592279,6a165bb2a468f5faf42a66237fbef94a2cab6f220ca590365b53f091cffba07a
iemocap4/seed68/rate0.7_fixed0.2_retention.jsonl.gz,2199542,fc5af6ac0338c0c76291ce7e127df3adad17706830b77885df75cb146dd39ac3
iemocap4/seed68/rate0.7_fixed0.2_writes.jsonl.gz,529351,d5986b52446530975531a0b7a379b2b53f30d5bbe43df7ee5900d070860b0e5e
iemocap4/seed68/rate0.7_fixed0.4_observed_fit.jsonl.gz,598150,e7ec0dd8692b405ef62219b67aaf371b65fdec4c67f4399c0987243e28dd53df
iemocap4/seed68/rate0.7_fixed0.4_retention.jsonl.gz,2196074,ead7cd923b032d9899f6ca5ac8a7efb40af98dbd226aa10013f8044e9ffeebc1
iemocap4/seed68/rate0.7_fixed0.4_writes.jsonl.gz,532017,bd562e302e9f73c096a7732060a592c58364de923327b4ee8b2ef679de01fa24
iemocap4/seed68/rate0.7_fixed0.6_observed_fit.jsonl.gz,600519,0a99b276a7576702acf51c7c412c710a5223ef4e67d83281bb0d39b76ebbf569
iemocap4/seed68/rate0.7_fixed0.6_retention.jsonl.gz,2194153,6f54ce9cf909031e36debb2586d7eb292beaf91b6bc6341eb118217095570578
iemocap4/seed68/rate0.7_fixed0.6_writes.jsonl.gz,532201,678707dfbf5c43d198373ee954199216796d93007d9a37b9e43c2a771404da85
iemocap4/seed68/rate0_fixed0.0_observed_fit.jsonl.gz,415285,7deecf74e5f918f01fe3785cd075fabae856093025cfe10638facd23c2d49d0c
iemocap4/seed68/rate0_fixed0.0_retention.jsonl.gz,56,436a8eb2e1a0b15ecd101c08a2d8bf9707524019a72de8bfd63126debd116927
iemocap4/seed68/rate0_fixed0.0_writes.jsonl.gz,215778,fea43fa880d9485453047da56a2baa94bb9aebbe6e8e687b1216a09c9d3bb172
iemocap4/seed68/rate0_fixed0.2_observed_fit.jsonl.gz,1393931,aa961a40e0e11f299de582fd75e86b48776f1d80d51009e48175dcdd2d1047a8
iemocap4/seed68/rate0_fixed0.2_retention.jsonl.gz,56,0d0667c65977fcd8d6b0e092780bc0e29acc6404a000ec132d7d6c2946ed52ea
iemocap4/seed68/rate0_fixed0.2_writes.jsonl.gz,336546,e10339586383d5d6e13a3a50ecd50600728adad9a24c450eb61434800c18365b
iemocap4/seed68/rate0_fixed0.4_observed_fit.jsonl.gz,1402396,2c77ea1df5f2c1411d79a710b082e45e0262efc5d1be0869ca4abde1ac79c583
iemocap4/seed68/rate0_fixed0.4_retention.jsonl.gz,56,0b597e9ada34c6f46807ecbbac624af7dcb91e55ab058516a16db5054f146214
iemocap4/seed68/rate0_fixed0.4_writes.jsonl.gz,337292,758a58b14c93e7b8cd20ee287d1021da4fcf257a8e5a4b714a3803238cc3a8cf
iemocap4/seed68/rate0_fixed0.6_observed_fit.jsonl.gz,1406179,4919918054d9774d1f878ca50f8f786aaa01f6ae1b2ae7a406d3fb2e1ea7a027
iemocap4/seed68/rate0_fixed0.6_retention.jsonl.gz,56,30ce05f2c631003ea584f62c660700c435e47d8e74a2c51e7aba5cfe838d0196
iemocap4/seed68/rate0_fixed0.6_writes.jsonl.gz,337380,242edce73d6543494ee00582add21dfcf798ed7ec7284769acd0763d868db5f8
iemocap4/seed69/rate0.1_fixed0.0_observed_fit.jsonl.gz,379225,649fd9a82afaedee4f1d2a5939c46b3a06228bfbeb5099ffcf9495110d4960eb
iemocap4/seed69/rate0.1_fixed0.0_retention.jsonl.gz,76497,339d427633772d1f2d1e019cee6ce590aa86cd613e9c745343e85ccd6f4f18ca
iemocap4/seed69/rate0.1_fixed0.0_writes.jsonl.gz,279980,4152447d7e79eb73ee4792c2900f1a40eabaef50f23715cad4a8e42f754af8a3
iemocap4/seed69/rate0.1_fixed0.2_observed_fit.jsonl.gz,1260421,d8d9928c2868960d281fc291f1c5a4f3b849f7e97584b218a8a2b0e27e7147aa
iemocap4/seed69/rate0.1_fixed0.2_retention.jsonl.gz,405797,7361182989285ce40c58ee0126aa1f0bca22b36e46b040ec2f9f12dbeb7c6944
iemocap4/seed69/rate0.1_fixed0.2_writes.jsonl.gz,398739,6ae8b2e9fdfb817ad6fc8473140210ec51155e5230bea635f327664dde8ba27a
iemocap4/seed69/rate0.1_fixed0.4_observed_fit.jsonl.gz,1267676,d2ce16e9b4cdab17bfb15a94542601bed8f11f08638725c63235a2e84d5ee4e4
iemocap4/seed69/rate0.1_fixed0.4_retention.jsonl.gz,404899,2e738d44e5054f13d5a958ccdea9a68d18345fdf0633d4ee6f9c241a4e3112a1
iemocap4/seed69/rate0.1_fixed0.4_writes.jsonl.gz,399872,ef1aec6abc4e914ab41bf1cb28ead2713d80e438c084db7e3123347ee15afa51
iemocap4/seed69/rate0.1_fixed0.6_observed_fit.jsonl.gz,1270795,b04ec4ff81fc852429d7e0ea6f6b4b0bd245ea1f4a78011dfe93d6aebd79d7aa
iemocap4/seed69/rate0.1_fixed0.6_retention.jsonl.gz,403871,91932df0961acabec053f311af610bb61bb81fe4c53568163dca2d2af302bbea
iemocap4/seed69/rate0.1_fixed0.6_writes.jsonl.gz,399334,7829f3dca9fa6cab0cf50f8a1b44129659524d94dab2c5d831b92a919dafab31
iemocap4/seed69/rate0.3_fixed0.0_observed_fit.jsonl.gz,300128,70b98832a4f73ee865edbbde45fd49526de14912e4c32c0ce2317bc5ae1f3298
iemocap4/seed69/rate0.3_fixed0.0_retention.jsonl.gz,206619,b1d4bb5e49dabdea4a6645bdfdef9a10e6b294c36217de68b4681979e9b03e4a
iemocap4/seed69/rate0.3_fixed0.0_writes.jsonl.gz,363813,dcde0ed3b23d9fcb0dbff4d1301e1908fac520181fdfd1ae92b57383d2d62a0f
iemocap4/seed69/rate0.3_fixed0.2_observed_fit.jsonl.gz,993904,a7b012b95bbe986d2c244899a4ed2226e21800c8a17cb299a4728a7da0b92f16
iemocap4/seed69/rate0.3_fixed0.2_retention.jsonl.gz,1155458,6ed99519bb2a78196cbc96200d0515c85e44e9a1aecce9fcecea3c346e0951a1
iemocap4/seed69/rate0.3_fixed0.2_writes.jsonl.gz,477826,7abd5692cf86d799628db8c2c2b950fa4bfe42a9f88e3ed93273807fcc8e943e
iemocap4/seed69/rate0.3_fixed0.4_observed_fit.jsonl.gz,1000559,aa3e35258adb5e5292642531ae7b0e348143ed70c05f4a54b695833d853fe555
iemocap4/seed69/rate0.3_fixed0.4_retention.jsonl.gz,1153544,f63bbb518ba1c7659a27536fe7a5fded3bcfe5a907017edd3088d75a58a5e3f3
iemocap4/seed69/rate0.3_fixed0.4_writes.jsonl.gz,479893,596f43309955d953e43951d465e784cbe1a84924e4b5d0fbc22c9a208aeca77e
iemocap4/seed69/rate0.3_fixed0.6_observed_fit.jsonl.gz,1004116,612ba438a59af10e5020d5de8f3eb98f0243ff3003f6d1627d3af5c469a030d1
iemocap4/seed69/rate0.3_fixed0.6_retention.jsonl.gz,1151118,87a807304edb8dd0f5ad45ba781f716a685d64ff3159bb8a9341f25cd72c11b0
iemocap4/seed69/rate0.3_fixed0.6_writes.jsonl.gz,480500,4a916ba7227809e319f98313765be2d912586b815fd81b589ceabd962d738bab
iemocap4/seed69/rate0.5_fixed0.0_observed_fit.jsonl.gz,227266,a91b8692b1013d7e5f066494d09eff96311f036b34150f71e8a829ed74e03445
iemocap4/seed69/rate0.5_fixed0.0_retention.jsonl.gz,300320,1f223169fa0c296f08ff822da70c24a068cf3ffaa4cf2dec4805b67378149417
iemocap4/seed69/rate0.5_fixed0.0_writes.jsonl.gz,406112,515bffbc9c5cbf6a388cd2aae59b3f924c1bea05975cf691456f8dcabfd4614f
iemocap4/seed69/rate0.5_fixed0.2_observed_fit.jsonl.gz,761898,d68f9d2b27b64a0fa48a11045696eb6ac06f61bfec54cc2031de1616a1bfbe69
iemocap4/seed69/rate0.5_fixed0.2_retention.jsonl.gz,1780673,d851631f108a1fafdf6e73093e7c7ad351cc2437360144930a00c004e4b0ffde
iemocap4/seed69/rate0.5_fixed0.2_writes.jsonl.gz,517630,af132e51457da059bca93e7f43fe10dfa45c4e49c95ea7564369e8b6a3f81d7b
iemocap4/seed69/rate0.5_fixed0.4_observed_fit.jsonl.gz,768161,700d542e09cd9e6a584b27c962ea376857422da4b825ed886bc374db83abe5c8
iemocap4/seed69/rate0.5_fixed0.4_retention.jsonl.gz,1778475,6eb2564324bb4a8b05ab8dcd7e0f18bf02eae225f1667f89dcf478f0ec3609b5
iemocap4/seed69/rate0.5_fixed0.4_writes.jsonl.gz,519746,5de28ddb5f71e79b7cd3a7dd2ae87167174e2be618b10171530ed23f9caf1082
iemocap4/seed69/rate0.5_fixed0.6_observed_fit.jsonl.gz,770741,5b1f7fb2207da9fbb84fa07293b0ac31fb6974810d9325f8b038e3a19be8d0a1
iemocap4/seed69/rate0.5_fixed0.6_retention.jsonl.gz,1776569,635a6a6395527f3a5c5f2eb4aa6833ba3da6fd570bfc6a616f3e6078c2d45bbb
iemocap4/seed69/rate0.5_fixed0.6_writes.jsonl.gz,520174,146b65168afee8a5077d1dc50b6ce7405d2a456e227c96d1b17c6b494a8ab083
iemocap4/seed69/rate0.7_fixed0.0_observed_fit.jsonl.gz,166569,34e4fdc63c977f3f8d8bba77cd63aa48819a62029af9a39fa8250eab47a545d4
iemocap4/seed69/rate0.7_fixed0.0_retention.jsonl.gz,355707,e5814cdea14e25a7ee728ba2e47474547bd9440a29cca1ab36e32227317e9537
iemocap4/seed69/rate0.7_fixed0.0_writes.jsonl.gz,421654,54290d068bdfb5a68a3e69b6b9dd1c0579e87ad59b562573ff61925bebae6653
iemocap4/seed69/rate0.7_fixed0.2_observed_fit.jsonl.gz,579856,621dcd2a0d6fd43a4938ccad31d29c92ee63f97472a25103cbab189f0131edad
iemocap4/seed69/rate0.7_fixed0.2_retention.jsonl.gz,2220602,52efcbe457362cd80038ad568bf4c0b25c5c558e2824727beda20d43e725e13b
iemocap4/seed69/rate0.7_fixed0.2_writes.jsonl.gz,530720,002ecc5a824896f04b70c66ae0fc1bd05d4d236869e49cc4d544e1e0062ca764
iemocap4/seed69/rate0.7_fixed0.4_observed_fit.jsonl.gz,585128,7b5072f63dd4282a6e309ee47a72633e87ef8fa1be4ca61a78966273978b3bcc
iemocap4/seed69/rate0.7_fixed0.4_retention.jsonl.gz,2217639,5b7138b4b6e27de39a1aa82fa6e25f0c1822509d2a6b51b4a101904f9496690a
iemocap4/seed69/rate0.7_fixed0.4_writes.jsonl.gz,532927,5a0ac196b3185eb531b55bfefcb6dad97825f1b8e10f4297b2982022fa238d0b
iemocap4/seed69/rate0.7_fixed0.6_observed_fit.jsonl.gz,587809,3ab944298f4287965163bdacbcfa332539a6b67342101cdd8fc8d90ea64d0faf
iemocap4/seed69/rate0.7_fixed0.6_retention.jsonl.gz,2217138,9c106784dd7415d11c637e7e37efc5c7597660c619b3e69dbb2adbd0ba1e56fe
iemocap4/seed69/rate0.7_fixed0.6_writes.jsonl.gz,534240,926b2daa939dc9f852981c1d4428abf95a7d24077987f1fc69260c7c83b30737
iemocap4/seed69/rate0_fixed0.0_observed_fit.jsonl.gz,416772,9d480e3b4a5b4925152f7da0379233f0f06b1967da3214a496fbd1277eeee892
iemocap4/seed69/rate0_fixed0.0_retention.jsonl.gz,56,436a8eb2e1a0b15ecd101c08a2d8bf9707524019a72de8bfd63126debd116927
iemocap4/seed69/rate0_fixed0.0_writes.jsonl.gz,216001,168501e0836272a814a653e9970d079fa4d9e8eb892435408c818eebc86c4348
iemocap4/seed69/rate0_fixed0.2_observed_fit.jsonl.gz,1398478,add47f4f511ae22dd27799294d826919c57a2f21cf1fa3a921b923bd42c6191f
iemocap4/seed69/rate0_fixed0.2_retention.jsonl.gz,56,0d0667c65977fcd8d6b0e092780bc0e29acc6404a000ec132d7d6c2946ed52ea
iemocap4/seed69/rate0_fixed0.2_writes.jsonl.gz,337521,3852a2dc32a8f09701063f61ed4fec04581ce13a2552b46f938554b8ec3c07eb
iemocap4/seed69/rate0_fixed0.4_observed_fit.jsonl.gz,1406648,5136df0168ca173b3dd586f09c5e65eeca7fa8e36d696a70c3cfa6a75c2cdce2
iemocap4/seed69/rate0_fixed0.4_retention.jsonl.gz,56,0b597e9ada34c6f46807ecbbac624af7dcb91e55ab058516a16db5054f146214
iemocap4/seed69/rate0_fixed0.4_writes.jsonl.gz,338282,7ea42950e11ef1264ee7d64315ee5ebe4fe4f4f02e568ba36c77a5ab20f6f058
iemocap4/seed69/rate0_fixed0.6_observed_fit.jsonl.gz,1409577,b5ac33d0dfc825e000cafaca7be6959fb68c822f54d144c43d73dce32eae3d8c
iemocap4/seed69/rate0_fixed0.6_retention.jsonl.gz,56,30ce05f2c631003ea584f62c660700c435e47d8e74a2c51e7aba5cfe838d0196
iemocap4/seed69/rate0_fixed0.6_writes.jsonl.gz,338227,cb829f3c156068217f015a03840a39c552d08ea4328bc987b212b26aab6aa938
iemocap4/seed70/rate0.1_fixed0.0_observed_fit.jsonl.gz,376687,b81098b6aa40d4f7c4a1e314bf86443b29605f1aabb46d12334f14262fe5dfad
iemocap4/seed70/rate0.1_fixed0.0_retention.jsonl.gz,81075,bb95f2e105822ea7048abcbfdc58b0fc50a05bae101eb2723ca9ea696442f863
iemocap4/seed70/rate0.1_fixed0.0_writes.jsonl.gz,283048,baa64e08ac8ff8134300847a16287b1d1d9c4962682c9f8326cdbfb2a2482a37
iemocap4/seed70/rate0.1_fixed0.2_observed_fit.jsonl.gz,1249928,a0dad5d73ecfd7a2a3a9ef076252716e7ea258921f380233317102f7df5ff33d
iemocap4/seed70/rate0.1_fixed0.2_retention.jsonl.gz,425836,47b1d83fb073b0cb4a8715ec4e9e85460644a84ea00aa390a3e957a5274ce8bf
iemocap4/seed70/rate0.1_fixed0.2_writes.jsonl.gz,400848,5a46055bf671b3f3f7b912aefdcf98d9d3d72ebf1da5a1eea1b2deb919029e6f
iemocap4/seed70/rate0.1_fixed0.4_observed_fit.jsonl.gz,1258225,257b7012e189482424e5ea005a5dc895cd96af8951a40073fc700e668fbfc78b
iemocap4/seed70/rate0.1_fixed0.4_retention.jsonl.gz,425022,3c590136752528cd3cfd894dd54640baf2e29ae1373ae30ea8098830a0b29636
iemocap4/seed70/rate0.1_fixed0.4_writes.jsonl.gz,401655,012ae7d2d74a9a0cc58a3b039d3955186522fa017f7b0ee3dbfb166db4672752
iemocap4/seed70/rate0.1_fixed0.6_observed_fit.jsonl.gz,1260891,54336659287f05ad92171109680eab78c57a73e5db20e41ed6e52ce09a400697
iemocap4/seed70/rate0.1_fixed0.6_retention.jsonl.gz,424263,e08d1e1e90bb9631657335f4cc054781bf1fa38cb33fd4eaa7aecf8dba985f8f
iemocap4/seed70/rate0.1_fixed0.6_writes.jsonl.gz,401123,ce3f815112b21ab504b8bc0ead687845a9b7e1e5b72369e32eb91cc5583eb6b8
iemocap4/seed70/rate0.3_fixed0.0_observed_fit.jsonl.gz,307711,9e093b64b264b1698cdfe057c1868209ed0d40ec9862330a418a56861395d203
iemocap4/seed70/rate0.3_fixed0.0_retention.jsonl.gz,195202,68cac3587aee990ba31bbf4cb60f25ae870be7c9eba3c2da8a14ff9a601434dc
iemocap4/seed70/rate0.3_fixed0.0_writes.jsonl.gz,355270,c66505bcb067b505be7df26288477183a8492ce3b80ef7a4783ec7063d65699e
iemocap4/seed70/rate0.3_fixed0.2_observed_fit.jsonl.gz,1017085,3bbee0ffe4e801c8cfb045591118e36446256d8a1015a2860f009fb2693a3163
iemocap4/seed70/rate0.3_fixed0.2_retention.jsonl.gz,1093686,6cd46dbe5babd106ca1596537d1e43a7acf2b461d71d0c1b32c91236d93c9d4b
iemocap4/seed70/rate0.3_fixed0.2_writes.jsonl.gz,469076,afb60b3c607a6f00a2dc98d7cf4b05d720ade8b3b1edfe8dd8f72676ce0c7006
iemocap4/seed70/rate0.3_fixed0.4_observed_fit.jsonl.gz,1024007,b9b46ef47b4b7697c1db0d3356985dfa8455da9d0bd848279db58cab0db71820
iemocap4/seed70/rate0.3_fixed0.4_retention.jsonl.gz,1091363,929cf2c70cc35250cf74913dc54f3d22b66cd33a357f9be07fdbbaae6f513ce0
iemocap4/seed70/rate0.3_fixed0.4_writes.jsonl.gz,470798,08fa9b34aa24f18e832fb9cd669f27afe6a2a6f6843b97bbc2e9d55c16ceeadd
iemocap4/seed70/rate0.3_fixed0.6_observed_fit.jsonl.gz,1027184,3f979a8b8b0329049e1924fabc08fe756685412702c0d55151ec011417ae7dd7
iemocap4/seed70/rate0.3_fixed0.6_retention.jsonl.gz,1089884,88d3218ea3e1dfad896df01833b92d2e05e27bda72345c75a46ff29978b51efb
iemocap4/seed70/rate0.3_fixed0.6_writes.jsonl.gz,470387,77f558bd4bdd8f25d355d8db9d696f2b1a6f73f04d3b8f99d04db35e21d756be
iemocap4/seed70/rate0.5_fixed0.0_observed_fit.jsonl.gz,231369,7726d817828b04dd65ae7fa4f0518a960a18b987f488262285b309faa9638c99
iemocap4/seed70/rate0.5_fixed0.0_retention.jsonl.gz,293963,9013a04a6e91ba8fc7574032abf0557d3515cafa888b8e23669bc1164b8eff4f
iemocap4/seed70/rate0.5_fixed0.0_writes.jsonl.gz,401621,2e15b9b5d4a3a557d4de2296ef0968e6cd491c9e3edc1c10aea90743ce60f938
iemocap4/seed70/rate0.5_fixed0.2_observed_fit.jsonl.gz,773280,588c0172b94f8ec37b856ed42de03a239d5708d9932ba17cba220615e12a50bf
iemocap4/seed70/rate0.5_fixed0.2_retention.jsonl.gz,1740551,effa545c05de0bd192a153c565b728116d048d1dfeab521c1020d82902909e40
iemocap4/seed70/rate0.5_fixed0.2_writes.jsonl.gz,511939,26335c5491b1b372478ee34b4a5ad979e4ea1befb3bf9ce0f26536dc924d5635
iemocap4/seed70/rate0.5_fixed0.4_observed_fit.jsonl.gz,779772,afaa43102b5742ecffcb21628b4d3bbd51f47690828542aa9c6d721fe95d0a1f
iemocap4/seed70/rate0.5_fixed0.4_retention.jsonl.gz,1738072,0c357ccc64a0fa0c7bff349713faa2899ccd37181dee95d4fc0b3d1b45d529a3
iemocap4/seed70/rate0.5_fixed0.4_writes.jsonl.gz,513522,b39f47fd318c593c6f3d8138b15090ec59e654021e354d5f0e7ad1febfba6d1b
iemocap4/seed70/rate0.5_fixed0.6_observed_fit.jsonl.gz,782373,3da796ec06454170dff5b06e86840a900c868aa1ecfb183d46a4ffed22d6ca60
iemocap4/seed70/rate0.5_fixed0.6_retention.jsonl.gz,1735659,0dfdd9c94d5091dbe0f977d4e7ae6294bce182c3eebab8e48f904b7f1bc21da8
iemocap4/seed70/rate0.5_fixed0.6_writes.jsonl.gz,513712,13f430f53e8111ec0c83575887a0d89587601b3e9b42b6e73e47ded7a824f80a
iemocap4/seed70/rate0.7_fixed0.0_observed_fit.jsonl.gz,165864,3ca2a8a5d80e9503a81b031e5023ff84dcd93a65d1137f57bfb872e8946b5b6e
iemocap4/seed70/rate0.7_fixed0.0_retention.jsonl.gz,356792,8ad80c2fcd311115d72cc09464726bd10f721b8f2ab84481c4346887bf1273a3
iemocap4/seed70/rate0.7_fixed0.0_writes.jsonl.gz,419894,6127b948d4171911a5903edab5aed68eb90402dff16f841ad669c0ad09f0df59
iemocap4/seed70/rate0.7_fixed0.2_observed_fit.jsonl.gz,577288,c004d505ff52b0ddf11a42dbe226cee85dc5c8d9d241cf4df078eb5e08d1382e
iemocap4/seed70/rate0.7_fixed0.2_retention.jsonl.gz,2224291,0062ac0f91deb4a306c32ef244669a3c2bdcd243cefd61673f22acc791b339d7
iemocap4/seed70/rate0.7_fixed0.2_writes.jsonl.gz,529572,5ed1ee5ad18cbe2bde0466788373d52a7f26fa6663dabe9410ec4a4e99b8ea64
iemocap4/seed70/rate0.7_fixed0.4_observed_fit.jsonl.gz,582657,8eb95285b065785e24a45a0a4db275d0c723936499e95c1abf69cd1ced54817f
iemocap4/seed70/rate0.7_fixed0.4_retention.jsonl.gz,2220842,f1dbd903dc00f0d128c1e1f4073bef18cfecc31ab2f0e7f25f49e0f386e7e42a
iemocap4/seed70/rate0.7_fixed0.4_writes.jsonl.gz,531064,ddd9f24c78f2906641aaca3b4e71f7a29c526475e54b0acd1a37f3260d59ce08
iemocap4/seed70/rate0.7_fixed0.6_observed_fit.jsonl.gz,585385,25289d6768bf300f06aa18e712fdf0b637d029f69e0f7c4d145117774bdc85e0
iemocap4/seed70/rate0.7_fixed0.6_retention.jsonl.gz,2220489,5eec395502b50c4a527928d948de8e5a46be044cd71e4efc210ffa35fa31ead3
iemocap4/seed70/rate0.7_fixed0.6_writes.jsonl.gz,532191,d5afe5a02ba42da1600cb4a0cec339ffc6619c174af20a5018ec2a859aa5a763
iemocap4/seed70/rate0_fixed0.0_observed_fit.jsonl.gz,414967,aa427d4182524e52d22038d6b013602331d218b657d6571c9826f33b880d839c
iemocap4/seed70/rate0_fixed0.0_retention.jsonl.gz,56,349ce2981304f167e32f9af9ff6b54553dfc8209f3a4de7f6a852621d7146765
iemocap4/seed70/rate0_fixed0.0_writes.jsonl.gz,215651,13746501c8380c3dbe5ed32763b7c3081cb03c6e2962b9d05af9ae9faa19a005
iemocap4/seed70/rate0_fixed0.2_observed_fit.jsonl.gz,1392784,8391e505caca1209d1cb5af6e4a9fce298638a5ceea26d8f9699f02246218e46
iemocap4/seed70/rate0_fixed0.2_retention.jsonl.gz,56,a6386f22e51f7ebf20a71030136ecc70dd842adc7dcfe97b9ea825717f845fce
iemocap4/seed70/rate0_fixed0.2_writes.jsonl.gz,336017,a8ea451f45bb7331716edcb79244f12dc0933aeb7ae42e749bb70e15bffb8ca4
iemocap4/seed70/rate0_fixed0.4_observed_fit.jsonl.gz,1401210,c915a47ab87f2ad03bc45927227346a1f61a1f2fe059a97ffb31f9376fd598d8
iemocap4/seed70/rate0_fixed0.4_retention.jsonl.gz,56,5ff747c95f8f3df0924763bcbd1459850e9a9f2ecc73c2cb2e15eaebc3030b32
iemocap4/seed70/rate0_fixed0.4_writes.jsonl.gz,337012,ebf037ea7ce377995d8031ec7fcc8ee31e52711b6a47790a9e3e14678af28d37
iemocap4/seed70/rate0_fixed0.6_observed_fit.jsonl.gz,1404302,677c46bafd8cd28a988d7bbbd50d36b8472ce816e09c3c5155bec1cba10055d5
iemocap4/seed70/rate0_fixed0.6_retention.jsonl.gz,56,30ce05f2c631003ea584f62c660700c435e47d8e74a2c51e7aba5cfe838d0196
iemocap4/seed70/rate0_fixed0.6_writes.jsonl.gz,336600,9dc1a750449e4babdce0e6cc14c6df796f5db6afd8c58947dafbea4c5f89e8ab
mosi/seed66/rate0.1_fixed0.0_observed_fit.jsonl.gz,217054,19bd3be660ff776057c91c0ab1dd8cb3e3c55e0beb51b587641bb7073a28d192
mosi/seed66/rate0.1_fixed0.0_retention.jsonl.gz,46036,da6a10448510b145c4a6cf4bac3793d8f65e8491e576cc06af5ecae287f37863
mosi/seed66/rate0.1_fixed0.0_writes.jsonl.gz,163829,3916f73ba060bb8ab056394d91f9ce385375d646392794abdc915fde8f2dd5da
mosi/seed66/rate0.1_fixed0.2_observed_fit.jsonl.gz,698521,86d31b871c7dbafe5f6aed457acab220cb625a60e7c34cf15f20bf3d0da213db
mosi/seed66/rate0.1_fixed0.2_retention.jsonl.gz,230022,c9d0ccf1b1d29b16d8efb452437fda92f804e712ba69504e02c346594d1209f4
mosi/seed66/rate0.1_fixed0.2_writes.jsonl.gz,232316,b4b419878438c3da486d86217b87e8f946b9067e3f83294f5fcfd5e676d1e7b1
mosi/seed66/rate0.1_fixed0.4_observed_fit.jsonl.gz,705718,da2ae7c2ee82b0fc56b58f15d644637df4a112f17e73d3934c29b222a070547f
mosi/seed66/rate0.1_fixed0.4_retention.jsonl.gz,230290,253162c2fa59beea58111b48fe0be34755ec98ff6fd498b0a84701f482fe7b51
mosi/seed66/rate0.1_fixed0.4_writes.jsonl.gz,233743,917347e73148d30d2b3da422cbc713956622f313decfdf085137a18c4c8bc70f
mosi/seed66/rate0.1_fixed0.6_observed_fit.jsonl.gz,709057,d413bdd88f757e9bffd68b75df1ac8f95643a92df02f362cb042ed580c6e7339
mosi/seed66/rate0.1_fixed0.6_retention.jsonl.gz,229739,d3b6c892266f2edb9810c7d0004fbfd14f5be5631d359d0e2ae661da429d0297
mosi/seed66/rate0.1_fixed0.6_writes.jsonl.gz,234136,f90534fa8ae1e24a831e2db3669cec7420853c6ad358b06ffc70711819c74c96
mosi/seed66/rate0.3_fixed0.0_observed_fit.jsonl.gz,178641,942046a36a8e7981946d388de67eaa4c3d34783f5effc20a5a6436a2bb626f52
mosi/seed66/rate0.3_fixed0.0_retention.jsonl.gz,110859,20ed677fd6a3a27d5c0e75df6bca1a7ece78b4c16d959e35e22776bca1c9b942
mosi/seed66/rate0.3_fixed0.0_writes.jsonl.gz,203282,5e2e231aaa41ef05e3329534e885cd0a6b2a92cbba9e7a2a17f89ebf1aa1e63d
mosi/seed66/rate0.3_fixed0.2_observed_fit.jsonl.gz,567561,a9a559681ebeefd94f0e5a581f554a051864fdabc68ba39fffd80692a292263c
mosi/seed66/rate0.3_fixed0.2_retention.jsonl.gz,587112,4b4bde4bf8965e29cdc3f016bc4540ed6e0e73a39858cbff73ca7465a09ddf1d
mosi/seed66/rate0.3_fixed0.2_writes.jsonl.gz,269558,8c207080ff67fe5fb96ba9319af882f1881853805193d5d4b9dfe326466b28d8
mosi/seed66/rate0.3_fixed0.4_observed_fit.jsonl.gz,573976,c827c96206f25ad87b62b2ccfc3a215e56bed6f1130851834745eca32f8f9694
mosi/seed66/rate0.3_fixed0.4_retention.jsonl.gz,587055,91796bd5abda22ace6abf905c009a681a2e0aa991e1e73c596d74268f3749483
mosi/seed66/rate0.3_fixed0.4_writes.jsonl.gz,270977,534c302d065c6263846ec1ecb038019002b5e5413d11d9ccc4221f42e3061015
mosi/seed66/rate0.3_fixed0.6_observed_fit.jsonl.gz,577031,dd270554e2d172d9ce2e7c7e6caec9b44bf74153f4196b724f0fbb52d0dda17a
mosi/seed66/rate0.3_fixed0.6_retention.jsonl.gz,586497,15e868e74ff71ee513552b827b8bc8b78027261b30601b34de45f599fda46ccc
mosi/seed66/rate0.3_fixed0.6_writes.jsonl.gz,271746,be3714d96847676ace4550d44a4a60a063e8307b39f678bbde1f7e5d0f37fbc7
mosi/seed66/rate0.5_fixed0.0_observed_fit.jsonl.gz,132333,7c5cc02d01f64d3bfc6d9bf0f3fe0bd1a313312a0e98d5d3e448937c4726031b
mosi/seed66/rate0.5_fixed0.0_retention.jsonl.gz,171011,bc9036ff833eca555b7d395208beeaca937fd8dfcb644894a4174aae9d7f3f7e
mosi/seed66/rate0.5_fixed0.0_writes.jsonl.gz,230494,b16c200334113cdf523734d9a65ba1ad5f86411b08b7d26ec98be29c771fcfe1
mosi/seed66/rate0.5_fixed0.2_observed_fit.jsonl.gz,419040,93fd6b0d24a8505be48758a4d7a85685d481238374507dd8679c8db12c2b1cd3
mosi/seed66/rate0.5_fixed0.2_retention.jsonl.gz,969874,91e0160140569e1d1b4464f2e3f52f898e4e51d62dca7c189c64c8072423aa88
mosi/seed66/rate0.5_fixed0.2_writes.jsonl.gz,294206,6b43eff745bf97f0fb3ccc791ec7c644a60482978464e25923a35712eda19d3f
mosi/seed66/rate0.5_fixed0.4_observed_fit.jsonl.gz,424693,6ebc1166750565f1c93f4bad1162828a75e9ef4a063f6ca2862a92c38c7d9929
mosi/seed66/rate0.5_fixed0.4_retention.jsonl.gz,970543,bb7727929823b7551189ac8037437e1cab68e144125e8e9034966e226cdeffbc
mosi/seed66/rate0.5_fixed0.4_writes.jsonl.gz,295677,9c09abe63b58a105efea18574945ab2dee7917321febcda0a7a0b9f59dff8175
mosi/seed66/rate0.5_fixed0.6_observed_fit.jsonl.gz,427437,1dd8bacc778d5c8441968fe0ef7be08983c299630e629397a2e97b011f556f2e
mosi/seed66/rate0.5_fixed0.6_retention.jsonl.gz,970120,77d79afe7539f0a6f4dbcb38f27edec773bac339717fc7b8a593362a49d13bc3
mosi/seed66/rate0.5_fixed0.6_writes.jsonl.gz,296622,05e37418f3a2ff27e4aaa529abb7ddf0e41a0c54092116e5ac7e6d4ad8eb0d53
mosi/seed66/rate0.7_fixed0.0_observed_fit.jsonl.gz,100196,606572278eb520aff3fe4ed86aaee5b2755eaf9657c0b87475ce622b7fa5f9dd
mosi/seed66/rate0.7_fixed0.0_retention.jsonl.gz,195564,879f38e1594f792afef3579d2ca3984402cc955e393b4975c9a0317ebb2a0ec2
mosi/seed66/rate0.7_fixed0.0_writes.jsonl.gz,237361,9a4f2b814563f5d4f25d3ccfd9c08603e1aa61950bcd89b2b7107b0617f345f4
mosi/seed66/rate0.7_fixed0.2_observed_fit.jsonl.gz,323488,4ba55c36f119a3c07a1af7005529398df6b6ab6693ea32dcd3aace5a8654d2d3
mosi/seed66/rate0.7_fixed0.2_retention.jsonl.gz,1164721,9a87a440b245f4f296a56a65c98e1e3167f2b03c09dc522f3ea603173b39391a
mosi/seed66/rate0.7_fixed0.2_writes.jsonl.gz,299103,b2e59aabf663915cbd8f2503b761545e0887c2a56df7fea9bc2bb028dd93a1c7
mosi/seed66/rate0.7_fixed0.4_observed_fit.jsonl.gz,328165,ad7d15418b2c40c06ed7be264a2659ad86247d4c3e0e2c0b5475bfb21af7fe3b
mosi/seed66/rate0.7_fixed0.4_retention.jsonl.gz,1165965,4c5c8c0d97f30b954147251bb6516584b7a4794cfeac9b239bbba8a27236a804
mosi/seed66/rate0.7_fixed0.4_writes.jsonl.gz,300569,8e0a536e21a7d8381d2f8b9938f9c29e771119b0f982379dfb21c65929375c1f
mosi/seed66/rate0.7_fixed0.6_observed_fit.jsonl.gz,330992,eb25e41489f1fe58edc8186d7fcdf3f70de3c28fb86f851bcd84b18a37283b85
mosi/seed66/rate0.7_fixed0.6_retention.jsonl.gz,1166170,0f6256544d24d5ca29ab7d52daebf16d7e8c35f33285f1e433813258737db453
mosi/seed66/rate0.7_fixed0.6_writes.jsonl.gz,302284,dacbe3a438c76efd95847f1494f87ced9e9e80aa4ae0dc427d050501ae84662c
mosi/seed66/rate0_fixed0.0_observed_fit.jsonl.gz,237599,2478d3e530b244b37bc5035e0bb904a11d1b827764e9aa2a6b5e0579dc39809d
mosi/seed66/rate0_fixed0.0_retention.jsonl.gz,56,feb83144238f720f898328718ffd72d464b2713c5584e0f6763231de71dedec3
mosi/seed66/rate0_fixed0.0_writes.jsonl.gz,126791,14555ac85327c1c15d4e271361073259d75e707aa4b3764574f4e04980d632d7
mosi/seed66/rate0_fixed0.2_observed_fit.jsonl.gz,774910,c96f62d28b00c13d314bed770b461f9ae1016ad09f6484336e2a919e1f307524
mosi/seed66/rate0_fixed0.2_retention.jsonl.gz,56,6f23e0aef81339587f4c15355e043b88d9c012cfd7d3f9291829668442aa05ee
mosi/seed66/rate0_fixed0.2_writes.jsonl.gz,196932,9388766c8a44de7013954ae43fe6b2724291820bf555ce861c96a433cdb17220
mosi/seed66/rate0_fixed0.4_observed_fit.jsonl.gz,783782,a786d9d9a990043c1300921308a9929232132e487aa7d4e89e6ab109193783f6
mosi/seed66/rate0_fixed0.4_retention.jsonl.gz,56,ac1b2a9850dd18c39ea1073fd4a8428458ce08ae1b6fbca525a3e342a7e8845f
mosi/seed66/rate0_fixed0.4_writes.jsonl.gz,198242,d18ed83e41e2506443d087f610c9a81ff9e14d43163e3ef186f50faf7e363e9e
mosi/seed66/rate0_fixed0.6_observed_fit.jsonl.gz,786855,86a3298726bc091565cef208b00eadc676deeef2f8fdf5d2dde782b6fce674ef
mosi/seed66/rate0_fixed0.6_retention.jsonl.gz,56,4a061f238de1cfc649cf4eace1bcf66afa327b0f046cbe0cc6668240d6b072a9
mosi/seed66/rate0_fixed0.6_writes.jsonl.gz,198537,56bf0bbe6b0834182fddda6e01b7f87a1a053d4f89006302408812b4071bedf7
mosi/seed67/rate0.1_fixed0.0_observed_fit.jsonl.gz,217639,03eccd4d96192415dbed9564ba504801061b43aaac08f73ffc52f3a5643dd40b
mosi/seed67/rate0.1_fixed0.0_retention.jsonl.gz,45434,f0466442cf2ef831f6ac16f28d4c84c94038ec8d23722f3b9c398d199e7a0b89
mosi/seed67/rate0.1_fixed0.0_writes.jsonl.gz,163388,356bf6392f5652b373fabb186249577566601b4f738b62713238bb9902fb8ca8
mosi/seed67/rate0.1_fixed0.2_observed_fit.jsonl.gz,697691,d18e40c6fa875159bc18e6e414a1d690af629f503ac803f5b0df55715db390b5
mosi/seed67/rate0.1_fixed0.2_retention.jsonl.gz,225602,93d08daf6c860bd3e7fbf2f9da775210cedd171f8d72ef6437a4c03f1006d67e
mosi/seed67/rate0.1_fixed0.2_writes.jsonl.gz,231873,b8d1cade671d8a6754f77435dbcdb96b04908a967c17e6f58908f84b76485334
mosi/seed67/rate0.1_fixed0.4_observed_fit.jsonl.gz,706022,3019e020ce0d42893bc3ee08aa7eccf62b0d0749c1894b27863f8bf305f4eb82
mosi/seed67/rate0.1_fixed0.4_retention.jsonl.gz,226352,ad4e10d48892ffa0e2dece0efb62bb27379e75e1e97ca7c3d906790e70de93a7
mosi/seed67/rate0.1_fixed0.4_writes.jsonl.gz,233521,b08e18a4dd5ef80bce6dcadaf628271c88107760d3a55ad5cf70a5db990d62ef
mosi/seed67/rate0.1_fixed0.6_observed_fit.jsonl.gz,709106,0bdb6e0aefc349ad33a61d83ed1c02e74c8fd56919d7c978bbe18b8686873c45
mosi/seed67/rate0.1_fixed0.6_retention.jsonl.gz,225630,90f7705a6d01ef54527da4a8287bb2b16d906791b4f86d565dca88258e79c7f6
mosi/seed67/rate0.1_fixed0.6_writes.jsonl.gz,233527,de72893c6ce74d8aeca24dba7c4f04ce92f00a9bfa78df461c8b7cb41768daa3
mosi/seed67/rate0.3_fixed0.0_observed_fit.jsonl.gz,174302,b5659caa0bbbb3d3e44c745aaa2a5226dd1f055fdd874d3ce912ddb1c11a7b8b
mosi/seed67/rate0.3_fixed0.0_retention.jsonl.gz,118095,0562caf4416f806c673bd121873b9ce7b5a433c75ca436ce5fc4570d872c657c
mosi/seed67/rate0.3_fixed0.0_writes.jsonl.gz,206370,36b2ee002d1c1ba9973fbbf6131cad5734da16ba7d439ff4846c917b1fce9a49
mosi/seed67/rate0.3_fixed0.2_observed_fit.jsonl.gz,551890,99550988b2f1c6f0ecacd1d6e21f7ec11c313ac82508ad845b22473e79661cc2
mosi/seed67/rate0.3_fixed0.2_retention.jsonl.gz,636403,4d3886ae6b164fdc759e29243587ebdb10b10456efd0c0597cd5924f615b4056
mosi/seed67/rate0.3_fixed0.2_writes.jsonl.gz,272552,0a2a03ff19d2c832baf4c677d290cb273329680f666e093d550e000fee6d36d5
mosi/seed67/rate0.3_fixed0.4_observed_fit.jsonl.gz,558599,237e052f5ee0a948360dbcdcf3a6de5555639e222298c189636db7d2ebdb296e
mosi/seed67/rate0.3_fixed0.4_retention.jsonl.gz,636568,f1a8152f9599b619dab3004949117b091e4e1bfd652c1cbb2038de265ea326b1
mosi/seed67/rate0.3_fixed0.4_writes.jsonl.gz,273593,e1628458aad6ac172f05844f9760494d86c6d83f53543d7e93563c9239d39a6a
mosi/seed67/rate0.3_fixed0.6_observed_fit.jsonl.gz,561167,ea849f7a231f7d19cc35c06984a0c54c8a4f93ab3c0ffe0fa4e4db6d480b61b4
mosi/seed67/rate0.3_fixed0.6_retention.jsonl.gz,635523,707e87499ec4332c20b54e5815da7407b7bd02a12ae905bc9917c76d79d6da83
mosi/seed67/rate0.3_fixed0.6_writes.jsonl.gz,274220,6ba5be2dda120a0a6ba90dca891e90b85182154c020430e5f7ed708ec5f3c19f
mosi/seed67/rate0.5_fixed0.0_observed_fit.jsonl.gz,132782,0bfd4222e524117057a57bdda9cdadc8a205ea2de43af9369b89cf3411312799
mosi/seed67/rate0.5_fixed0.0_retention.jsonl.gz,166130,bfebc8207a0deae0c496fb888df21e9bd0e3cb207fe1328a06bc0c9578fefc0b
mosi/seed67/rate0.5_fixed0.0_writes.jsonl.gz,228059,9c5ce6641b9ec3566601135535e688b35d6fd8ea2154c98f7d8e6d906627b65a
mosi/seed67/rate0.5_fixed0.2_observed_fit.jsonl.gz,421045,de407a7dfd6eb12b14312bb15fcc0e966d053073514a5d2e05c2186cfddf86a4
mosi/seed67/rate0.5_fixed0.2_retention.jsonl.gz,948627,26b1d10838a2c1eae17fed3d0ea76e9461bd5162f5b41d8c76f26317582a8cd5
mosi/seed67/rate0.5_fixed0.2_writes.jsonl.gz,291544,f8fd5077295d372570277e7df48227892240d647be7b8840fc70a960bc3bc241
mosi/seed67/rate0.5_fixed0.4_observed_fit.jsonl.gz,426173,627e1d94ba23a107f3ca2270d23e96c7b482b4210939743b40e27c3c087b63a8
mosi/seed67/rate0.5_fixed0.4_retention.jsonl.gz,948517,cb14e9a3b98af330c3962644f37cc34cdc4cf2ceaf8144b98f80bed703079a4f
mosi/seed67/rate0.5_fixed0.4_writes.jsonl.gz,293283,6116a353d78e8e6d1dd6e8597e0d6aa39ba935697fc2f97c648802bca989587e
mosi/seed67/rate0.5_fixed0.6_observed_fit.jsonl.gz,428761,dea296ca719e2935d45984cbb6d8cd28104039dbc8602b7f0b15092523b27df6
mosi/seed67/rate0.5_fixed0.6_retention.jsonl.gz,946697,c13c0fff4ad00bede07ecfca408ea4527a6dfb168c893f73d3be38313041f126
mosi/seed67/rate0.5_fixed0.6_writes.jsonl.gz,294522,485478e6a97e5966cfa469033834bf44e4e54906aa40de577bf52d5f3c9c023a
mosi/seed67/rate0.7_fixed0.0_observed_fit.jsonl.gz,102873,5283e2ec1b176e9ae501ebef211a93c48e0d3b1427e1d07457e2b6bd61e2cac7
mosi/seed67/rate0.7_fixed0.0_retention.jsonl.gz,194033,81834acfcc1658777a3174a0fd1be2d6ef98aeecf73dc3c006c187f3685be0a5
mosi/seed67/rate0.7_fixed0.0_writes.jsonl.gz,237316,320e8d149bdd0fa1e0cafc0490fca3f53d4bed0fd476ce40f43eb7020fc0ec18
mosi/seed67/rate0.7_fixed0.2_observed_fit.jsonl.gz,331524,2254700e3fa9c464714ad824808bf491ab965695c9a414f79f382d656786484d
mosi/seed67/rate0.7_fixed0.2_retention.jsonl.gz,1151071,f4b4898fcb665d28474fe76e2846d061b7f133ac9d0897ada06e16666766b15b
mosi/seed67/rate0.7_fixed0.2_writes.jsonl.gz,299898,df3ffcf50f365feb399df41b3a016afe2cbe44b0af783b0f14a529f4f40c0d14
mosi/seed67/rate0.7_fixed0.4_observed_fit.jsonl.gz,336136,26fa16e1a5c630b788d4f202d84f40f636dab5e138f357aab4e9dfc91d29101d
mosi/seed67/rate0.7_fixed0.4_retention.jsonl.gz,1150678,aef2307eefb42fedd2e8154e8c91c741cb6112ea2f68bdf3b7b0527945fd6003
mosi/seed67/rate0.7_fixed0.4_writes.jsonl.gz,301349,44592f7e7cbcb4b7daf0363ea98eb6ef71f728eb56911a4a48304421d22b60bb
mosi/seed67/rate0.7_fixed0.6_observed_fit.jsonl.gz,338604,5e48d7e97a171d39abd7b2725027d1e7efa072e723486c42185ee312d530e256
mosi/seed67/rate0.7_fixed0.6_retention.jsonl.gz,1149794,c39dc6d873eb3fec6ee3f5e71787bb02fd4f3b214beea54b6a7a72e2ef58c20d
mosi/seed67/rate0.7_fixed0.6_writes.jsonl.gz,302446,4b1eac58723acf202376ed10ce00f628234fc9575f1627c861acd7b5bd7a4aaf
mosi/seed67/rate0_fixed0.0_observed_fit.jsonl.gz,237844,cc225ea694ab00ea8474a0b1c26c33f35e014e6af6808b96c4956f182dd320ac
mosi/seed67/rate0_fixed0.0_retention.jsonl.gz,56,b19c711295683ba051906d7e60e976d28c5484d6607119801acf2348d6a42942
mosi/seed67/rate0_fixed0.0_writes.jsonl.gz,126455,9acb66ba35af94c3e81f0216c2deecfbda48626327c0482aeb492e70882ebc7b
mosi/seed67/rate0_fixed0.2_observed_fit.jsonl.gz,773856,16e9965ae3314eeeef4bd9d0cef312861cd2d25f6e5245fb0307c74835349fcf
mosi/seed67/rate0_fixed0.2_retention.jsonl.gz,56,eee7ee1f8a7c98c61f13c1beae6c1eb158493ca85d140b5af1b1dbb08cba71fd
mosi/seed67/rate0_fixed0.2_writes.jsonl.gz,196777,98da6ea443a82a8cd7af6f4265a5b39f19c305a2315064862f0979119fdcf641
mosi/seed67/rate0_fixed0.4_observed_fit.jsonl.gz,783471,853a9708135c70358fd4c39ca8f359a89141de08eeb6343ff58b5e5bb1b09504
mosi/seed67/rate0_fixed0.4_retention.jsonl.gz,56,ac1b2a9850dd18c39ea1073fd4a8428458ce08ae1b6fbca525a3e342a7e8845f
mosi/seed67/rate0_fixed0.4_writes.jsonl.gz,198185,affba4da6ffc42983c754f7631c32797e5702ea2a0c806011e5586f77fedd78c
mosi/seed67/rate0_fixed0.6_observed_fit.jsonl.gz,787743,28978f495275a5a42ca5f179d017bf53824f9182b871f5d3176578326ec0fb6b
mosi/seed67/rate0_fixed0.6_retention.jsonl.gz,56,4a061f238de1cfc649cf4eace1bcf66afa327b0f046cbe0cc6668240d6b072a9
mosi/seed67/rate0_fixed0.6_writes.jsonl.gz,198640,dae7ee38fbb3dcd5b547f4247ce21b8372247fdc86d613f14e91c5674b5d8ea6
mosi/seed68/rate0.1_fixed0.0_observed_fit.jsonl.gz,219648,0c409a6161b7ea4d83f05c19f88f5735b478081b3809167ef5e849ba183defad
mosi/seed68/rate0.1_fixed0.0_retention.jsonl.gz,44055,875f87cb5a2ba71fc9e8e9e513594ac03e3a1b8598b5f6e288942b33569bac2e
mosi/seed68/rate0.1_fixed0.0_writes.jsonl.gz,161675,5c177020a59ab144dc69b4920622c224d174dc4de9fa3043ee4f363520edc61c
mosi/seed68/rate0.1_fixed0.2_observed_fit.jsonl.gz,699074,9793158155b3e6f5629e32616d14381c732d1dfe6eb1623196e17b717d42c6b3
mosi/seed68/rate0.1_fixed0.2_retention.jsonl.gz,217385,085d14ad9ac3f8a15e02ac00c1515909e2019701943fb6fc70f06c5a45e0aab7
mosi/seed68/rate0.1_fixed0.2_writes.jsonl.gz,231320,038ba6a68e267bb500b53a00b3ffa5ab6f515277d26de7a5d6c0d397239573ba
mosi/seed68/rate0.1_fixed0.4_observed_fit.jsonl.gz,707208,bca8b5e1d6384282e515076fb773c2084733d1ae4c591a6827bc80e0cf0feaf0
mosi/seed68/rate0.1_fixed0.4_retention.jsonl.gz,217244,b68405bb14b93a2ad4294f989567b160c90e95cc88cf29b78a55f0fd13031202
mosi/seed68/rate0.1_fixed0.4_writes.jsonl.gz,232382,865ff3834c3aba6f1f082084b8dcf10d196993ca30bcf984cbf0632af89c7eb7
mosi/seed68/rate0.1_fixed0.6_observed_fit.jsonl.gz,710824,6d9d59f253eb9ab73eed758e88b88710f26588710f035f47fab0138624a6c038
mosi/seed68/rate0.1_fixed0.6_retention.jsonl.gz,217157,47207dcb36631efcdb54cf262d3a0bf580ebc8a9e3d31afd2d624c05bc7144fb
mosi/seed68/rate0.1_fixed0.6_writes.jsonl.gz,232676,02015b5cb308a66738cfd6bab111869dece7bfa5d2e395b0bc43a6225dcf130c
mosi/seed68/rate0.3_fixed0.0_observed_fit.jsonl.gz,176378,e9d652c5e8ee43a691fdb9a22a5cc2f7d20ee8ac4ac2a108d5531627b7a7b28d
mosi/seed68/rate0.3_fixed0.0_retention.jsonl.gz,115032,8c669390a0bc9015298d7b7e908739ac416260ce281bca7590eeb91ecb9eff3c
mosi/seed68/rate0.3_fixed0.0_writes.jsonl.gz,205012,5761ea63991a44d5cbc24ef6d75c50243f8183204dba3ddaa997b8984d749f07
mosi/seed68/rate0.3_fixed0.2_observed_fit.jsonl.gz,555749,687764d50736d54c60e59d1ca6307ed71b0c2adad74818b85e60dcec9b99e753
mosi/seed68/rate0.3_fixed0.2_retention.jsonl.gz,618308,2fe895b6e9365ddc95e2782e2aa08800252ad3202d4163970554b4971207053c
mosi/seed68/rate0.3_fixed0.2_writes.jsonl.gz,270516,0864ad339eb144b9ecc101865066af21c5409abec6c4f5682a4019e5320394c1
mosi/seed68/rate0.3_fixed0.4_observed_fit.jsonl.gz,562636,ab3ccf8814358b6ea94ee33a7249d8660e68c4c5fcc2a2126de91094e4822742
mosi/seed68/rate0.3_fixed0.4_retention.jsonl.gz,618524,a8177dfe20c4491dd82c2e7fbd2a3d646382e1925d10afbde5a2307bcae8995e
mosi/seed68/rate0.3_fixed0.4_writes.jsonl.gz,271923,7f3abf87275bb349391d1620d30e614ba753cb9224bd8488f03a4655d6194349
mosi/seed68/rate0.3_fixed0.6_observed_fit.jsonl.gz,565595,0a5c477c7d31eb46d1d78dedaa780eac7cd065a9c4df979be2640dba0c730633
mosi/seed68/rate0.3_fixed0.6_retention.jsonl.gz,618121,3b7fe172e2bb28cc986359ae1b9348285e1c5e817a861b55dedeb87b91ccd0fc
mosi/seed68/rate0.3_fixed0.6_writes.jsonl.gz,272582,26e0bd8a3a27e5ac7b888a2082a6930acb9de169c8087f9c9dab0be76eeffd81
mosi/seed68/rate0.5_fixed0.0_observed_fit.jsonl.gz,134943,f5a610607486ebb195f100f510b570518f74ee1b65ffff9f3d41f6bb36890437
mosi/seed68/rate0.5_fixed0.0_retention.jsonl.gz,166222,09f3129a7190f5d00fd35528f784bd47527470532b04349fe1c5017efbee981d
mosi/seed68/rate0.5_fixed0.0_writes.jsonl.gz,228084,2e04089687f59f710ae04ab6162261b57b3c1f8070d35f06bace753e9415ca0a
mosi/seed68/rate0.5_fixed0.2_observed_fit.jsonl.gz,426398,20aecfbc2469e630d233f1bf88503157b15b9aa57cb829ee57247a5d8332b328
mosi/seed68/rate0.5_fixed0.2_retention.jsonl.gz,946259,e9c01359798aa806444e3a6e3357065addfa28336464b97191641abf7abd28bd
mosi/seed68/rate0.5_fixed0.2_writes.jsonl.gz,291914,7cd3bf0e0d8bc3ff881d51aa30d58255c5e75549463b0ad990e15c429c8f4471
mosi/seed68/rate0.5_fixed0.4_observed_fit.jsonl.gz,431781,c6c0d0f9860ff27c119208bcd6093f5808c7c40440f613e04569014f4bad3030
mosi/seed68/rate0.5_fixed0.4_retention.jsonl.gz,946087,154909d210193e33fa1f6b84470a82007697afd64869bebef46dca39291aa6bb
mosi/seed68/rate0.5_fixed0.4_writes.jsonl.gz,292886,628f2a388a1d618289f039ce1e337b462aaa1bf9873ef1f156f6569cac6970be
mosi/seed68/rate0.5_fixed0.6_observed_fit.jsonl.gz,434125,5db5978d050755eadde868c1c24a356e3b684cac125aac088093d51e081a9e91
mosi/seed68/rate0.5_fixed0.6_retention.jsonl.gz,944932,32cf52487c7d5f3f6e1331d6b58d1ce0f7f745ba3abb13f1617f26ee592971b1
mosi/seed68/rate0.5_fixed0.6_writes.jsonl.gz,294198,6c2d053067b448f6b74d88e98a73c60f49e4136faebc271985c15344aadeaf58
mosi/seed68/rate0.7_fixed0.0_observed_fit.jsonl.gz,103008,461b9bfffbfac40811db14d20059c7098d59972fe7926e104d072355a53bc721
mosi/seed68/rate0.7_fixed0.0_retention.jsonl.gz,194739,abbf29d2a084e502c7bf471c198c597b4ff3e2eb04edc23f319ffe6c4163d253
mosi/seed68/rate0.7_fixed0.0_writes.jsonl.gz,236751,4fbba21c58a82625c6b8d25e1b29e15c5619b1826d0ea96ca50778b8363e5e5f
mosi/seed68/rate0.7_fixed0.2_observed_fit.jsonl.gz,332128,bda66c57dd1716622e621631a923e81929860df76705748611df167a01d5a6c2
mosi/seed68/rate0.7_fixed0.2_retention.jsonl.gz,1166161,57a493d57c43774d3f55defc7d05c152e3685e5f2cdd69bc364bcd97b004bfc2
mosi/seed68/rate0.7_fixed0.2_writes.jsonl.gz,299023,4f3f3698959eedc859f21174d572e665a3d8c7eb3bbe6b95c551c9277c369790
mosi/seed68/rate0.7_fixed0.4_observed_fit.jsonl.gz,336309,db4f5330be6a7190bf705f10cc4e1bd726df7c15c3fdfc7dcbd78deac0a8080e
mosi/seed68/rate0.7_fixed0.4_retention.jsonl.gz,1166250,3ebade44de5da89aece489a8bda92d41674944bb5f7e2fd06f9a487667a74790
mosi/seed68/rate0.7_fixed0.4_writes.jsonl.gz,300858,2029162f2312cf47ab0c28d8d1c11e521a47a84bff5c000a5ce099855e310a1a
mosi/seed68/rate0.7_fixed0.6_observed_fit.jsonl.gz,338835,c2682041a688502ac6588575f1f88566bb0f67efc133132d698c7a56a08937dd
mosi/seed68/rate0.7_fixed0.6_retention.jsonl.gz,1164823,95afe8e5b163932669e98a4b05668011cd3099e921093cd16222b0abb14daabc
mosi/seed68/rate0.7_fixed0.6_writes.jsonl.gz,302086,1ddb24ad835874a597b7dea99452de830e99beb6e240c9282d1475b75f399434
mosi/seed68/rate0_fixed0.0_observed_fit.jsonl.gz,239562,ca1c12941fbdcae84e67023a6d344552b32178a0f45cf257f6ead66773d29ae2
mosi/seed68/rate0_fixed0.0_retention.jsonl.gz,56,b19c711295683ba051906d7e60e976d28c5484d6607119801acf2348d6a42942
mosi/seed68/rate0_fixed0.0_writes.jsonl.gz,125386,480e113aa0ae77416c54750f0d1b574f2890fef208e75236c6c09c170e7e33c4
mosi/seed68/rate0_fixed0.2_observed_fit.jsonl.gz,772613,123379c8bcb3c2c7220848797eb5fb7e008adc0d64422340d7ccfda42d9e994c
mosi/seed68/rate0_fixed0.2_retention.jsonl.gz,56,eee7ee1f8a7c98c61f13c1beae6c1eb158493ca85d140b5af1b1dbb08cba71fd
mosi/seed68/rate0_fixed0.2_writes.jsonl.gz,196603,43865ae09cae2d7b7e90d2f9e10786debfaf824732fb0ee93619d9d0098793b2
mosi/seed68/rate0_fixed0.4_observed_fit.jsonl.gz,782581,654ef5a53bae0c3c0f518a8c73ee08e3cb4b91c8e1351f4f211fe59f6837c471
mosi/seed68/rate0_fixed0.4_retention.jsonl.gz,56,ac1b2a9850dd18c39ea1073fd4a8428458ce08ae1b6fbca525a3e342a7e8845f
mosi/seed68/rate0_fixed0.4_writes.jsonl.gz,197916,507fc650965783433f4471938802240021fff711741cedbb71de8d9787860581
mosi/seed68/rate0_fixed0.6_observed_fit.jsonl.gz,787129,133d622461611969da92dc3a336c47790caa2a82ce5fce90d83ec7c76191430f
mosi/seed68/rate0_fixed0.6_retention.jsonl.gz,56,4a061f238de1cfc649cf4eace1bcf66afa327b0f046cbe0cc6668240d6b072a9
mosi/seed68/rate0_fixed0.6_writes.jsonl.gz,197781,3e797e519246ec9484191fa9ae9806c47f5231269dde5aff12c2a82981060118
mosi/seed69/rate0.1_fixed0.0_observed_fit.jsonl.gz,219984,cdf8cfa9ddc6a461d28c93e135b80ae281a0fed37235636a5c2cd17c60564a09
mosi/seed69/rate0.1_fixed0.0_retention.jsonl.gz,42788,2c18a1738852744ca4a0a1632f9fa667d76ec09babf68813463eedeb477e9d03
mosi/seed69/rate0.1_fixed0.0_writes.jsonl.gz,161670,a547fe4d323aaa552fc0bac9ebda35367878aa3e2e4f132026dbb90460779529
mosi/seed69/rate0.1_fixed0.2_observed_fit.jsonl.gz,702565,55c2e8b40a3b9bff48dbee4d86daf4be4bbfd63189270ffbc0a5273c9fc9aa75
mosi/seed69/rate0.1_fixed0.2_retention.jsonl.gz,214250,93e860038f1b21b04e56eece431b3a8771fde38a019359a76019662486769be5
mosi/seed69/rate0.1_fixed0.2_writes.jsonl.gz,229943,e557c919430d2b652c706791d3f82a08edb236163d005f98ef627d37043b0f88
mosi/seed69/rate0.1_fixed0.4_observed_fit.jsonl.gz,710391,e8ba0ad9112a7a89951d593af7d4396db79f975f84b675d10f3898992cd85c63
mosi/seed69/rate0.1_fixed0.4_retention.jsonl.gz,214214,bb36bc2b59164a394c9e592415336a3a538e0cdbb5456d774729cbf9699ba0f6
mosi/seed69/rate0.1_fixed0.4_writes.jsonl.gz,231128,5282e1071badb6f351b907ac200859ba7ed589dcc3d10e009c41b57af292471f
mosi/seed69/rate0.1_fixed0.6_observed_fit.jsonl.gz,712930,0f5792d612a1f82ddba25544c356737a8210846a53b21bfa7c6b0e8d46bc34e7
mosi/seed69/rate0.1_fixed0.6_retention.jsonl.gz,213841,bbc3318ab5303945f26d2ee952239ca438148272c64877f63b0d8bd6eb0724f7
mosi/seed69/rate0.1_fixed0.6_writes.jsonl.gz,231947,5b5b600429777b4a150b61e0bca470af282b7a9d75666917795fe53eeab57ddf
mosi/seed69/rate0.3_fixed0.0_observed_fit.jsonl.gz,178774,e42d3e62f407c8e9c0bc91fda110836ad37ac585088e3aadf7d1fabfdfcc9619
mosi/seed69/rate0.3_fixed0.0_retention.jsonl.gz,113175,b6e71690a7a3bf93ff20217fde93a466620d9ff9a54721cb56b7cc463b3a4afd
mosi/seed69/rate0.3_fixed0.0_writes.jsonl.gz,205670,50c6befd4225630b1423568b7c62f68ac4ee00140040e0807dc9a305eecea45e
mosi/seed69/rate0.3_fixed0.2_observed_fit.jsonl.gz,563414,acd9e64991d3344ad20d53c0f5cc27c9c75fd902ef3af4ecdc90fd05e1e62bee
mosi/seed69/rate0.3_fixed0.2_retention.jsonl.gz,604858,d1ff95ea9cf767f19e968f1246afe4b3cc59e4045f444797467c9ab3b33ce69e
mosi/seed69/rate0.3_fixed0.2_writes.jsonl.gz,271001,c8fb50b3f146ffc9f4033174b306fd13570aa301d7a2aaecf09c7c36a9b8b020
mosi/seed69/rate0.3_fixed0.4_observed_fit.jsonl.gz,569097,b7861d13f4dd2b2fc6ac5d6f661fbe1e124853bd28a020bd91cde8fd2364d269
mosi/seed69/rate0.3_fixed0.4_retention.jsonl.gz,605098,e9791d7b42b9fd6bec40e2090d7b306c21be29d71087625d6609a93266c27d00
mosi/seed69/rate0.3_fixed0.4_writes.jsonl.gz,273056,08307437d76e5f97c943f42562ed766b3d4fbeac6bcd39e3716697d6c2921ede
mosi/seed69/rate0.3_fixed0.6_observed_fit.jsonl.gz,572089,3eb02b0354efc80b4093f790566343b38efa5e95e4de6c7897e1f20ee1130681
mosi/seed69/rate0.3_fixed0.6_retention.jsonl.gz,604629,c1e447cafd891b447e2037b6b898fcf83e718725f25bc885e9ddcbfb418e862f
mosi/seed69/rate0.3_fixed0.6_writes.jsonl.gz,273458,d91e76aae8c91fb8b50f55f03c1b02271bed548e7a4cd22dc9b5e65c95709d97
mosi/seed69/rate0.5_fixed0.0_observed_fit.jsonl.gz,128809,7871312f50e6c1f6fe08be9e77dc190023c32e980da190350ad586999d470b8e
mosi/seed69/rate0.5_fixed0.0_retention.jsonl.gz,174890,d6e4cab1665913541ac6619df5faaf7f88d6988ad8fd2cf1bff41a2cf461136a
mosi/seed69/rate0.5_fixed0.0_writes.jsonl.gz,231878,7f34c2fd0a716d92c603cc5f4100dd69a9f4a77b06274371823a5efff6206709
mosi/seed69/rate0.5_fixed0.2_observed_fit.jsonl.gz,407271,17c3f84e48e1a357ec3ff86b1c0e97c58d8a52e7b732c513c30b48381b1bafc9
mosi/seed69/rate0.5_fixed0.2_retention.jsonl.gz,1006216,b1fbd58fb96f75ba63559d99ba547641bb259b037918b4dd48fd76f42c323705
mosi/seed69/rate0.5_fixed0.2_writes.jsonl.gz,294512,6013d122b0694ab44790badae8d4b01bcec4bc49b136905710c0fc261cd8d6e7
mosi/seed69/rate0.5_fixed0.4_observed_fit.jsonl.gz,412403,ab141a01542daab102c9bb9cff5e059b8e8622268ab632742837bbd65656d4d4
mosi/seed69/rate0.5_fixed0.4_retention.jsonl.gz,1006915,3f6bb1dafaefeddbc55f53d3d1f26d137eb2f77a36216aed0bd9c3e023c76669
mosi/seed69/rate0.5_fixed0.4_writes.jsonl.gz,296307,a2badd951f1f757fa8a76394eb31b7772d8deec48d5c80cd87335740c7e29cb0
mosi/seed69/rate0.5_fixed0.6_observed_fit.jsonl.gz,414782,c6cf352e8026424808bc3b29bbd1603e00dfd1b18cd22ac25b141920dea315bb
mosi/seed69/rate0.5_fixed0.6_retention.jsonl.gz,1006345,92d34283117b86b2b39f0a5cabd309c75a94d4c7e2f4cecad2cee8d2df4d79cc
mosi/seed69/rate0.5_fixed0.6_writes.jsonl.gz,297444,111618aeac81ae33bc50bc155a593b3b6dd776a00039c9e9aeedc00c276299b7
mosi/seed69/rate0.7_fixed0.0_observed_fit.jsonl.gz,103138,6b1d746c7846f463766e1462e4086865168d984feeacab0160c3a94936d06e8f
mosi/seed69/rate0.7_fixed0.0_retention.jsonl.gz,196376,69965047a233efb9354f85eb55730ff2f3d6a666dfcaa7a5ea453b0877f97676
mosi/seed69/rate0.7_fixed0.0_writes.jsonl.gz,237799,170ca7b27203f77540ecf265f01bb0a7a1b6022c107f89f3923b04ab3e635de2
mosi/seed69/rate0.7_fixed0.2_observed_fit.jsonl.gz,332169,6c44b2589339d2e736227520bd007251d1df5e93988a23d82d057ac9676dcf65
mosi/seed69/rate0.7_fixed0.2_retention.jsonl.gz,1168677,2f5d7b657d85c6457db5cd1b48214ab6dec2c3e390ef61057d654800605b3732
mosi/seed69/rate0.7_fixed0.2_writes.jsonl.gz,300703,2ccf30d658bd1bd5a95e2023f886379675ae4b9d7c9d769d213e032136626e51
mosi/seed69/rate0.7_fixed0.4_observed_fit.jsonl.gz,336343,97825c2fba2a5596adc55e8e276ded3dd9951e1ab4dd07305d4a0be6a76b6b4e
mosi/seed69/rate0.7_fixed0.4_retention.jsonl.gz,1168847,36d6a66de9d448d81ea552fb0f55ef865f6c48170c4b442aac723606a1062154
mosi/seed69/rate0.7_fixed0.4_writes.jsonl.gz,302148,6523e797f9d3f5a1fbaa9d91ff74e3ca981dfa0c665f993276ae33f74e5dce3b
mosi/seed69/rate0.7_fixed0.6_observed_fit.jsonl.gz,338533,79997f82346bdf4928db3db4effb35e272cb65d4c09ce15c439fee388e9c6d90
mosi/seed69/rate0.7_fixed0.6_retention.jsonl.gz,1167852,d94838ad75daffd19751ad69d35fc1a3eeee18d239fad51f46cdec847d4bd71e
mosi/seed69/rate0.7_fixed0.6_writes.jsonl.gz,303002,d4e7fc3c1b74cd488244420ac581276eca02ba93811aba69b92f4b8fa034e51c
mosi/seed69/rate0_fixed0.0_observed_fit.jsonl.gz,239637,f1f64782fe644fa304882d6b0d3260b1ab7e390555066a690316ff9cc0f28269
mosi/seed69/rate0_fixed0.0_retention.jsonl.gz,56,b19c711295683ba051906d7e60e976d28c5484d6607119801acf2348d6a42942
mosi/seed69/rate0_fixed0.0_writes.jsonl.gz,126749,dad0033fa0308e71a23fe1a155521571aa1c0cf0f6d11e805bc0f4002768f773
mosi/seed69/rate0_fixed0.2_observed_fit.jsonl.gz,774900,4e53b92f76115e1dc55a33fc452ce0447bb29a8809c273acf8e428d928624249
mosi/seed69/rate0_fixed0.2_retention.jsonl.gz,56,eee7ee1f8a7c98c61f13c1beae6c1eb158493ca85d140b5af1b1dbb08cba71fd
mosi/seed69/rate0_fixed0.2_writes.jsonl.gz,196760,1df714d359d86bd16f2a381eac686cd0db239f68cedbc65a7f710e89826fa42d
mosi/seed69/rate0_fixed0.4_observed_fit.jsonl.gz,783431,85f3107a243103ef04df0139fc4eb3392029f413f1655b4d9cb49f978197ac7f
mosi/seed69/rate0_fixed0.4_retention.jsonl.gz,56,ac1b2a9850dd18c39ea1073fd4a8428458ce08ae1b6fbca525a3e342a7e8845f
mosi/seed69/rate0_fixed0.4_writes.jsonl.gz,197812,f75d2bd3e409b3d6b566375de6bba463af63ab1ef5468784bcf8d06d1221b0f8
mosi/seed69/rate0_fixed0.6_observed_fit.jsonl.gz,786956,a335f1a6266fbed9555133bb9eea151c73a6258d81dee9b52a20f3bffda1362e
mosi/seed69/rate0_fixed0.6_retention.jsonl.gz,56,4a061f238de1cfc649cf4eace1bcf66afa327b0f046cbe0cc6668240d6b072a9
mosi/seed69/rate0_fixed0.6_writes.jsonl.gz,198314,9b33bef5b7fd3b107605dacbc3f8265f6948d787686ca96a6853dbf99215b252
mosi/seed70/rate0.1_fixed0.0_observed_fit.jsonl.gz,219289,55dd2f3dd9b84ff10201a200eb7b6f3f74cefcdd6f5a45ae82b020b7bf713bbb
mosi/seed70/rate0.1_fixed0.0_retention.jsonl.gz,44787,a58680baeea1e9ac7aff8010c5c33d85e3d22e018ec9f34a1d480ad437b6d6aa
mosi/seed70/rate0.1_fixed0.0_writes.jsonl.gz,162932,caa36831e6d19a83666d9b17fb189b2af231d40625c9fe0d1fce114361b97224
mosi/seed70/rate0.1_fixed0.2_observed_fit.jsonl.gz,698824,45f0a7f80bf70a3857a7ec53f3b6164a935fdee5ffda9e5d45c9b7cde8ea42ae
mosi/seed70/rate0.1_fixed0.2_retention.jsonl.gz,224023,fdfd7348de5e50cc366b25ad2b0576723c213082f2abc15d248bb73d1bd79ec8
mosi/seed70/rate0.1_fixed0.2_writes.jsonl.gz,231894,709083d5748f566605b6e4a7e89f918d7dab363627518eb214d51d7952e174c4
mosi/seed70/rate0.1_fixed0.4_observed_fit.jsonl.gz,706487,554deb11a565359297f0ec586459bbd520264acc599948419b8e50dbca348b36
mosi/seed70/rate0.1_fixed0.4_retention.jsonl.gz,224700,5f28fc3fd34313d5d3d9400dbfb2529aaf8e1f250731e35dae9b8939e22099b7
mosi/seed70/rate0.1_fixed0.4_writes.jsonl.gz,233498,94b01e0c12ff7d01fba2845741c29a5fa960e314e895a5d1c881a4d2bae7395f
mosi/seed70/rate0.1_fixed0.6_observed_fit.jsonl.gz,710024,7f54046b443c833359f4946fc29930a42cd29494f3d49b216d86a24e497a5ce5
mosi/seed70/rate0.1_fixed0.6_retention.jsonl.gz,224550,79c3accc505baf5fac7b453f3b522c0aeb8429b1bf010942856f858dabcba6d7
mosi/seed70/rate0.1_fixed0.6_writes.jsonl.gz,234110,01a288508819e2ecbbd398f19f02dccbf354d68b0e05a61695f1320efed95866
mosi/seed70/rate0.3_fixed0.0_observed_fit.jsonl.gz,176355,67f19f206d5628b823b53310d499c858835b582ac21bf078e6c2938b07360d74
mosi/seed70/rate0.3_fixed0.0_retention.jsonl.gz,117033,e0f7a319c71d3f76b470f811e8b907e0db809be235d943022af6db2857e67cfe
mosi/seed70/rate0.3_fixed0.0_writes.jsonl.gz,207370,9820ca727b667b6d9a7b07ec9f025bf08982f693adf23c77a84c2fcb225c61f3
mosi/seed70/rate0.3_fixed0.2_observed_fit.jsonl.gz,555227,38d83cd60361c7a924b172c80b6f05374667e06728dc9a3673c6d4fcea60d9a5
mosi/seed70/rate0.3_fixed0.2_retention.jsonl.gz,631598,92a5af578b2b14953b397f254b37d3a6baa37f12b6ef14b74b831a620620c9bd
mosi/seed70/rate0.3_fixed0.2_writes.jsonl.gz,273356,b3547f19b413e4417447ea9a8dab25e7205dc282590c9c2e72b89a5f59f44ab0
mosi/seed70/rate0.3_fixed0.4_observed_fit.jsonl.gz,561590,af371d08049e47a034ea55796703fd7ff094160d00aa8eada503f62d9fa5dce9
mosi/seed70/rate0.3_fixed0.4_retention.jsonl.gz,632852,a7f701e573a8592324ce68bd1714dde4d8a42d1e5eb5fe4a236b8adbec5a09e9
mosi/seed70/rate0.3_fixed0.4_writes.jsonl.gz,274680,804e88a045bfaf71b68c4d77a562b452aa918dcf0e0b38ccca83f51bbf135b62
mosi/seed70/rate0.3_fixed0.6_observed_fit.jsonl.gz,564437,e869afd7367f31a1486c99857c24e93f35c56d3b8a8ccfb7cca1de1c46fa9162
mosi/seed70/rate0.3_fixed0.6_retention.jsonl.gz,632763,5130238f32ca2f92fb3f35e1f3e69f74b2869c2254109db68c58a53f3f4a2141
mosi/seed70/rate0.3_fixed0.6_writes.jsonl.gz,275162,6f2fcfa66dab7e77ca5c36f10565d25618807bbfcb839c09bf2478e63596991e
mosi/seed70/rate0.5_fixed0.0_observed_fit.jsonl.gz,132101,a2561fff75de35eafe50a59f22a97395703ba27375220d5d1ac38ec98c322d04
mosi/seed70/rate0.5_fixed0.0_retention.jsonl.gz,169977,55bffbdba295daea9b3e2375c4a07dfd3b604dde1dbaba367ba2eb14ad3d25d3
mosi/seed70/rate0.5_fixed0.0_writes.jsonl.gz,230585,648948509720e4778d230dee01cb15816e69c5b8a32e424e45ce166932135b8d
mosi/seed70/rate0.5_fixed0.2_observed_fit.jsonl.gz,416863,4159d948f5590ec365b660984c57ffcf57111db1942dbe377669d53e86269d0d
mosi/seed70/rate0.5_fixed0.2_retention.jsonl.gz,974574,3e4074cf8c2e80fd9c2de5c481898141e5897b12c73a6495e8caacddfb9388a7
mosi/seed70/rate0.5_fixed0.2_writes.jsonl.gz,293936,0136c965b407372a182ae008b30095de87ed4ae27150c624c6029bb525fd04ad
mosi/seed70/rate0.5_fixed0.4_observed_fit.jsonl.gz,422185,25c2755ee2ab3b89d5ce763177a97b56249e8e655787090461c3c0e4b7e3813a
mosi/seed70/rate0.5_fixed0.4_retention.jsonl.gz,976308,da3162e20303930178d6488b03d67ebe5f1b3e419d36fe97cb092522f599240a
mosi/seed70/rate0.5_fixed0.4_writes.jsonl.gz,295873,81b1ad13dee562882c1cbc931fc12a92572238eb8b7e74b31a54dfbf818442e5
mosi/seed70/rate0.5_fixed0.6_observed_fit.jsonl.gz,424483,d1b884aeedf8b9a1f951e86096f3fae3d1c927441b81d4f46275281203e62b7d
mosi/seed70/rate0.5_fixed0.6_retention.jsonl.gz,976041,f0457c6c134cb5fb4fe6702d4007d3aff6e07e5f38cba36949a96899b931c1a9
mosi/seed70/rate0.5_fixed0.6_writes.jsonl.gz,296970,7160cdfd2801177f4e83a4ab1f80e3f6c00ae34ff2850cfcc640b0264544b94b
mosi/seed70/rate0.7_fixed0.0_observed_fit.jsonl.gz,99333,7b50674148f3ff4d3198a8b686380e9788db90ec8b6bbf6eda29a9f387b84b5c
mosi/seed70/rate0.7_fixed0.0_retention.jsonl.gz,196580,2fa761326c619d52261996914fceb1dd7e3d13458b79a8bd6818c19b54bce6eb
mosi/seed70/rate0.7_fixed0.0_writes.jsonl.gz,239420,c64e9e3b04964e65d7c353fac0d5647c7b6772f0e3c0bc856b2680787705539e
mosi/seed70/rate0.7_fixed0.2_observed_fit.jsonl.gz,321541,631e2f824f3a3edefba6a9ec38948002dd3153e291972a0c7affad60ce10d61e
mosi/seed70/rate0.7_fixed0.2_retention.jsonl.gz,1181533,b1f576626f6bd7658ea44f1e6267f2b2f1e710a38a3fd1893f0159a1e06434eb
mosi/seed70/rate0.7_fixed0.2_writes.jsonl.gz,301454,65f1cbee6cff4c189c96c13e8a05fd127ee46097affe8ff67419e70f8c47af0d
mosi/seed70/rate0.7_fixed0.4_observed_fit.jsonl.gz,325939,c83532347150b67a705f39ce580d23378d57b999ae8884ca95a9bf1ff4fc79f3
mosi/seed70/rate0.7_fixed0.4_retention.jsonl.gz,1181681,73bb51731bbf38e5f1bcd01cf0b3adbbaf07c95ea549c40db843ad68d546b192
mosi/seed70/rate0.7_fixed0.4_writes.jsonl.gz,303614,d9c04a46af53de04c0b86dcce8a6f05e8baba5316ea0c988c92600512119d102
mosi/seed70/rate0.7_fixed0.6_observed_fit.jsonl.gz,328362,db7d511a7c9e9ba9a1980f48b03c3573459027397445fdce9a2412c6e7bffdf1
mosi/seed70/rate0.7_fixed0.6_retention.jsonl.gz,1181825,900483a1a03def9809217a03d164a6730fc8b707a68a26e8aa5db76030d79f52
mosi/seed70/rate0.7_fixed0.6_writes.jsonl.gz,303798,72e3548fe2cee008a2df66e394450b5b482f5159ca2145dc50cc47041ab19a37
mosi/seed70/rate0_fixed0.0_observed_fit.jsonl.gz,239543,669997d419091b72aa8396b298f96ffeec284e27ec71479e68bba902ff0df1cb
mosi/seed70/rate0_fixed0.0_retention.jsonl.gz,56,feb83144238f720f898328718ffd72d464b2713c5584e0f6763231de71dedec3
mosi/seed70/rate0_fixed0.0_writes.jsonl.gz,125786,a66f71769dec07ea8a3888442e3155c619177212d4d910f9641a88cef20560a0
mosi/seed70/rate0_fixed0.2_observed_fit.jsonl.gz,773532,ccc1f41d61662b493e0314cb959dc8823ba3f31518f9beded799059ef48b68e8
mosi/seed70/rate0_fixed0.2_retention.jsonl.gz,56,6f23e0aef81339587f4c15355e043b88d9c012cfd7d3f9291829668442aa05ee
mosi/seed70/rate0_fixed0.2_writes.jsonl.gz,196553,ea9363ca1a1d069861912997d961ead71a236247f68df1c31b031949c9fce82f
mosi/seed70/rate0_fixed0.4_observed_fit.jsonl.gz,782627,149a6926b0e2d347ce6d36cfd2b5f65da19ca5b4fffe4dce7975f1808bbd8c12
mosi/seed70/rate0_fixed0.4_retention.jsonl.gz,56,ac1b2a9850dd18c39ea1073fd4a8428458ce08ae1b6fbca525a3e342a7e8845f
mosi/seed70/rate0_fixed0.4_writes.jsonl.gz,197984,be4444bc0ef83ac792af454e5c3fc86f2071547d0b3877517d871d16fcaa3d1d
mosi/seed70/rate0_fixed0.6_observed_fit.jsonl.gz,787155,569f1c0e9f8499853a623b06698ee43c0e40c044ae5e8a69ab6d2116ea83c4b6
mosi/seed70/rate0_fixed0.6_retention.jsonl.gz,56,4a061f238de1cfc649cf4eace1bcf66afa327b0f046cbe0cc6668240d6b072a9
mosi/seed70/rate0_fixed0.6_writes.jsonl.gz,198567,b81378669046286079e31db26033c3f19dc03a97ce9da96dd5fe652370d6abbc
