model,seed,rate,selected_epoch,weighted_f1,macro_f1,accuracy,mae,correlation
p0,66,0.0,30,0.8751164636870977,0.8721466396661057,0.875,0.9241436123847961,0.7812483604178156
p0,66,0.1,30,0.8628048780487805,0.8594058085594811,0.8628048780487805,0.9399734139442444,0.7413187939566587
p0,66,0.2,51,0.8191162971876397,0.8119860847564832,0.823170731707317,0.877258837223053,0.7185866458862886
p0,66,0.3,30,0.8041429817076766,0.8003091263052327,0.8033536585365854,1.0161067247390747,0.6553183823838424
p0,66,0.4,47,0.7939383606605204,0.7915669856459331,0.7926829268292683,0.9714673161506653,0.6665641021861963
p0,66,0.5,48,0.7709875569396195,0.7649711468643712,0.7713414634146342,0.9713833928108215,0.6483736762445459
p0,66,0.6,30,0.7454147694902017,0.7417419669303738,0.7439024390243902,1.0816144943237305,0.5837583482998944
p0,66,0.7,29,0.7482835686041683,0.7440367058735039,0.7469512195121951,1.1255120038986206,0.5725884266990824
b2,66,0.0,29,0.8704579785185191,0.867280754995418,0.8704268292682927,0.8042924404144287,0.797509176438695
b2,66,0.1,17,0.8597560975609756,0.8562814931941362,0.8597560975609756,0.8176792860031128,0.7569619737043318
b2,66,0.2,16,0.8319056177736404,0.8262640104770304,0.8338414634146342,0.8745335936546326,0.7121344281020763
b2,66,0.3,15,0.8174720895576233,0.8134031175332803,0.8170731707317073,0.9540177583694458,0.660941222492382
b2,66,0.4,47,0.812632420607084,0.8081301199662336,0.8125,0.9327141642570496,0.6760368901806239
b2,66,0.5,29,0.7606317623326609,0.7533834586466166,0.7621951219512195,1.0454429388046265,0.6149343014606133
b2,66,0.6,17,0.7485317196691796,0.7410434899819955,0.75,1.0257577896118164,0.5978949262585296
b2,66,0.7,17,0.7515984060146773,0.7442014962017272,0.7530487804878049,1.0355356931686401,0.5824668229003647
p0,67,0.0,41,0.8757562492925215,0.872025278957243,0.8765243902439024,0.7784489393234253,0.7791554052004406
p0,67,0.1,41,0.8592963916652153,0.8553888915512531,0.8597560975609756,0.8358336687088013,0.7414834656398465
p0,67,0.2,41,0.8385651847662483,0.8347261439586245,0.8384146341463414,0.8552155494689941,0.7305976874175512
p0,67,0.3,54,0.8047724935213554,0.798614921621001,0.8064024390243902,0.9486525058746338,0.6863807907532283
p0,67,0.4,41,0.766343024033531,0.7601462522851921,0.7667682926829268,1.0190390348434448,0.6123954795604827
p0,67,0.5,54,0.7625709678884498,0.7556797020484172,0.7637195121951219,1.0561851263046265,0.5848849031511862
p0,67,0.6,93,0.7515984060146773,0.7442014962017272,0.7530487804878049,1.0253018140792847,0.6073784812685912
p0,67,0.7,59,0.7636290764593038,0.7604494382022471,0.7621951219512195,1.0892385244369507,0.5934463744923294
b2,67,0.0,18,0.8709217611656637,0.8668831168831168,0.8719512195121951,0.7655059695243835,0.7955861024428739
b2,67,0.1,18,0.8498339566312265,0.8454377596553315,0.850609756097561,0.8270705938339233,0.7507512906353268
b2,67,0.2,18,0.835111040996526,0.8307792257423472,0.8353658536585366,0.8540564179420471,0.7407067207885688
b2,67,0.3,35,0.7975761098443529,0.7929130737151415,0.7972560975609756,0.9128499627113342,0.694324858446014
b2,67,0.4,19,0.7625203869819853,0.7569908814589665,0.7621951219512195,1.0322608947753906,0.6178341099373449
b2,67,0.5,32,0.7496164591087696,0.7449617937498674,0.7484756097560976,1.071184754371643,0.5898520569720743
b2,67,0.6,95,0.7519200590108596,0.7437195318736941,0.7545731707317073,1.016361117362976,0.5859287698914277
b2,67,0.7,18,0.7556863631303753,0.75114453814381,0.7545731707317073,1.042993426322937,0.5889700016676684
p0,68,0.0,39,0.8763666879250922,0.8731495606213608,0.8765243902439024,0.7741259932518005,0.7894708306938044
p0,68,0.1,28,0.8518645315768139,0.8479358592919191,0.8521341463414634,0.9788917303085327,0.7304279454727022
p0,68,0.2,47,0.8201219512195121,0.8156653934446529,0.8201219512195121,0.9117478728294373,0.709670100455546
p0,68,0.3,47,0.8171602091149379,0.8127212515701724,0.8170731707317073,0.9311932921409607,0.6916519024390343
p0,68,0.4,47,0.7860132524808703,0.7801776960784313,0.7865853658536586,0.9452716708183289,0.6691764825852856
p0,68,0.5,26,0.7785733982814211,0.7698450347881087,0.7835365853658537,1.0621980428695679,0.6447696431880926
p0,68,0.6,31,0.7538740677467974,0.7423311328763479,0.7637195121951219,1.050604224205017,0.5934663882540252
p0,68,0.7,48,0.711713877667324,0.7064254757866969,0.7103658536585366,1.1870697736740112,0.4562681628154676
b2,68,0.0,6,0.871887732321259,0.8686498855835241,0.8719512195121951,0.918944776058197,0.7767768070741091
b2,68,0.1,10,0.8408204277764479,0.8382517664795103,0.8399390243902439,0.9211674928665161,0.7399732105560163
b2,68,0.2,8,0.8117074114992021,0.8079752226093689,0.8109756097560976,0.9502781629562378,0.6983497363234851
b2,68,0.3,16,0.8023361516239098,0.7980276433084815,0.801829268292683,0.9266597628593445,0.6946240607944782
b2,68,0.4,10,0.7860857937199305,0.7822142586370497,0.7850609756097561,1.0312021970748901,0.6377816885545162
b2,68,0.5,11,0.7727169815834349,0.770211573490262,0.7713414634146342,1.072979211807251,0.6343661671203515
b2,68,0.6,5,0.7548942736188314,0.7458586294490923,0.7591463414634146,1.0767472982406616,0.5575247062239478
b2,68,0.7,42,0.6820310057066916,0.6681891025641025,0.6920731707317073,1.207885980606079,0.4285949047215498
p0,69,0.0,46,0.8723122621224397,0.8682204876868156,0.8734756097560976,0.7780790328979492,0.7786243874070122
p0,69,0.1,92,0.8445121951219512,0.8406599163674119,0.8445121951219512,0.8168525099754333,0.756233052482679
p0,69,0.2,46,0.8113335637404957,0.8056680161943319,0.8125,0.9170747399330139,0.6893732508095028
p0,69,0.3,36,0.8198435447925007,0.8151106355333053,0.8201219512195121,1.0294623374938965,0.6680939119124056
p0,69,0.4,37,0.7815094651794455,0.7775014132278124,0.7804878048780488,1.0487197637557983,0.6383573060182526
p0,69,0.5,58,0.769131872046005,0.7627781888894476,0.7698170731707317,1.0439598560333252,0.6015812333361946
p0,69,0.6,91,0.7627137164249103,0.7574240527932643,0.7621951219512195,1.0130279064178467,0.6002894755881045
p0,69,0.7,56,0.764749957953486,0.7584521657628707,0.7652439024390244,1.033024787902832,0.5788201502333521
b2,69,0.0,7,0.8723122621224397,0.8682204876868156,0.8734756097560976,1.0979137420654297,0.796124669642629
b2,69,0.1,7,0.8468698214690281,0.8424637138218879,0.8475609756097561,1.1031420230865479,0.7062555468556976
b2,69,0.2,7,0.8170702892050494,0.8113005958495993,0.8185975609756098,1.0977064371109009,0.6623994296827705
b2,69,0.3,7,0.8240667980933425,0.8191368724392307,0.8246951219512195,1.0814744234085083,0.6598074476091339
b2,69,0.4,12,0.7758596441345411,0.7702506629309049,0.7759146341463414,1.0388139486312866,0.6334736857277488
b2,69,0.5,27,0.7662797571070852,0.7618773747678267,0.7652439024390244,1.0231074094772339,0.6040117874058842
b2,69,0.6,27,0.7540048440554091,0.7491289198606271,0.7530487804878049,1.009004831314087,0.6168831527219092
b2,69,0.7,27,0.7468636578777624,0.7429026709003053,0.7454268292682927,1.0578892230987549,0.5731819918044179
p0,70,0.0,46,0.8712862485410514,0.8675180797045701,0.8719512195121951,0.7693704962730408,0.791724623056974
p0,70,0.1,53,0.8514153799043848,0.8471027812819127,0.8521341463414634,0.814893901348114,0.754711776903459
p0,70,0.2,51,0.8076295478292804,0.8025757633660717,0.8079268292682927,0.9754448533058167,0.6478646253512389
p0,70,0.3,56,0.7994355621298547,0.7926533946685079,0.801829268292683,0.8981010317802429,0.6952621168067533
p0,70,0.4,78,0.7765739661899046,0.7691883982713394,0.7789634146341463,0.9854488968849182,0.6294883590416889
p0,70,0.5,46,0.7502329273741954,0.7442932793322115,0.75,1.0463652610778809,0.6061657577723271
p0,70,0.6,65,0.7409143725585736,0.7377441640267923,0.739329268292683,1.0465749502182007,0.6071691349417546
p0,70,0.7,53,0.7392653003197722,0.7327405670828895,0.739329268292683,1.0851093530654907,0.5679416871981925
b2,70,0.0,10,0.8709469259314149,0.8684207421391068,0.8704268292682927,0.8688475489616394,0.8053984317465086
b2,70,0.1,9,0.8490483317640788,0.8452708546269361,0.8490853658536586,0.8262571096420288,0.7485950797608711
b2,70,0.2,10,0.8163854033464311,0.8129719820832361,0.8155487804878049,0.9669746160507202,0.6942922096750526
b2,70,0.3,44,0.7918031898098513,0.7874195478833494,0.7911585365853658,0.9174982905387878,0.677077129170492
b2,70,0.4,26,0.778524432151538,0.7745704467353951,0.7774390243902439,0.9745542407035828,0.6531712458272153
b2,70,0.5,26,0.7511635575654797,0.7465988317316752,0.75,1.009967565536499,0.6143338558250406
b2,70,0.6,26,0.7469732263950011,0.7437541956414448,0.7454268292682927,1.0190272331237793,0.6094616987004405
b2,70,0.7,44,0.7465175269921978,0.7416805196948797,0.7454268292682927,1.0731971263885498,0.5497694695098974
