dataset,seed,rate,modality,head_records,conversations,mean_decay_damage,mean_write_damage,mean_paired_difference,median_paired_difference,fraction_paired_positive,conversation_mean_paired,positive_conversation_count
IEMOCAPFour,66,0.1,visual,888,29,0.01647599356517464,0.3038889142760151,0.28741292071084046,0.20602399297058582,0.9256756756756757,0.29220627453853276,29
IEMOCAPFour,66,0.1,text,1096,31,0.016506986925378442,0.25860606164188826,0.2420990747165098,0.17788808979094028,0.9087591240875912,0.23358403052138624,30
IEMOCAPFour,66,0.1,audio,1024,30,0.01763763455892331,0.3012754517058056,0.2836378171468823,0.1973675712943077,0.931640625,0.2917821631887706,29
IEMOCAPFour,66,0.3,audio,2904,31,0.01416352384572351,0.23647984333455654,0.22231631948883304,0.13516307342797518,0.8422865013774105,0.23181082297969827,31
IEMOCAPFour,66,0.3,visual,2728,30,0.014601171430121134,0.22869304326005127,0.21409187182993014,0.13572174217551947,0.8544721407624634,0.2122667768053033,30
IEMOCAPFour,66,0.3,text,2872,31,0.014642722225971105,0.2153381704836617,0.2006954482576906,0.12938351277261972,0.8377437325905293,0.19804665395478932,31
IEMOCAPFour,66,0.5,audio,4264,31,0.012212667335523729,0.18496284150238032,0.1727501741668566,0.09186192415654659,0.7863508442776735,0.17409355315393407,31
IEMOCAPFour,66,0.5,text,4368,30,0.012014761238551662,0.18173930049603532,0.16972453925748365,0.08901097439229488,0.774496336996337,0.17026522465890379,30
IEMOCAPFour,66,0.5,visual,4408,31,0.011348937309140883,0.16655091435404262,0.15520197704490174,0.08197164442390203,0.786524500907441,0.1726746091428922,31
IEMOCAPFour,66,0.7,visual,5584,31,0.008960784673604068,0.13320635245525195,0.12424556778164789,0.052367459051311016,0.7317335243553008,0.13446533959860957,31
IEMOCAPFour,66,0.7,text,5296,31,0.010306830793334975,0.15265097413363296,0.142344143340298,0.06756971310824156,0.7416918429003021,0.15319359392473567,31
IEMOCAPFour,66,0.7,audio,5296,30,0.009554698347399613,0.14985709676337555,0.14030239841597594,0.06788668874651194,0.7518882175226587,0.14261266388162558,30
IEMOCAPFour,67,0.1,text,936,30,0.01725176697732228,0.25530892604878413,0.23805715907146183,0.163211933337152,0.9038461538461539,0.20857456711697764,30
IEMOCAPFour,67,0.1,visual,856,29,0.01751609068912254,0.28210692040874646,0.26459082971962394,0.1912612821906805,0.9462616822429907,0.28412292754084134,29
IEMOCAPFour,67,0.1,audio,848,28,0.018034457316938438,0.2755860498148667,0.25755159249792825,0.20481520611792803,0.9398584905660378,0.24774449529957693,28
IEMOCAPFour,67,0.3,visual,2880,31,0.014019888158913495,0.21966309613198973,0.20564320797307623,0.13582797814160585,0.8621527777777778,0.21015996448968086,31
IEMOCAPFour,67,0.3,audio,2608,30,0.015022217010382128,0.21705994706178094,0.20203773005139883,0.1390933282673359,0.8711656441717791,0.2142860498307725,30
IEMOCAPFour,67,0.3,text,2696,31,0.014234655959191746,0.20526072249446584,0.1910260665352741,0.11909081228077412,0.8252967359050445,0.18967435198597807,31
IEMOCAPFour,67,0.5,audio,4272,31,0.012185060149250545,0.1753735588894013,0.16318849874015073,0.09843732323497534,0.822565543071161,0.17029998735301502,31
IEMOCAPFour,67,0.5,text,4360,31,0.01221619221411748,0.17747408580077692,0.16525789358665943,0.09144128207117319,0.791743119266055,0.1739695439144944,31
IEMOCAPFour,67,0.5,visual,4264,31,0.011241745880165436,0.17529588065103158,0.16405413477086614,0.09575358498841524,0.7985459662288931,0.16882769640375148,31
IEMOCAPFour,67,0.7,audio,5528,31,0.009679143519212213,0.14047156562139151,0.1307924221021793,0.06332961190491915,0.7498191027496383,0.1324956420100881,31
IEMOCAPFour,67,0.7,visual,5592,31,0.00947845971577525,0.14434149457263,0.13486303485685477,0.06845197640359402,0.7607296137339056,0.14122436190059529,31
IEMOCAPFour,67,0.7,text,5248,31,0.01086347060712486,0.14998791252050644,0.13912444191338158,0.06731979642063379,0.7553353658536586,0.14249910259903223,31
IEMOCAPFour,68,0.1,audio,872,27,0.017093700435815738,0.3032489290456672,0.2861552286098515,0.22743818257004023,0.9461009174311926,0.2847009793390102,27
IEMOCAPFour,68,0.1,text,1000,30,0.017900582699105144,0.27677854482643305,0.25887796212732794,0.2047639898955822,0.934,0.2500835925497382,30
IEMOCAPFour,68,0.1,visual,1144,28,0.016601809657055076,0.24724746501346775,0.23064565535641268,0.17518266383558512,0.9195804195804196,0.22557907397004162,28
IEMOCAPFour,68,0.3,visual,2744,31,0.013030366286494207,0.1926919488706721,0.1796615825841779,0.11610313784331083,0.831997084548105,0.18561563488627544,31
IEMOCAPFour,68,0.3,text,2816,30,0.014242173273404742,0.20257256307840263,0.1883303898049979,0.1159468200057745,0.8227982954545454,0.1833012277785847,30
IEMOCAPFour,68,0.3,audio,2656,31,0.01340938276886177,0.23483957932961835,0.22143019656075658,0.1475487072020769,0.8655873493975904,0.2260901276842577,31
IEMOCAPFour,68,0.5,text,4240,31,0.012003220465991928,0.15730312144765982,0.1452999009816679,0.07535925321280956,0.7695754716981132,0.14511226429906018,31
IEMOCAPFour,68,0.5,audio,4576,31,0.010968496792394524,0.1785034870717046,0.16753499027931007,0.0914591383188963,0.7795017482517482,0.17039474031248103,31
IEMOCAPFour,68,0.5,visual,4496,31,0.011805376385958381,0.15690402546317525,0.14509864907721687,0.07906319759786129,0.7846975088967971,0.14922031227687896,31
IEMOCAPFour,68,0.7,audio,5248,31,0.009305148667985255,0.15122108573197648,0.14191593706399122,0.0682998588308692,0.7589557926829268,0.14823282826179834,31
IEMOCAPFour,68,0.7,text,5536,31,0.010535961305022757,0.12812002354878205,0.1175840622437593,0.051059335470199585,0.7276011560693642,0.12442798163814413,31
IEMOCAPFour,68,0.7,visual,5464,30,0.00990522928732975,0.12570808088256244,0.11580285159523271,0.05197274684906006,0.734809663250366,0.11652206103022046,30
IEMOCAPFour,69,0.1,audio,864,28,0.017248264759675495,0.2718776373464304,0.2546293725867549,0.19185135420411825,0.9050925925925926,0.2602907302669114,28
IEMOCAPFour,69,0.1,visual,1104,31,0.016715048636863197,0.2676611069726515,0.25094605833578826,0.17367045860737562,0.8931159420289855,0.25321889952887194,31
IEMOCAPFour,69,0.1,text,944,30,0.017378611610492027,0.24318697322475707,0.22580836161426504,0.15051222499459982,0.8930084745762712,0.2283035200665195,30
IEMOCAPFour,69,0.3,text,2736,31,0.014122638646826387,0.21970640721816667,0.20558376857134028,0.11746567767113447,0.8355263157894737,0.20097454915164134,31
IEMOCAPFour,69,0.3,visual,2808,31,0.014063118790485963,0.21501219442891661,0.20094907563843067,0.12719839066267014,0.8468660968660968,0.20755750398784878,31
IEMOCAPFour,69,0.3,audio,2832,31,0.013899254058829724,0.21853210203123336,0.20463284797240364,0.12927234545350075,0.8569915254237288,0.20816120557076603,31
IEMOCAPFour,69,0.5,visual,4200,31,0.011744148473344034,0.15901349371587414,0.1472693452425301,0.07493497896939516,0.7690476190476191,0.15134528883718815,31
IEMOCAPFour,69,0.5,text,4536,31,0.012030756736676845,0.18144350854463948,0.16941275180796264,0.08595008216798306,0.7749118165784833,0.1784219521572966,31
IEMOCAPFour,69,0.5,audio,4312,31,0.011298781245513189,0.17170668404323874,0.16040790279772554,0.07710799016058445,0.7648423005565863,0.1628446184738746,31
IEMOCAPFour,69,0.7,audio,5544,30,0.008967237067603726,0.13887734387122352,0.1299101068036198,0.05076509714126587,0.7178932178932179,0.13547645416938936,30
IEMOCAPFour,69,0.7,text,5504,31,0.010432713606352863,0.14553854385878875,0.1351058302524359,0.052442180924117565,0.7227470930232558,0.13594672536918775,31
IEMOCAPFour,69,0.7,visual,5360,31,0.009960988706756217,0.13227136828606503,0.12231037957930882,0.05349648930132389,0.7279850746268657,0.1280090902142248,31
IEMOCAPFour,70,0.1,text,1032,31,0.016953988788584465,0.22821571308281996,0.21126172429423548,0.15366567391902208,0.9011627906976745,0.212611994880342,31
IEMOCAPFour,70,0.1,visual,936,26,0.017176716801368147,0.2759470223990452,0.25877030559767705,0.20366364996880293,0.9316239316239316,0.2823115618153319,26
IEMOCAPFour,70,0.1,audio,1096,29,0.01670694793574512,0.2727973389449482,0.25609039100920306,0.21301154792308807,0.9388686131386861,0.23737674786059207,29
IEMOCAPFour,70,0.3,audio,2672,29,0.013988612932125163,0.2166758793717094,0.20268726643958423,0.146215895190835,0.875,0.20247318918883495,29
IEMOCAPFour,70,0.3,visual,2744,31,0.014052582092165035,0.23423304346134838,0.22018046136918334,0.15880949888378382,0.8811953352769679,0.22587194261350563,31
IEMOCAPFour,70,0.3,text,2520,31,0.01572285940988906,0.20164036829179774,0.18591750888190867,0.12596048321574926,0.8559523809523809,0.17458312668990442,31
IEMOCAPFour,70,0.5,visual,4304,31,0.011763080787718587,0.18137972940172356,0.16961664861400497,0.1015084981918335,0.8092472118959108,0.1827107224604539,31
IEMOCAPFour,70,0.5,audio,4240,31,0.01147811482462786,0.17218372111300992,0.16070560628838204,0.09802519157528877,0.815566037735849,0.16554690948726708,31
IEMOCAPFour,70,0.5,text,4224,31,0.012219401003455983,0.15761362537269827,0.1453942243692423,0.07190471515059471,0.7729640151515151,0.1480858593869171,31
IEMOCAPFour,70,0.7,visual,5744,31,0.008899183937057874,0.13864096533604392,0.12974178139898604,0.06648082751780748,0.7604456824512534,0.13070106608966975,31
IEMOCAPFour,70,0.7,text,5296,30,0.010777886292553898,0.13368793174601934,0.12291004545346544,0.051648993976414204,0.7330060422960725,0.12685793205863397,30
IEMOCAPFour,70,0.7,audio,5440,31,0.00982360077494591,0.1469578389532056,0.1371342381782597,0.07119698449969292,0.7623161764705882,0.1444242260198997,31
CMUMOSI,66,0.1,audio,608,26,0.019165970645477308,0.11973615608018774,0.10057018543471043,0.04253537114709616,0.7319078947368421,0.10840022676469137,26
CMUMOSI,66,0.1,text,568,27,0.01953726596671196,0.061166347627541126,0.04162908166082917,0.014424296095967293,0.6302816901408451,0.04066790934834618,23
CMUMOSI,66,0.1,visual,480,28,0.018856978858821094,0.160636632720707,0.1417796538618859,0.05956225097179413,0.7104166666666667,0.12855477793338996,27
CMUMOSI,66,0.3,text,1560,31,0.018249015293967646,0.051531969324852794,0.033282954030885145,0.0010908599942922592,0.5121794871794871,0.03365714473064298,30
CMUMOSI,66,0.3,audio,1224,30,0.0176334221454739,0.0976728522599206,0.08003943011444671,0.02122774627059698,0.6429738562091504,0.08259685398578993,30
CMUMOSI,66,0.3,visual,1480,31,0.017225887047479283,0.16058662392488504,0.14336073687740578,0.022962753660976887,0.6195945945945946,0.14651250873768454,31
CMUMOSI,66,0.5,audio,2552,31,0.015134684877254093,0.07005651311059906,0.05492182823334497,0.008727307431399822,0.5532915360501567,0.05378184484003113,30
CMUMOSI,66,0.5,text,2352,31,0.017196248845770624,0.05346446910035182,0.03626822025458119,-0.0006833681836724281,0.4953231292517007,0.037058237122038255,30
CMUMOSI,66,0.5,visual,2224,31,0.013677012227247837,0.12014976170470121,0.10647274947745337,0.009993704035878181,0.5553057553956835,0.12333246842611706,31
CMUMOSI,66,0.7,audio,2896,31,0.013611560490610108,0.057768354760945995,0.044156794270335885,0.004012196324765682,0.5352209944751382,0.04594049998095668,31
CMUMOSI,66,0.7,text,2648,31,0.015954805532079248,0.050620070810561996,0.034665265278482744,-0.0037316633388400078,0.4573262839879154,0.03701525389871497,30
CMUMOSI,66,0.7,visual,3072,31,0.01148316645352073,0.0883032648422765,0.07682009838875577,0.002244655042886734,0.5240885416666666,0.08198410218613954,31
CMUMOSI,67,0.1,text,552,27,0.019748311304230836,0.03489220451793053,0.015143893213699694,-0.0035110143944621086,0.45471014492753625,0.01671062847585015,23
CMUMOSI,67,0.1,visual,512,26,0.019181075294909533,0.14710336163261672,0.1279222863377072,0.04296950902789831,0.767578125,0.12292121673250594,25
CMUMOSI,67,0.1,audio,560,27,0.018966660774978144,0.12750658867215472,0.10853992789717658,0.04354955814778805,0.7535714285714286,0.1085917421830042,27
CMUMOSI,67,0.3,audio,1504,31,0.016482806366997116,0.08570888625121022,0.0692260798842131,0.020375478081405163,0.6648936170212766,0.06666874239345821,31
CMUMOSI,67,0.3,visual,1576,31,0.016184649304935926,0.12283076774588961,0.10664611844095369,0.02524942997843027,0.6865482233502538,0.11635449067906603,31
CMUMOSI,67,0.3,text,1560,31,0.01914220119659335,0.03664396234059659,0.017501761144003234,-0.005057436414062977,0.42243589743589743,0.01810088027424226,28
CMUMOSI,67,0.5,audio,2344,31,0.015556400026744644,0.07598760691566755,0.06043120688892291,0.015103347599506378,0.6062286689419796,0.0628990187929667,31
CMUMOSI,67,0.5,visual,2256,31,0.014769281705689504,0.10356990979069593,0.08880062808500643,0.013375816866755486,0.6134751773049646,0.0923338172546264,31
CMUMOSI,67,0.5,text,2352,31,0.01800304835861815,0.03551487069930184,0.017511822340683696,-0.008701546117663383,0.3737244897959184,0.018754868065166644,29
CMUMOSI,67,0.7,visual,2720,31,0.012916287701741299,0.08802522300906918,0.07510893530732787,0.007155913859605789,0.5661764705882353,0.07654895398051118,31
CMUMOSI,67,0.7,audio,2776,31,0.013734069813891,0.06251787485069024,0.04878380503679924,0.005539299920201302,0.5518731988472623,0.04864154447337763,31
CMUMOSI,67,0.7,text,3000,31,0.01645974246660868,0.03525596406559149,0.01879622159898281,-0.009482620283961296,0.3586666666666667,0.020497333894421186,30
CMUMOSI,68,0.1,audio,616,29,0.01842656317046033,0.09744935573302452,0.07902279256256418,0.029013117775321007,0.6996753246753247,0.08612662360531106,29
CMUMOSI,68,0.1,text,480,25,0.019282435552061845,0.05696625162187653,0.037683816069814684,0.02033338975161314,0.6979166666666666,0.03537638653574201,24
CMUMOSI,68,0.1,visual,464,25,0.018997644923290175,0.19656469609492042,0.17756705117163024,0.07368209958076477,0.7887931034482759,0.19008611333634085,25
CMUMOSI,68,0.3,text,1424,30,0.017829508113209158,0.05042031032407363,0.032590802210864474,0.0055045876652002335,0.5610955056179775,0.03326939271377688,29
CMUMOSI,68,0.3,audio,1520,31,0.016461465990562973,0.08119683816269237,0.0647353721721294,0.01236388273537159,0.6046052631578948,0.07321072572052457,31
CMUMOSI,68,0.3,visual,1568,31,0.01603799392540502,0.1571264590590489,0.14108846513364387,0.04444918315857649,0.7136479591836735,0.15308383500641232,30
CMUMOSI,68,0.5,text,2264,31,0.017240253961217252,0.061397703670544465,0.044157449709327216,0.00027345120906829834,0.5017667844522968,0.046743887814169445,31
CMUMOSI,68,0.5,audio,2240,31,0.01614174762840516,0.0678844669181022,0.051742719289697044,0.005216388963162899,0.540625,0.05215151948856053,30
CMUMOSI,68,0.5,visual,2440,31,0.013390428308763953,0.13435559680257908,0.12096516849381514,0.020067538134753704,0.6344262295081967,0.11981362741227512,31
CMUMOSI,68,0.7,text,3104,31,0.01576615710167896,0.046256143049776224,0.030489985948097268,-0.006791470572352409,0.4252577319587629,0.03771282752050794,30
CMUMOSI,68,0.7,visual,2736,31,0.01209823493518981,0.1135323357575012,0.1014341008223114,0.011751212179660797,0.5968567251461988,0.10942034967354486,31
CMUMOSI,68,0.7,audio,2768,31,0.014946834439266409,0.04966504721110956,0.03471821277184315,-0.0036931848153471947,0.47109826589595377,0.04207064257374018,29
CMUMOSI,69,0.1,text,552,29,0.019471758298332923,0.07825814737884355,0.05878638908051062,0.02050882764160633,0.6847826086956522,0.05895875085281722,29
CMUMOSI,69,0.1,audio,512,23,0.01830985917331418,0.14510360040003434,0.12679374122672016,0.07728830445557833,0.884765625,0.11663974432816283,23
CMUMOSI,69,0.1,visual,480,24,0.019505338062299416,0.15918254914383093,0.13967721108153153,0.0535863172262907,0.7604166666666666,0.1667612899616841,23
CMUMOSI,69,0.3,visual,1528,31,0.016449311445223373,0.11272359329412315,0.09627428184889979,0.012381003238260746,0.6092931937172775,0.1064224088781467,30
CMUMOSI,69,0.3,audio,1408,31,0.016103104532124813,0.11157209710456134,0.09546899257243653,0.04784302320331335,0.7471590909090909,0.09747790490583261,31
CMUMOSI,69,0.3,text,1464,30,0.01763808479547867,0.07046271802837162,0.052824633232892944,0.012323285453021526,0.5922131147540983,0.051871708896454996,30
CMUMOSI,69,0.5,audio,2512,31,0.012931083548505595,0.09634442901080119,0.08341334546229559,0.03163245692849159,0.6799363057324841,0.08334804048208871,31
CMUMOSI,69,0.5,text,2400,31,0.016253173425017545,0.07340401210201283,0.05715083867699529,0.0058341482654213905,0.5529166666666666,0.05872241660022554,30
CMUMOSI,69,0.5,visual,2488,31,0.01461781382896126,0.09585432603452175,0.0812365122055605,0.010169713757932186,0.5763665594855305,0.08415828805577916,31
CMUMOSI,69,0.7,text,2792,31,0.015118472515618733,0.07873991582700102,0.0636214433113823,0.0054492829367518425,0.5494269340974212,0.06844859283121203,31
CMUMOSI,69,0.7,visual,2856,31,0.012933271807939316,0.08678399534284265,0.07385072353490334,0.004758698865771294,0.5458683473389355,0.0787364034096579,31
CMUMOSI,69,0.7,audio,2968,31,0.011409915753984146,0.095093322772849,0.08368340701886486,0.025355839170515537,0.6526280323450134,0.08595968215420359,31
CMUMOSI,70,0.1,audio,568,28,0.018156569798699985,0.2614720462539404,0.2433154764552404,0.13345108833163977,0.8855633802816901,0.23760197549348785,28
CMUMOSI,70,0.1,visual,512,27,0.020076723161764676,0.22434544297721004,0.20426871981544537,0.13119497150182724,0.900390625,0.21958760603023464,27
CMUMOSI,70,0.1,text,536,30,0.019329723717867217,0.0945778998247445,0.07524817610687728,0.03834766335785389,0.8432835820895522,0.08192357998581544,30
CMUMOSI,70,0.3,text,1544,31,0.01721130938201641,0.09706200765194903,0.07985069826993262,0.03544028103351593,0.7519430051813472,0.08768434389544723,31
CMUMOSI,70,0.3,visual,1352,30,0.01538113636493727,0.18473255072345615,0.1693514143585189,0.07835168577730656,0.7958579881656804,0.17098255367262172,30
CMUMOSI,70,0.3,audio,1712,31,0.01412690544139733,0.18177835972246356,0.16765145428106623,0.07348119933158159,0.7464953271028038,0.17603455721838263,31
CMUMOSI,70,0.5,text,2488,31,0.014889532574407541,0.08465416524993477,0.06976463267552724,0.019343949854373932,0.662379421221865,0.07463331289349004,31
CMUMOSI,70,0.5,visual,2408,31,0.01356514348366926,0.12400433777110571,0.11043919428743645,0.02164939697831869,0.6341362126245847,0.11410300163863929,31
CMUMOSI,70,0.5,audio,2264,31,0.013179692517070908,0.13436987214473278,0.12119017962766186,0.036169398576021194,0.6868374558303887,0.12879622979215102,31
CMUMOSI,70,0.7,text,3048,31,0.013858950410277786,0.09950785778873548,0.0856489073784577,0.029355980455875397,0.6781496062992126,0.09052807987570026,31
CMUMOSI,70,0.7,visual,2832,31,0.012933391181878367,0.1212972167860927,0.10836382560421434,0.021500910632312298,0.6207627118644068,0.11483667140692494,31
CMUMOSI,70,0.7,audio,2864,31,0.011656589809656871,0.111129881662262,0.09947329185260512,0.02330474928021431,0.6351256983240223,0.10565111900502355,31
