seed,rate,pattern,n,zero_D,total_eligible,replay_fp64_max_abs_error,fd_max_abs_error,fd_mean_abs_error,real_mean,real_median,real_p90,shuffle_mean,shuffle_median,shuffle_p90,real_less_shuffle,random_mean,random_median,random_p90,real_less_random,symmetric_mean,symmetric_median,symmetric_p90,real_less_symmetric
66,0.1,AT,46,4,50,3.12548674719082e-07,3.802702944200043e-12,5.342340408876081e-13,0.0009033299992820566,0.0008165447418500573,0.0016790984932633446,0.0007645688888344175,0.0005840578233969063,0.0016387502702971573,0.30434782608695654,0.0007570296152179011,0.0007176828591396341,0.0010432638293575418,0.43478260869565216,0.0018741306600534775,0.0017928409287220827,0.002844643007301446,0.8260869565217391
66,0.1,AV,53,2,55,2.1066289551674444e-07,4.158246663665821e-12,5.74120152271387e-13,0.0013225822068107403,0.0012685683763913047,0.0022816185141752714,0.0011156973491074547,0.001097258671378258,0.0019090034334260598,0.18867924528301888,0.0007914945792087773,0.000794162538329006,0.001203974730415883,0.32075471698113206,0.0021129152799039146,0.0019506778768430635,0.0031635350950476393,0.6792452830188679
66,0.1,TV,60,0,60,3.1739406036734863e-07,6.815081485256336e-12,6.951970587152943e-13,0.003143215393003912,0.0034810693564181847,0.005218787388580447,0.003584799279030128,0.003615068889850653,0.005277988386658494,0.5,0.0007479648245812245,0.0007465477335619631,0.0009927574101416467,0.1,0.001641746671301256,0.001692123941547813,0.0023283465119487614,0.2833333333333333
66,0.2,AT,75,2,77,3.2415906581206855e-07,5.198704314257618e-12,5.644934852310398e-13,0.0007808607241509696,0.0006630228589359866,0.0014616102753885482,0.0008036363394820142,0.0006735929349717153,0.0014486173446133326,0.5333333333333333,0.000776974649002115,0.0007797573714250038,0.0011141789389436225,0.5466666666666666,0.0020916456152863454,0.0021404428845072138,0.0031833571492451036,0.8933333333333333
66,0.2,AV,90,3,93,2.460853394392615e-07,4.251167126656519e-12,5.061283881392807e-13,0.0013468745234877138,0.0013263860616171443,0.00216067726525658,0.0011375645098073135,0.001095617171174499,0.001790532625894302,0.3111111111111111,0.0007893773165726209,0.0007935001118516884,0.0010662778249965487,0.24444444444444444,0.0022355887203917733,0.0022787500103126886,0.0032527813146532216,0.7666666666666667
66,0.2,TV,83,2,85,3.442871872039177e-07,8.56785128955373e-12,5.997243135156757e-13,0.002961122375395766,0.003248016758086326,0.0049941682099016544,0.0031586546352321276,0.003174909492982883,0.0049447332802156005,0.5180722891566265,0.0007032242628274896,0.0006652738125686775,0.001023370785302036,0.10843373493975904,0.0015707608455646812,0.0015447242846555879,0.0022546667942738743,0.25301204819277107
66,0.3,AT,98,2,100,2.911584406906087e-07,4.010531490239444e-12,5.365163395900238e-13,0.00088458678535391,0.0006651643631939406,0.002195849304736664,0.0008014168568262421,0.0006527022319550411,0.0016638368241938142,0.5102040816326531,0.0007945024983505994,0.0007609102938474156,0.0011373541861910148,0.5510204081632653,0.0020503534428113336,0.002012377972179514,0.002902914480844759,0.8367346938775511
66,0.3,AV,107,7,114,2.528953860769789e-07,5.6909988874198625e-12,5.646729904827234e-13,0.0014153144015020332,0.0015576595283660248,0.0024862700387214024,0.0011899788447084511,0.001185456575319327,0.0018442821979837874,0.2897196261682243,0.000741786994260631,0.0007087661834125907,0.0009579791264101182,0.27102803738317754,0.0022658451612133225,0.0022019151310171256,0.003353693969538631,0.6728971962616822
66,0.3,TV,75,2,77,3.136362491940048e-07,9.357910280005655e-12,6.384601464323128e-13,0.0028201112951229176,0.003097575679456535,0.004951306374279644,0.0030752973546725173,0.0031944641417895867,0.0045594890376569166,0.56,0.0007408612346540731,0.0007071524368638079,0.0010380221347420307,0.08,0.0014714571487503705,0.0014609908525320082,0.0021678480375708345,0.24
66,0.4,AT,93,4,97,3.588114758645844e-07,6.469219257509984e-12,5.672710077902736e-13,0.0007752556579636631,0.000655249267623733,0.0014208781523213831,0.0007204234817574575,0.0006111673036735709,0.0012538739972390374,0.45161290322580644,0.0007385308647549497,0.0007036455340733957,0.0010913010408573854,0.4946236559139785,0.0019683453397980393,0.0018499938532241169,0.0030849072491583975,0.9139784946236559
66,0.4,AV,88,2,90,2.186311631735549e-07,4.467213057801622e-12,5.296145464701637e-13,0.0014059712331112562,0.001484004774687804,0.002248106177219879,0.0011498388109233684,0.0011062476237938283,0.0018823126556331102,0.2727272727272727,0.0007520842846045632,0.0007428465548111738,0.0010681442144587629,0.25,0.0019316429141977814,0.0018374851370254,0.002840095756525852,0.6590909090909091
66,0.4,TV,95,5,100,3.2546560468915686e-07,7.299081478118197e-12,6.692336179041185e-13,0.003123812421457653,0.0034504293406488586,0.005047951425160824,0.0035788824832921236,0.0036384248135333933,0.005455166466856201,0.5368421052631579,0.0007680405983686348,0.0007532920312221523,0.0010936966250115483,0.10526315789473684,0.0016151473696396927,0.0016216650055516355,0.002287363839398707,0.25263157894736843
66,0.5,AT,72,4,76,2.9911105103863633e-07,5.013975346024324e-12,5.759334090649841e-13,0.0009198066199868823,0.000646140905242273,0.0022671349704410275,0.0008332216556459015,0.00057855710208137,0.0017390726859586728,0.4166666666666667,0.0007227751553491751,0.000673015736780521,0.001090454508833134,0.5694444444444444,0.001991282512043493,0.0018869017919246572,0.002972488422811363,0.875
66,0.5,AV,84,0,84,2.0074603790387613e-07,3.593777185562086e-12,6.055684523129064e-13,0.0013392909706114859,0.0012125461003831038,0.0022887501903989496,0.0012041657647360537,0.0012359328116910678,0.001813954830092915,0.4523809523809524,0.0008075004574128774,0.0007654038107610256,0.0011839553346619045,0.3333333333333333,0.0023320884477948927,0.002292187260987723,0.0034360381919567207,0.7619047619047619
66,0.5,TV,88,1,89,3.179528231811446e-07,6.720717732333625e-12,6.18693676813076e-13,0.00273018043263411,0.0027771675338954605,0.004774565677416887,0.0030457623529726043,0.003222866544801936,0.004705355686181665,0.5568181818181818,0.0007131454592199633,0.0006950196794518354,0.0010568390706635995,0.18181818181818182,0.001511597526031106,0.0014708839973071397,0.002412452338013491,0.29545454545454547
66,0.6,AT,58,3,61,3.230429359568632e-07,1.1951245548758038e-11,6.232703397509996e-13,0.000988353740077865,0.0007236254945989532,0.002453283420749168,0.0008891111394031604,0.0006216082791523099,0.0018936211420097985,0.39655172413793105,0.0007371079029155946,0.00071705143688793,0.0010541793763726008,0.5,0.0019701520281309366,0.0018698609171594323,0.0032150406667778952,0.7931034482758621
66,0.6,AV,60,4,64,2.0080801399480208e-07,6.748428205138879e-12,5.949711011047955e-13,0.0014561392609204918,0.0013693238874019284,0.0022949716565245776,0.0012442416776178055,0.0012267708968662521,0.0017289320294683551,0.2833333333333333,0.0007599080175893264,0.0007283247656678646,0.0010018968892923957,0.16666666666666666,0.0023335520461319264,0.002278477313070987,0.0033506443042282488,0.8
66,0.6,TV,75,3,78,2.758764821031434e-07,6.32127857003173e-12,6.173169553389933e-13,0.0027524434037064665,0.0030933780744033,0.0048678576525040766,0.0031756850149999337,0.0030369040959107203,0.005059737760943616,0.56,0.000738303757890767,0.0006888667422376467,0.001054472281325828,0.09333333333333334,0.0014027661825918145,0.001450675336931402,0.002144523599931651,0.16
66,0.7,AT,37,0,37,5.06665000399309e-07,5.228507730936638e-12,6.512593638642556e-13,0.0009013757330384956,0.0005185135024916124,0.0022647822846258415,0.0008529792576965583,0.0005899944114635483,0.0019205802762245067,0.4864864864864865,0.0007570746342611563,0.0007121449167861583,0.001113460134626464,0.6756756756756757,0.0021282010388533894,0.0021701860197424626,0.0028839502183039506,0.918918918918919
66,0.7,AV,35,2,37,2.0408512996228367e-07,3.5120691077583643e-12,6.111235163520341e-13,0.001759238859363456,0.0013833828438074571,0.0031415223043145322,0.00146390439052149,0.0014519430446641073,0.0022433568241993795,0.42857142857142855,0.0008605101543929361,0.0008576482385166656,0.0012045677410508202,0.37142857142857144,0.0022758135715123073,0.0021888383802953475,0.003595352918617454,0.6
66,0.7,TV,45,1,46,3.335521121528018e-07,6.499355741096391e-12,6.605641003142828e-13,0.0030848854145858373,0.0032174520105085836,0.004860367757236261,0.0032861592206496044,0.0032184515670922935,0.004953853510826829,0.4888888888888889,0.0007432386346635412,0.000770882353020473,0.001048961123915298,0.1111111111111111,0.001530619319016594,0.0014307016748707575,0.0021491228982596622,0.2222222222222222
67,0.1,AT,48,7,55,3.6789818569360477e-07,5.736676324946677e-12,1.0665504302282314e-12,0.0019080761074855039,0.0015392547295610618,0.0038148097765236893,0.002511442687184404,0.0024577370828125413,0.004175915285366226,0.75,0.0012047869000000213,0.0011596872983490878,0.00182092877207011,0.3541666666666667,0.0029691350839228903,0.0028080835246831427,0.004409905148196402,0.7708333333333334
67,0.1,AV,56,3,59,3.147284544091633e-07,9.836040835986548e-12,1.3874514613556194e-12,0.0042468515944890225,0.004312622898844057,0.005068805487447663,0.0040406338708825155,0.003989080243261424,0.00520691948410279,0.39285714285714285,0.0008402989240834522,0.0008445201115965173,0.0011248402288463106,0.03571428571428571,0.002033160649480201,0.0017952576781351658,0.0032471616112619882,0.07142857142857142
67,0.1,TV,56,2,58,5.221902839025461e-07,2.128130310863341e-11,1.3371939921691578e-12,0.004476892016075315,0.003970132616210429,0.008858436338623153,0.005911118078129601,0.006331740868706033,0.010943100078341397,0.5892857142857143,0.0009157209058179926,0.0007985240357169029,0.0014483385135271303,0.14285714285714285,0.0019276772074220978,0.001663816512845243,0.003063349053744849,0.30357142857142855
67,0.2,AT,73,2,75,3.4421885830582255e-07,5.949179517072967e-12,1.0826391107023671e-12,0.0021217293510750763,0.001469576988301819,0.004630886751635562,0.0025891546582931294,0.0022428320335075996,0.005372514374421724,0.5753424657534246,0.0011820856997503812,0.0011520534426406879,0.0017526528091918923,0.3972602739726027,0.002891404569508293,0.002964153911790217,0.0041844976783325695,0.684931506849315
67,0.2,AV,89,3,92,2.614024356972777e-07,1.308872975280817e-11,1.4434778534099699e-12,0.0036912333461074595,0.004122601436260079,0.004820724919070125,0.0035296933240753937,0.0036645357979523236,0.0047459663402749375,0.3707865168539326,0.0008937109099029889,0.0008767141126075975,0.0012304542022382526,0.0898876404494382,0.002363693726932645,0.001979999041632596,0.004359316602058542,0.23595505617977527
67,0.2,TV,74,7,81,4.875455585917621e-07,2.080154104522336e-11,1.2791491889841518e-12,0.003694768590768043,0.0030930821734873513,0.007921710141839823,0.005008242312931111,0.0042005478227717455,0.010504183333267284,0.4594594594594595,0.0008915840707762219,0.0008470799224661856,0.001309300215795475,0.13513513513513514,0.0018690195455180057,0.0016584515476325856,0.0032165776626204355,0.28378378378378377
67,0.3,AT,91,4,95,4.697935369613049e-07,1.4276597265494573e-11,1.2145194783894074e-12,0.002156907841831416,0.002167306867480241,0.004027871375794194,0.0027818489192629973,0.002724586182278857,0.005183337962446086,0.6373626373626373,0.0012095242690782144,0.001143576469087751,0.0018220063806279473,0.31868131868131866,0.002839033487529812,0.0026490218534726503,0.004237810601377349,0.6923076923076923
67,0.3,AV,96,3,99,2.4526603192853713e-07,9.180430721178467e-12,1.4777312853588827e-12,0.003854120768827393,0.004177717645779455,0.005112143386933724,0.0037260849017940814,0.0038663405599910754,0.005116243272191602,0.375,0.0008713608643599302,0.0008611789067723008,0.0011466743228924316,0.0625,0.002282021346563528,0.002004706830703515,0.003814638509931403,0.17708333333333334
67,0.3,TV,82,7,89,3.929439231775689e-07,1.7896104737014085e-11,1.2675269071041157e-12,0.003961908365164452,0.0038676419351516417,0.008032229794503432,0.005261269341217319,0.0045928453516756555,0.010272927545408093,0.5121951219512195,0.0008664338734205513,0.0007992858605185187,0.001356463040997733,0.1951219512195122,0.0019348079379893962,0.0018803316424238913,0.002954199988746783,0.3170731707317073
67,0.4,AT,85,1,86,5.72722702596451e-07,8.612993998569074e-12,1.2700476624797214e-12,0.002187179970394496,0.0018198760995324667,0.004036291174106543,0.0028922996773581887,0.0027887671256597068,0.005564052514667019,0.6588235294117647,0.001305618282067709,0.0012121924438170152,0.001903662077518142,0.3176470588235294,0.0030424570895642294,0.0029145840956251176,0.0049554231681473646,0.6941176470588235
67,0.4,AV,86,3,89,3.149055121109967e-07,9.565633007913021e-12,1.5462989033886112e-12,0.003658066566017386,0.004042540123519895,0.004844054441514285,0.0035216665478098068,0.003768154948919098,0.0046020880051993686,0.3488372093023256,0.0009357271602160045,0.0009234611262660869,0.0013189733923009517,0.046511627906976744,0.0025327490739530563,0.0022424718212952196,0.004187665308647944,0.2441860465116279
67,0.4,TV,77,4,81,4.818567922448835e-07,1.87044841420958e-11,1.3512816164060329e-12,0.0048044934487912975,0.0047682820397308,0.009010175505384204,0.005863545519741096,0.004950799322903873,0.011238787074876138,0.5064935064935064,0.0008530677403909676,0.0007859443399075385,0.0014758602603206273,0.03896103896103896,0.0019917225067733997,0.0019467759437571195,0.0031112507132905554,0.2077922077922078
67,0.5,AT,73,4,77,5.920042800422465e-07,1.0326618032907575e-11,1.2023691803140853e-12,0.002118364014668301,0.0018993831843277533,0.004284183145605841,0.002804417293080282,0.002637846342494937,0.005169921672203464,0.6164383561643836,0.0012875517678033663,0.0013107281394267368,0.0018609464556179239,0.3424657534246575,0.003366559310678085,0.003253717283890703,0.004932084211640245,0.726027397260274
67,0.5,AV,79,1,80,2.7393494672622865e-07,1.150326535415136e-11,1.560866171246972e-12,0.0037064884777215468,0.004115468901606891,0.0050759660928010346,0.003510137477543419,0.003577238661581092,0.004760875600971456,0.3924050632911392,0.0009335728010828578,0.0009001520969256138,0.001273223775003437,0.06329113924050633,0.0024520444768621904,0.002180428987167032,0.004006575428324894,0.26582278481012656
67,0.5,TV,75,3,78,4.555883141854622e-07,1.5212102411066297e-11,1.2581620881944316e-12,0.004339851053981492,0.004080065375162558,0.009150039134628942,0.005420073471957105,0.005326384414880437,0.00949234441119969,0.48,0.0008566245413411734,0.0007978229286037032,0.0014242873146335224,0.10666666666666667,0.00186329403617536,0.001675470748271053,0.003203685373196313,0.29333333333333333
67,0.6,AT,62,5,67,3.601932521135609e-07,8.128822268083091e-12,1.0820070178564079e-12,0.0021314340612424315,0.0019711335716556828,0.003865246544680567,0.0029038283792036912,0.00277732876036047,0.0056871386423568,0.7096774193548387,0.0012854647703140543,0.0013156565761207524,0.001802480277735922,0.3709677419354839,0.0030176481339255876,0.0028476447859781305,0.00465953281003196,0.6774193548387096
67,0.6,AV,60,4,64,3.6656983537497467e-07,7.610176377959021e-12,1.3569482478848275e-12,0.0036365029733895536,0.0040066727262924534,0.004965571257753551,0.0032667911269358423,0.0034933785075268943,0.004247597461909038,0.26666666666666666,0.0009188097514118561,0.0008996138726274892,0.001329423304450757,0.08333333333333333,0.0023585374905244717,0.0021580136033777864,0.0035909015567253855,0.23333333333333334
67,0.6,TV,56,2,58,5.192716250324025e-07,1.990669434848158e-11,1.2017769249533214e-12,0.004264088519737598,0.0032874098486507467,0.009251347973969034,0.005489050933286663,0.004502296560359088,0.011087228014306826,0.5,0.0008445799120730431,0.0007512430805646928,0.0013982512980299558,0.16071428571428573,0.001757477345784178,0.0016048643763332386,0.0027153328673644064,0.32142857142857145
67,0.7,AT,44,0,44,4.0253736521833616e-07,8.708112356203834e-12,1.281989145014287e-12,0.0019343606997253996,0.0018805843901469697,0.003577223956043046,0.002480349601993222,0.0021171274390533747,0.00485893814089656,0.5681818181818182,0.0011694275679383509,0.0010100466524410392,0.002071355713246222,0.36363636363636365,0.003070185103271335,0.002784707829279931,0.005280783931696609,0.7272727272727273
67,0.7,AV,51,1,52,3.180017127402124e-07,9.358379956386775e-12,1.313974349006348e-12,0.003671129957792251,0.004065565627718203,0.0047391118396992666,0.0035166092811175042,0.003528310222098523,0.004619920761220764,0.43137254901960786,0.0009920514301246248,0.0009426610077648884,0.001332401929643114,0.0784313725490196,0.0025283116325277967,0.0022237337756581014,0.00465491086173827,0.23529411764705882
67,0.7,TV,37,1,38,6.329780326552736e-07,1.7936364199444554e-11,1.3274643371981239e-12,0.004925432753085688,0.004771159344197696,0.009422624736148277,0.005807962211815584,0.00515093171001503,0.009495731503846248,0.5135135135135135,0.00093227730503344,0.0008750722401399228,0.0013247941011881622,0.16216216216216217,0.00209484304635985,0.001884555790972119,0.0032779591928007823,0.2702702702702703
68,0.1,AT,44,3,47,2.684784927708961e-07,1.2849762920374985e-11,8.176972632467965e-13,0.004548525526153347,0.0035114499639701886,0.00877464595523609,0.0053856639074305115,0.0053511983003684815,0.009626614667138222,0.5,0.0011052542788869404,0.0011724251455860583,0.0015229610076467276,0.1590909090909091,0.0018879904902383412,0.001895147231780608,0.0025687882049979394,0.25
68,0.1,AV,49,4,53,2.5250620172556637e-07,8.324429687234236e-12,8.614942886270308e-13,0.002811950096701645,0.002504324512741454,0.00497965486983845,0.0029398639439412806,0.002843691309598497,0.004028704329477352,0.5714285714285714,0.0008935083149695127,0.0009026897724710238,0.0012106634757239694,0.16326530612244897,0.0024169472080098624,0.002318819104508661,0.0034119741590013,0.40816326530612246
68,0.1,TV,67,4,71,3.5467971559732803e-07,7.780939087487226e-12,7.412421601234164e-13,0.003560423393054024,0.0035856385034543285,0.006252352652388872,0.003695058246840876,0.003985171657715173,0.004931135015074215,0.5522388059701493,0.0008054955975777626,0.0007835716993851821,0.0011176144359042687,0.1044776119402985,0.001815193466245552,0.001609609451935003,0.0027203091540430897,0.208955223880597
68,0.2,AT,75,4,79,2.698501344600146e-07,1.069495186856173e-11,8.480297318319216e-13,0.004753329216776733,0.003675695421522012,0.01134306498110315,0.005033682221707117,0.005138316398451048,0.008413008960547667,0.48,0.0010937103993106702,0.001042788513142415,0.0014242812335523117,0.13333333333333333,0.0021053711588290215,0.0019995150851940813,0.003123931855790319,0.28
68,0.2,AV,83,3,86,2.3833200812894972e-07,7.394121773196538e-12,8.837334079599361e-13,0.002697034465885417,0.002633356089818455,0.004601109750390569,0.0026456268922269593,0.0024975180107899664,0.0036093079717873324,0.5301204819277109,0.000830546425157672,0.0008115963118115019,0.0011716313000776047,0.14457831325301204,0.0022567317173817526,0.002313025056218449,0.003388606179796305,0.4457831325301205
68,0.2,TV,92,2,94,3.358886797588667e-07,6.434412464645378e-12,7.537367255698828e-13,0.0030760881207338407,0.0029717209349839997,0.005679978235653251,0.003478426954350477,0.0033997578942431645,0.005080481500507109,0.5978260869565217,0.0008169181270965317,0.0007411417092653618,0.0011967909727872014,0.09782608695652174,0.00182045159531294,0.0017324029267017384,0.002588497098244566,0.2717391304347826
68,0.3,AT,90,3,93,5.178550679385552e-07,1.1296295496232567e-11,9.569489925380959e-13,0.005917068263364453,0.005559228125178575,0.01175117062641713,0.00602854252558716,0.0062780438849436085,0.010212194567683491,0.4888888888888889,0.0010925903469461982,0.0010394285877674903,0.0015710713488204435,0.13333333333333333,0.0021143293725243723,0.0019767305993443184,0.003236638218438753,0.24444444444444444
68,0.3,AV,88,4,92,2.1135477251688073e-07,6.191477885941765e-12,9.196323352110143e-13,0.003094749368975613,0.002871696518838396,0.005433543441402073,0.00310852136270578,0.0027422204164381262,0.0045096943289012125,0.5454545454545454,0.0009021561472723015,0.0008764745820081481,0.0012063802253910049,0.10227272727272728,0.0025531505373585935,0.0024171134152696575,0.0037335513611547787,0.38636363636363635
68,0.3,TV,90,7,97,4.94235084858019e-07,7.151739270239155e-12,7.289784580390865e-13,0.0035898639564530847,0.003150183769875506,0.006357940177866867,0.003820894910312323,0.003679436792971694,0.005860403444092271,0.5555555555555556,0.0008133632919509333,0.0007974684180109633,0.001219148889261974,0.03333333333333333,0.001781276142571306,0.0016598425681030701,0.002973213006916609,0.12222222222222222
68,0.4,AT,90,2,92,3.2192726306945474e-07,1.6019824355950618e-11,8.795231817305275e-13,0.005254811198664941,0.004399062734668835,0.010993255216038904,0.005891359130520395,0.005922945278104028,0.010349883918820425,0.43333333333333335,0.0011159630903570107,0.0010585029949213027,0.0015813998768031258,0.1,0.002081060250133906,0.0020293946830739953,0.0029111499514429145,0.2222222222222222
68,0.4,AV,87,2,89,2.0534355893442324e-07,7.200797250139779e-12,8.323287636489025e-13,0.0024926054970855036,0.002317773685482924,0.004657853358431738,0.0024743036680989782,0.0022346221464781,0.00325816574831139,0.5172413793103449,0.0008448831288433113,0.0008245495201910367,0.0011752156592070187,0.13793103448275862,0.0022362132991352425,0.0020661547063259874,0.0034280979799216705,0.45977011494252873
68,0.4,TV,100,4,104,3.5951530752420524e-07,1.1397299770621316e-11,7.900898038164803e-13,0.0033172493297258625,0.003164166823825216,0.00637574141537154,0.003706326606727175,0.003588622683906275,0.005617537620902607,0.59,0.0008131366850388187,0.0007810797870508352,0.0011576978104301694,0.1,0.0016799185012393498,0.001641406054892324,0.0023564014037568775,0.23
68,0.5,AT,85,3,88,2.8159703258090474e-07,1.6517665707427298e-11,7.955163491921852e-13,0.004997715355941823,0.004600653852168734,0.009916915733098296,0.005294694133585372,0.005243745495054518,0.008729767915428932,0.4588235294117647,0.0010332339332554967,0.0010150436153957192,0.0014259898910421712,0.12941176470588237,0.001894834958110282,0.0017724111499958998,0.002945600782958166,0.2
68,0.5,AV,77,6,83,2.479192188209467e-07,6.7943107737167274e-12,7.963693532596997e-13,0.002403765677347824,0.0020728071365607235,0.004538772792126369,0.002344768659015204,0.0022949289361385403,0.0033377591355971646,0.4805194805194805,0.0008846173301395601,0.0008651061826387336,0.0012065484870538397,0.1038961038961039,0.0023405095879653875,0.0023143116142084505,0.0035124380272928625,0.5194805194805194
68,0.5,TV,80,6,86,3.5807936349385727e-07,7.61521748438021e-12,7.585953117774757e-13,0.003402311765312098,0.0030121622626191383,0.0069350401296041,0.00364898849924023,0.003764303790754631,0.005315329107892387,0.6,0.0008055508926680107,0.0008136433081473175,0.0011245484632082074,0.1,0.001704844401084636,0.0015491650403368505,0.002653907090798687,0.2125
68,0.6,AT,67,3,70,4.089544793917099e-07,1.9619431079753724e-11,8.804654277966194e-13,0.005089157700698477,0.0048808637474503785,0.009663998113538914,0.005643985496038573,0.005177704971218064,0.010081200668542142,0.47761194029850745,0.0011495690421381283,0.0011165559900991853,0.0016574944032584364,0.11940298507462686,0.002077098750482865,0.0021395893294682217,0.003335100994471172,0.1791044776119403
68,0.6,AV,41,3,44,1.7016754494392217e-07,9.503029873431101e-12,9.6365269993864e-13,0.0024720944237794245,0.0023373222070834404,0.004097512755844455,0.0023289962680157253,0.0022515844148032317,0.003080856610440492,0.5121951219512195,0.0008693459935715031,0.0008303428777499439,0.0011957325315358534,0.0975609756097561,0.00233692170820429,0.002218105989855621,0.003431990333648924,0.4634146341463415
68,0.6,TV,61,3,64,3.5564810008104075e-07,8.765316597547645e-12,6.751195602968231e-13,0.0032435920412905816,0.002895728856825538,0.006121765166780966,0.003554725805274033,0.0034783704883951765,0.0053641496315151105,0.5901639344262295,0.0007443506211861491,0.0007063799199071696,0.001038283575692646,0.04918032786885246,0.001689097905786187,0.0015760912922324244,0.0024254313366562355,0.19672131147540983
68,0.7,AT,42,2,44,2.980243229977475e-07,1.1791383841552872e-11,1.0311984465835357e-12,0.005586511078962722,0.0038914716568780308,0.010927693916274357,0.0059046267027839374,0.006418431025264573,0.008936724874706837,0.5,0.0011543366803660248,0.0011656641864783016,0.0016996708470691031,0.11904761904761904,0.002256188456704464,0.0021602910495084502,0.003465091262547804,0.23809523809523808
68,0.7,AV,41,4,45,1.4189587968505002e-07,6.334887475700768e-12,8.902456699657e-13,0.0030356959562954033,0.0028337294871783377,0.004789358543052891,0.0028015662451940774,0.0028833599338256577,0.003735132290722621,0.3902439024390244,0.0008541170171938347,0.0008378414175830809,0.0012016251572311064,0.07317073170731707,0.002484447339408486,0.0025166957006407045,0.00367529498399075,0.34146341463414637
68,0.7,TV,40,2,42,3.596388524762517e-07,6.672501526999719e-12,6.658247834440243e-13,0.0038085532333364423,0.003370046736713877,0.006667458072701317,0.0037136105256582717,0.003785037734941504,0.005291595309866465,0.5,0.0008368260492690538,0.0008057685515228543,0.001141350199830653,0.05,0.0015348673850009286,0.001419884599424989,0.002264649635022198,0.075
69,0.1,AT,45,3,48,3.3649645270195094e-07,4.208506806935297e-12,6.302001746784272e-13,0.002472468205509476,0.002367252913834748,0.005320853067732214,0.00288775888529973,0.002814006838872334,0.004968638196323838,0.4666666666666667,0.0010671366805865127,0.0010601254632345658,0.00156659146606073,0.3333333333333333,0.002988370225397908,0.003042428952614296,0.004525502915058158,0.6666666666666666
69,0.1,AV,53,3,56,3.1150710322336295e-07,3.5354878746840512e-12,5.826327236925352e-13,0.0024685730906104466,0.002491663742486624,0.004184632034827332,0.0021080800409479534,0.0020932191933233056,0.003130747688060914,0.4339622641509434,0.0007685893666783018,0.0007269709418375234,0.0011727769877504228,0.1320754716981132,0.0022405720650410348,0.0020811487261273944,0.003472375382501623,0.39622641509433965
69,0.1,TV,47,2,49,2.956891274052964e-07,9.03272422136947e-12,1.0941351993972992e-12,0.006250085728758717,0.006143617912582181,0.009787872161801185,0.005831972555101125,0.004849863507073059,0.010400155811304039,0.19148936170212766,0.0010119934396572757,0.0009923018140620642,0.0014487229618945349,0.0,0.0022503388627722084,0.002059132846015046,0.003337014077194914,0.0
69,0.2,AT,84,6,90,2.950010726809893e-07,4.285901494816002e-12,6.294520737031547e-13,0.0022803175904672103,0.0017472317152740615,0.004995372641437268,0.002636309524995,0.002178413886285745,0.004946950222046128,0.5,0.0010866570320790037,0.0010620458347628508,0.0016572182483179947,0.34523809523809523,0.0026930893373619097,0.0025378039659494185,0.0039263307139096,0.6785714285714286
69,0.2,AV,78,5,83,2.3447594210690426e-07,3.0349377524996335e-12,5.722582441224607e-13,0.00230193281846607,0.0023434181921573524,0.0031660370030445273,0.0019830561954846193,0.0021972523840980713,0.002932642804375891,0.47435897435897434,0.0007980865742025122,0.0007971289101868725,0.0011636323711136224,0.07692307692307693,0.002248460038899359,0.002168721163171041,0.0032978860968088577,0.4230769230769231
69,0.2,TV,75,2,77,2.492621355987268e-07,1.1520295134515024e-11,1.0737316595016652e-12,0.005805781016781559,0.00564271810072496,0.010270922923940991,0.005301350549943088,0.005170251371778635,0.009373204984117891,0.30666666666666664,0.0009525234769451772,0.00085618636540579,0.001577185409775517,0.0,0.002167214264252208,0.0019963950135940874,0.0034812986023205835,0.06666666666666667
69,0.3,AT,97,4,101,4.773590214224299e-07,4.736247852243913e-12,7.352012798363097e-13,0.0030497344365513286,0.003052283379701497,0.005711681270886719,0.003305994772206618,0.003177555787942517,0.0057469369124040414,0.5257731958762887,0.0011696065850544204,0.0010795628215055054,0.0017113479803811827,0.20618556701030927,0.003103433690160539,0.0030740079510563154,0.004430437700016208,0.5670103092783505
69,0.3,AV,88,3,91,2.3036826424238654e-07,5.589232202063421e-12,5.869039296022565e-13,0.002293315076071762,0.0024702986318504818,0.003804241865896734,0.002058965777408278,0.0020023187828474916,0.0030024127521852966,0.42045454545454547,0.0008182561754290405,0.0008221447092227273,0.0011737085721066974,0.14772727272727273,0.002294223369389105,0.0020787660785928875,0.0036528425470953034,0.4090909090909091
69,0.3,TV,92,4,96,4.502024388841619e-07,1.0216095330806141e-11,9.741562119406589e-13,0.005717812890510453,0.00555413554708715,0.010038887159275678,0.005163147098483753,0.004827577871596371,0.008711171353779454,0.2826086956521739,0.0009590897049779254,0.0008929306882178426,0.001408593765696078,0.0,0.0021738878750815764,0.002101059817844725,0.003209253780594645,0.03260869565217391
69,0.4,AT,81,4,85,2.447917416548151e-07,5.016027523896405e-12,7.601837345034936e-13,0.0026010913753650483,0.002112318608788485,0.005610456868600116,0.00290030228447594,0.0024349691314504126,0.005530203266780369,0.49382716049382713,0.001192019676080385,0.0011402664484415027,0.001658147201662871,0.32098765432098764,0.003009211633879984,0.0029250927125524457,0.0043193805843323805,0.6172839506172839
69,0.4,AV,94,2,96,2.429997064679057e-07,4.309941292746089e-12,5.99885736332571e-13,0.0022003814552212135,0.002223833413049471,0.004027072259745083,0.0019483484187075271,0.0018410503612727972,0.002766149233164495,0.5212765957446809,0.0007979218814433625,0.0007461053731995606,0.0010974643880029672,0.18085106382978725,0.00246873254471487,0.0023333665760970753,0.003799873227104604,0.5425531914893617
69,0.4,TV,89,3,92,3.454598180852031e-07,1.037233840484042e-11,1.1429282597667839e-12,0.006177348837683739,0.0059812939558495995,0.009961344422803156,0.00589830733457201,0.005387042993586249,0.010079150735627951,0.3258426966292135,0.0010380091489113042,0.0009910854126258303,0.0015161376894494583,0.02247191011235955,0.0023795421377358376,0.002291857121630064,0.0034481449814796534,0.0449438202247191
69,0.5,AT,60,3,63,3.431710515755526e-07,5.87848172917127e-12,7.192734603271635e-13,0.0028877643062793666,0.0024551864039760616,0.005868117856756498,0.0030943219337189,0.0029379339716266236,0.005458919989105795,0.4166666666666667,0.0012167418090688806,0.0012095978277882578,0.0017523327392343743,0.25,0.0033624276151135116,0.0033363767748069654,0.004909942837128713,0.6166666666666667
69,0.5,AV,72,2,74,2.1319027609933983e-07,4.446762402743332e-12,5.849380637201418e-13,0.00225183880277581,0.0023924321838977858,0.003597459693084621,0.001972909113397006,0.002126701567418612,0.002860356003335222,0.4166666666666667,0.0007613736069262847,0.0007381797364602635,0.001121670152145494,0.125,0.002224417075801193,0.002119645535939844,0.0033850090234702037,0.3611111111111111
69,0.5,TV,79,4,83,3.6768309796819665e-07,1.134555643877988e-11,1.2025988456023206e-12,0.005794288820145109,0.005962031676248876,0.008818650954449956,0.005518401132586926,0.005280589780534052,0.009967945205725942,0.24050632911392406,0.0008877197437806357,0.0008150824918684891,0.0013818841691991997,0.012658227848101266,0.0020882221375860903,0.002009439062780636,0.0032474431493209658,0.0379746835443038
69,0.6,AT,60,3,63,3.1527772104134044e-07,6.011698083785433e-12,6.986099334660781e-13,0.0026667202854318566,0.0018212309621985499,0.005404288261698929,0.002908806182563483,0.002403239109057923,0.005351360231418163,0.43333333333333335,0.0011809076753473984,0.0010999493553446923,0.0017313173929257852,0.35,0.0030168675766243805,0.002912586976310631,0.004314452754326098,0.6166666666666667
69,0.6,AV,44,2,46,1.6366764812869583e-07,3.4741411136796074e-12,5.26921599531427e-13,0.002078419912402722,0.0022620516352596055,0.0034290678164618183,0.0019317790806128914,0.0020242935611339604,0.002649079103986624,0.4772727272727273,0.0008520596828933361,0.0007769456308931686,0.0011683730024714327,0.22727272727272727,0.0025979411536996805,0.0022607139378440473,0.00408215855272513,0.5
69,0.6,TV,53,1,54,6.651668695845103e-07,8.36212175892026e-12,1.0475212154715535e-12,0.005045340075874633,0.005034841276258307,0.00824814961547505,0.005073964463588275,0.00531954457137571,0.00871490413894918,0.32075471698113206,0.0009231765362831857,0.000858645172650295,0.0012586522016324422,0.03773584905660377,0.0022117875840945,0.002050056742360272,0.003236544784393415,0.07547169811320754
69,0.7,AT,39,4,43,4.172026413229446e-07,6.156358409170615e-12,7.269484053944438e-13,0.0026691953530114656,0.002304628105672635,0.005358430694535237,0.0027677625373720904,0.002441471310446535,0.004634677066111514,0.38461538461538464,0.0011845662807843705,0.001102756210470901,0.001807637930503373,0.1794871794871795,0.0030763524792356543,0.0031843173668798697,0.004099556703528823,0.5897435897435898
69,0.7,AV,43,2,45,4.0187241601152834e-07,6.602780822095866e-12,6.088393531548921e-13,0.002240871258652261,0.002294804481765089,0.003743743855045879,0.0018937825266157273,0.0019108201804322329,0.0027327285795657004,0.46511627906976744,0.0008384072540611742,0.0007863375203265942,0.0012347348466846299,0.09302325581395349,0.002548195245546962,0.0024782253466351994,0.0038842757975430468,0.5116279069767442
69,0.7,TV,51,1,52,3.792926550616471e-07,1.0777739811729248e-11,1.0676995135466701e-12,0.0060660353714625,0.00648389550617691,0.0087613190052677,0.005925858381602911,0.00556252541714089,0.009682100889569353,0.3137254901960784,0.0009958512610901144,0.0009820676059491104,0.001400551693459113,0.0196078431372549,0.0022114419281435214,0.002213707386775131,0.0031941886794403505,0.0392156862745098
70,0.1,AT,52,2,54,3.61412750393697e-07,9.695619307414916e-12,1.2608545339223706e-12,0.00520098203076415,0.005702947485797095,0.007618533391088861,0.004632992951106555,0.005032978008215247,0.006232641743980119,0.2692307692307692,0.0008432370812743428,0.0008072378434274034,0.0011734291400728105,0.07692307692307693,0.0015970276586385582,0.0015139692167282287,0.002273915931200844,0.09615384615384616
70,0.1,AV,53,1,54,1.9814075497004424e-07,9.599569403273556e-12,1.0480261808434322e-12,0.0057179585473431885,0.006864596679983973,0.009637414703724081,0.005269660670055779,0.006453928199476296,0.008766816209894411,0.41509433962264153,0.0007968560630729576,0.0007914862081535468,0.0010031137715333094,0.1320754716981132,0.0012805828821408748,0.0011747508041456609,0.0019275179563713618,0.16981132075471697
70,0.1,TV,60,3,63,2.5239610357274955e-07,3.099605207917966e-12,4.2563160236671316e-13,0.0014992561180906582,0.0014985988710880184,0.0025638671201608475,0.0017429340711435156,0.0017653908685144252,0.0023191965477723274,0.5666666666666667,0.0004263867954208499,0.0004163801893403913,0.0005802838502038921,0.11666666666666667,0.0008603089998711566,0.0008426664348331064,0.0011215661283408476,0.3
70,0.2,AT,75,5,80,4.4700551193876947e-07,8.330090089936348e-12,1.1303439877167222e-12,0.00559810048109311,0.0059826593864295554,0.007864639943599233,0.004524463502309367,0.004391515239650511,0.006824042434704171,0.18666666666666668,0.0008758275520976133,0.0008668290604161774,0.0011913511065543313,0.04,0.0015166801724847102,0.0015017098183495795,0.0020865407195446,0.08
70,0.2,AV,88,2,90,1.8921688060835606e-07,9.447527829498092e-12,1.1885819649181311e-12,0.006104396850877062,0.006483191181938644,0.010517091709381437,0.005581897244522922,0.006034675509476037,0.008500515427406673,0.42045454545454547,0.0008204809545007334,0.0007969341502097217,0.001024280059601176,0.045454545454545456,0.001336545604084109,0.0013230543602457908,0.0018514398213295273,0.056818181818181816
70,0.2,TV,70,1,71,2.4499518547216326e-07,5.768511970177803e-12,4.4445600720667196e-13,0.0017433056105249929,0.0018130427442951793,0.0027672036536333295,0.0018100763777953778,0.0018475789441415955,0.002486508166361645,0.5142857142857142,0.000453461482738048,0.0004429144912052495,0.00059457569955598,0.08571428571428572,0.0008030888170949585,0.0007590685397819119,0.0012305103198949814,0.21428571428571427
70,0.3,AT,79,3,82,3.970274142783836e-07,9.109116239081061e-12,1.2117329579550547e-12,0.005406610672690442,0.006164871515607833,0.0076420330428397755,0.00457675756445572,0.004730345909819512,0.006121662288377211,0.25316455696202533,0.000865737629845084,0.0008332547113638981,0.0012703224676424564,0.02531645569620253,0.0015246476847532262,0.0015030647551106363,0.002167492938759258,0.10126582278481013
70,0.3,AV,89,4,93,1.9038580967301044e-07,1.1436490643390584e-11,1.2090596114301185e-12,0.005840850546685723,0.006123078216099183,0.010200859573913207,0.005846643157289452,0.0062149155179599255,0.008699415344686358,0.4606741573033708,0.0008154250455355465,0.0007790843955264775,0.001104022460948167,0.056179775280898875,0.0014263078887020682,0.0013630267082810762,0.0020541501021710757,0.1348314606741573
70,0.3,TV,108,3,111,3.709880718183456e-07,3.983094453222091e-12,4.554285790165888e-13,0.0014495346853803169,0.0012939204012921888,0.0026612087416003007,0.0015654825965567272,0.0015271430899506575,0.0021925184381330633,0.48148148148148145,0.00046559305020059947,0.00045511720705045843,0.0006364677006753437,0.12037037037037036,0.0008587854254229099,0.000825527513026212,0.0011524887023647396,0.3611111111111111
70,0.4,AT,99,5,104,3.566295023738064e-07,8.486926439399411e-12,1.1420757242058726e-12,0.00532102247255175,0.005710346147402982,0.007572204958054339,0.004259700975055714,0.0040864437872094135,0.006163267561560539,0.20202020202020202,0.000910307937785393,0.0008826891196833791,0.0013019872506130352,0.04040404040404041,0.0015259781247085337,0.0015037858826897805,0.0022371293576178997,0.0707070707070707
70,0.4,AV,103,1,104,2.2936148785790422e-07,8.948831259347756e-12,1.1984872765842911e-12,0.005878956186413152,0.006612990656250991,0.009950446971231585,0.0055674363138261814,0.006513630123034354,0.008425306800705449,0.3592233009708738,0.0008081856223628477,0.0007927326940590381,0.0011200221849946097,0.05825242718446602,0.0013004696529837346,0.0012060209623931985,0.001990664310189437,0.11650485436893204
70,0.4,TV,85,5,90,3.560991324036422e-07,5.2074421164061135e-12,5.045937717349453e-13,0.0014423016206441181,0.0011444247343349943,0.002745534430308528,0.0017071411924087499,0.0015968203403247273,0.0024690770412785744,0.6235294117647059,0.00047561963455576355,0.00047209298930563136,0.000652870073978929,0.2,0.0009088421148488059,0.0008663392370667014,0.0012779369277585615,0.4117647058823529
70,0.5,AT,79,6,85,4.3285913187141034e-07,8.956618433031416e-12,1.1467893387880784e-12,0.005455453741491525,0.005896264870790119,0.0076734158716100015,0.00441797035222607,0.004641077086656495,0.006281630448253504,0.21518987341772153,0.0008982235092897814,0.0008529010227458981,0.0012804190141976716,0.012658227848101266,0.0015532772009632387,0.0015671205672854545,0.0021313474758461177,0.06329113924050633
70,0.5,AV,81,0,81,1.604294712631571e-07,1.0819766957381738e-11,1.0828646399501269e-12,0.00533250748964326,0.005329827808955186,0.00985299756172154,0.005183719226231844,0.005906489820240873,0.007873375447199783,0.4691358024691358,0.0007774076507926444,0.000782875958737148,0.0010030701529866294,0.1111111111111111,0.0013424879218313038,0.0012977707402637,0.001889270947603002,0.16049382716049382
70,0.5,TV,78,3,81,2.865634709525722e-07,5.694530784416951e-12,4.703033645079849e-13,0.0016384483716690745,0.0014964075985387994,0.002882721393964681,0.0018036007385556186,0.0018566562668419326,0.0024410794089636005,0.5384615384615384,0.0004705694472829039,0.0004542359598690317,0.0006618062588626847,0.11538461538461539,0.0007864047002711707,0.0007278857806797727,0.0011101239632567749,0.2692307692307692
70,0.6,AT,71,4,75,3.0764213665435136e-07,1.0370232450540584e-11,1.1176962096374916e-12,0.004819454138685134,0.004992635558083599,0.0077302221452532705,0.0038724566042336863,0.003569232156457672,0.006184736190470902,0.3380281690140845,0.0008505815311991344,0.0008131533468620971,0.0011565620871000597,0.0,0.0015917324499414881,0.0015121688008398794,0.002122402301305425,0.11267605633802817
70,0.6,AV,70,3,73,1.8940320201110694e-07,1.0155754709417764e-11,1.2417435520002994e-12,0.005440651677048942,0.005031206891476762,0.010033128315915796,0.005048599417676674,0.00539791098492359,0.007797095658472265,0.5285714285714286,0.0008173862571884948,0.0008187575488420564,0.001101564121989165,0.02857142857142857,0.0015019889298257924,0.0014588447179334088,0.0021353036054328786,0.08571428571428572
70,0.6,TV,60,1,61,3.0485116919720667e-07,4.683103297514757e-12,4.952212784451714e-13,0.0017394145765670444,0.0016137017516790104,0.002781245996206925,0.0017956721294949353,0.0018099177702895447,0.00247409573858407,0.4666666666666667,0.0004818963693140128,0.0004738174460730112,0.0006395077408509203,0.05,0.0008339967897050478,0.0008245262998465574,0.0011013315968232387,0.16666666666666666
70,0.7,AT,48,4,52,4.0447568760981767e-07,9.796503885883823e-12,1.1807542579679219e-12,0.004668120294954768,0.0046212249643506655,0.007356142412983537,0.003757256556993061,0.0036460971741623985,0.005885609990720034,0.25,0.000879766337776269,0.0009133935055891391,0.00130405360236474,0.020833333333333332,0.0014363753160057757,0.0013623819084924312,0.0022147909147407674,0.08333333333333333
70,0.7,AV,32,0,32,1.6911178657430526e-07,9.147852614299623e-12,1.0820736705921292e-12,0.005279623208826785,0.005039072967820178,0.009540767931674004,0.004987199111575688,0.0052341484057819585,0.008248430925893729,0.46875,0.000816087909852888,0.0007744391038351894,0.0011363340742221062,0.125,0.0014235331128745433,0.0012780044916377833,0.0021256950061895753,0.1875
70,0.7,TV,39,2,41,3.0649418780726023e-07,3.3144658892481083e-12,5.203947040582806e-13,0.0014532227234081703,0.0012985514894719964,0.002702862461514036,0.001762662068430509,0.001635423458258737,0.0023894579893752616,0.5384615384615384,0.0005127996221960624,0.0004705307074808326,0.0007541210730686468,0.1794871794871795,0.000872027315243751,0.00084986401897525,0.001211985913480229,0.23076923076923078
