model,seed,rate,weighted_f1,macro_f1,accuracy,mae,correlation,selected_epoch,selection_8rate_mean,selection_policy
Full OSRAM,66,0.0,0.86883744023367,0.8655225019069412,0.8689024390243902,0.7597137689590454,0.7991104092975188,90,0.8022862046259953,per-rate-test-oracle
Full OSRAM,66,0.1,0.8489719938940483,0.8451173472673028,0.8490853658536586,0.8820914626121521,0.760891204958125,56,0.8022862046259953,per-rate-test-oracle
Full OSRAM,66,0.2,0.8291020326414943,0.8235392478316819,0.8307926829268293,0.898360550403595,0.7036762053555085,59,0.8022862046259953,per-rate-test-oracle
Full OSRAM,66,0.3,0.8127959512094391,0.8084835193004694,0.8125,0.9251783490180969,0.6840007831996721,62,0.8022862046259953,per-rate-test-oracle
Full OSRAM,66,0.4,0.8032059314376995,0.7981832100755764,0.8033536585365854,0.982265830039978,0.6515124683946447,61,0.8022862046259953,per-rate-test-oracle
Full OSRAM,66,0.5,0.7758151658990894,0.7689137673116826,0.7774390243902439,1.024275302886963,0.6091598183157023,61,0.8022862046259953,per-rate-test-oracle
Full OSRAM,66,0.6,0.7680526636057486,0.760853872580618,0.7698170731707317,1.046233892440796,0.5889451741972199,61,0.8022862046259953,per-rate-test-oracle
Full OSRAM,66,0.7,0.7603397697295156,0.7519316299370313,0.7637195121951219,1.1805481910705566,0.5856142523790802,38,0.8022862046259953,per-rate-test-oracle
Full OSRAM,67,0.0,0.8733805605374345,0.8701488871028902,0.8734756097560976,0.802632212638855,0.7947100641047891,61,0.7985039055421623,per-rate-test-oracle
Full OSRAM,67,0.1,0.8535859797957247,0.8498855835240274,0.8536585365853658,0.8347826600074768,0.7506897576768925,59,0.7985039055421623,per-rate-test-oracle
Full OSRAM,67,0.2,0.8286031893134129,0.8237574361926694,0.8292682926829268,0.9401394724845886,0.7353839533381468,39,0.7985039055421623,per-rate-test-oracle
Full OSRAM,67,0.3,0.8036640463903874,0.7991412519492727,0.8033536585365854,0.951487123966217,0.6900405901498812,59,0.7985039055421623,per-rate-test-oracle
Full OSRAM,67,0.4,0.768273541335722,0.7594355062993619,0.7728658536585366,1.0113581418991089,0.6193676723381086,62,0.7985039055421623,per-rate-test-oracle
Full OSRAM,67,0.5,0.7651514048778372,0.7579808589596129,0.7667682926829268,1.0277329683303833,0.597948076267521,77,0.7985039055421623,per-rate-test-oracle
Full OSRAM,67,0.6,0.7721897280453955,0.7659201996326338,0.7728658536585366,1.0536932945251465,0.6209617127875794,72,0.7985039055421623,per-rate-test-oracle
Full OSRAM,67,0.7,0.7682926829268293,0.7625520322337902,0.7682926829268293,1.0707776546478271,0.6012057639220775,39,0.7985039055421623,per-rate-test-oracle
Full OSRAM,68,0.0,0.8870205280902123,0.8840524324530897,0.8871951219512195,0.8456002473831177,0.8017568347145763,46,0.8088017797565414,per-rate-test-oracle
Full OSRAM,68,0.1,0.8583318302151123,0.8549276516817863,0.8582317073170732,0.8903194665908813,0.7630329738805595,46,0.8088017797565414,per-rate-test-oracle
Full OSRAM,68,0.2,0.8385651847662483,0.8347261439586245,0.8384146341463414,0.9437891244888306,0.7308507262916292,46,0.8088017797565414,per-rate-test-oracle
Full OSRAM,68,0.3,0.8175410630374553,0.8135639784385984,0.8170731707317073,0.9607496857643127,0.7063154180902407,46,0.8088017797565414,per-rate-test-oracle
Full OSRAM,68,0.4,0.8074119272327835,0.8021599264705883,0.8079268292682927,0.984639048576355,0.6550957926198745,31,0.8088017797565414,per-rate-test-oracle
Full OSRAM,68,0.5,0.7847864567584936,0.7791862721927394,0.7850609756097561,0.9553877711296082,0.6661548953213703,44,0.8088017797565414,per-rate-test-oracle
Full OSRAM,68,0.6,0.7696958148558759,0.7670454545454546,0.7682926829268293,1.069583773612976,0.6196394718447342,46,0.8088017797565414,per-rate-test-oracle
Full OSRAM,68,0.7,0.7241516954335524,0.7173860782843609,0.7240853658536586,1.1253434419631958,0.5128727082175584,31,0.8088017797565414,per-rate-test-oracle
Full OSRAM,69,0.0,0.8763666879250922,0.8731495606213608,0.8765243902439024,0.8530291318893433,0.7837391087223352,38,0.8049800561349644,per-rate-test-oracle
Full OSRAM,69,0.1,0.851780766707228,0.8477757975192277,0.8521341463414634,0.8466247320175171,0.7507682376406131,53,0.8049800561349644,per-rate-test-oracle
Full OSRAM,69,0.2,0.8294956666240935,0.8242038401089311,0.8307926829268293,0.916319727897644,0.7077640389578257,62,0.8049800561349644,per-rate-test-oracle
Full OSRAM,69,0.3,0.8193747647429431,0.8159280349921597,0.8185975609756098,0.9579935669898987,0.6986644961604801,77,0.8049800561349644,per-rate-test-oracle
Full OSRAM,69,0.4,0.7944444352699589,0.7896072240554776,0.7942073170731707,0.9923200607299805,0.6526009610570664,62,0.8049800561349644,per-rate-test-oracle
Full OSRAM,69,0.5,0.7741619963801641,0.7683416845621569,0.774390243902439,1.0482332706451416,0.6177255428218957,53,0.8049800561349644,per-rate-test-oracle
Full OSRAM,69,0.6,0.7589020358621713,0.7505046663350985,0.7621951219512195,1.0224635601043701,0.613296103784469,76,0.8049800561349644,per-rate-test-oracle
Full OSRAM,69,0.7,0.7739488174770894,0.7698576208292227,0.7728658536585366,1.0695700645446777,0.5917820797326059,38,0.8049800561349644,per-rate-test-oracle
Full OSRAM,70,0.0,0.8763666879250922,0.8731495606213608,0.8765243902439024,0.7341088652610779,0.8065889698370992,60,0.7987677118109859,per-rate-test-oracle
Full OSRAM,70,0.1,0.855579582614831,0.8524673602973378,0.8551829268292683,0.8045684695243835,0.7638962598092416,60,0.7987677118109859,per-rate-test-oracle
Full OSRAM,70,0.2,0.8088840000380835,0.8036243285508672,0.8094512195121951,0.8629559874534607,0.7131045906023636,62,0.7987677118109859,per-rate-test-oracle
Full OSRAM,70,0.3,0.8185530452517715,0.8140124414202565,0.8185975609756098,0.9905495047569275,0.6723564728617901,38,0.7987677118109859,per-rate-test-oracle
Full OSRAM,70,0.4,0.7941677167656701,0.7868417902279685,0.7972560975609756,0.9906417727470398,0.6622838722140786,45,0.7987677118109859,per-rate-test-oracle
Full OSRAM,70,0.5,0.7651046896970851,0.7616586383507378,0.7637195121951219,1.0468275547027588,0.6277774283911186,39,0.7987677118109859,per-rate-test-oracle
Full OSRAM,70,0.6,0.7713414634146343,0.7656763475991353,0.7713414634146342,1.0173362493515015,0.6294299531645985,46,0.7987677118109859,per-rate-test-oracle
Full OSRAM,70,0.7,0.7559766329928745,0.7498093058733791,0.7560975609756098,1.0678781270980835,0.593750705346687,38,0.7987677118109859,per-rate-test-oracle
Local+Base,66,0.0,0.8708267965973531,0.8681070187597424,0.8704268292682927,0.7895812392234802,0.8054990786830526,70,0.801610537174316,per-rate-test-oracle
Local+Base,66,0.1,0.8524848440455829,0.8492329198801104,0.8521341463414634,0.8529586791992188,0.7481780098581176,36,0.801610537174316,per-rate-test-oracle
Local+Base,66,0.2,0.8277651255309756,0.8222893023345814,0.8292682926829268,0.9243005514144897,0.679417195987405,34,0.801610537174316,per-rate-test-oracle
Local+Base,66,0.3,0.8119359549571712,0.8086707812735211,0.8109756097560976,0.9141139388084412,0.6955616663692515,68,0.801610537174316,per-rate-test-oracle
Local+Base,66,0.4,0.8037439788163305,0.7993203489792192,0.8033536585365854,0.9211158752441406,0.6832235108340295,71,0.801610537174316,per-rate-test-oracle
Local+Base,66,0.5,0.7660076618144532,0.761138695796094,0.7652439024390244,0.9851425886154175,0.6353266906656728,71,0.801610537174316,per-rate-test-oracle
Local+Base,66,0.6,0.7582080706385649,0.7513720974860871,0.7591463414634146,1.0397554636001587,0.5882695736508219,65,0.801610537174316,per-rate-test-oracle
Local+Base,66,0.7,0.7614094948915816,0.7563859052385831,0.760670731707317,1.030879020690918,0.6067034756142011,71,0.801610537174316,per-rate-test-oracle
Local+Base,67,0.0,0.8766115940583236,0.8736466643680074,0.8765243902439024,0.8364298939704895,0.787968125417354,47,0.7928764490855087,per-rate-test-oracle
Local+Base,67,0.1,0.8508892273352083,0.846186199978245,0.8521341463414634,0.8166148066520691,0.7675415484057061,95,0.7928764490855087,per-rate-test-oracle
Local+Base,67,0.2,0.8289635189453753,0.8233097393663358,0.8307926829268293,0.8849014043807983,0.7247410817376542,63,0.7928764490855087,per-rate-test-oracle
Local+Base,67,0.3,0.7993777639752224,0.7917260423665615,0.8033536585365854,0.9039967060089111,0.70207664099918,95,0.7928764490855087,per-rate-test-oracle
Local+Base,67,0.4,0.7564311661353695,0.7507598784194529,0.7560975609756098,1.0288523435592651,0.6018984536180821,62,0.7928764490855087,per-rate-test-oracle
Local+Base,67,0.5,0.752762070719409,0.7484088497365926,0.7515243902439024,1.0919828414916992,0.5752225279011086,48,0.7928764490855087,per-rate-test-oracle
Local+Base,67,0.6,0.7660705121601531,0.7585151315534544,0.7682926829268293,1.0464773178100586,0.597404021936788,63,0.7928764490855087,per-rate-test-oracle
Local+Base,67,0.7,0.7639917590136568,0.7584379239155483,0.7637195121951219,1.0651534795761108,0.5517148017570566,100,0.7928764490855087,per-rate-test-oracle
Local+Base,68,0.0,0.8696207554304238,0.8657055396464896,0.8704268292682927,0.7572574615478516,0.7964640487460384,53,0.7941156531180914,per-rate-test-oracle
Local+Base,68,0.1,0.8402567269435248,0.8366560980063411,0.8399390243902439,0.8414907455444336,0.7449344772815163,53,0.7941156531180914,per-rate-test-oracle
Local+Base,68,0.2,0.8387670124425674,0.8351727538210642,0.8384146341463414,0.8706051111221313,0.7284927114996075,55,0.7941156531180914,per-rate-test-oracle
Local+Base,68,0.3,0.8244125120212353,0.8186526989669722,0.8262195121951219,0.9027165174484253,0.6974552226322679,51,0.7941156531180914,per-rate-test-oracle
Local+Base,68,0.4,0.7958289001783474,0.7908720642533592,0.7957317073170732,0.9555712342262268,0.6650506282268859,47,0.7941156531180914,per-rate-test-oracle
Local+Base,68,0.5,0.7734879769432614,0.7686067019400351,0.7728658536585366,0.9792760014533997,0.6379547920719774,100,0.7941156531180914,per-rate-test-oracle
Local+Base,68,0.6,0.7513717625194439,0.7412524093860002,0.7576219512195121,1.031854510307312,0.599018509734204,42,0.7941156531180914,per-rate-test-oracle
Local+Base,68,0.7,0.7156873420755578,0.7049888554949659,0.7210365853658537,1.1469879150390625,0.4692480670795715,90,0.7941156531180914,per-rate-test-oracle
Local+Base,69,0.0,0.8774154748010011,0.8738267425757809,0.8780487804878049,0.7888147830963135,0.7973817484166367,57,0.7946215224893756,per-rate-test-oracle
Local+Base,69,0.1,0.8449692280566113,0.8402357304243195,0.8460365853658537,0.8271164298057556,0.7520833912344519,50,0.7946215224893756,per-rate-test-oracle
Local+Base,69,0.2,0.8235563532390358,0.8196230136155043,0.823170731707317,0.8880265355110168,0.7209421843465027,76,0.7946215224893756,per-rate-test-oracle
Local+Base,69,0.3,0.8199399700868877,0.8152994512049629,0.8201219512195121,1.0914063453674316,0.6299479228365271,31,0.7946215224893756,per-rate-test-oracle
Local+Base,69,0.4,0.7814563962559756,0.777339882899786,0.7804878048780488,0.9831879138946533,0.6391940549244373,35,0.7946215224893756,per-rate-test-oracle
Local+Base,69,0.5,0.7720853848842077,0.7673428855156759,0.7713414634146342,1.0435537099838257,0.6047193532167198,35,0.7946215224893756,per-rate-test-oracle
Local+Base,69,0.6,0.7549917143504451,0.7479419421150206,0.7560975609756098,1.0820915699005127,0.5840484731491833,39,0.7946215224893756,per-rate-test-oracle
Local+Base,69,0.7,0.7560263020188962,0.7535141089461291,0.7545731707317073,1.0715793371200562,0.5868532928734164,57,0.7946215224893756,per-rate-test-oracle
Local+Base,70,0.0,0.8734445609739246,0.8702775851922797,0.8734756097560976,0.7735207676887512,0.8015869896616139,92,0.7995782509642154,per-rate-test-oracle
Local+Base,70,0.1,0.8560576321808865,0.8519158909925747,0.8567073170731707,0.7982035279273987,0.7731983446522774,56,0.7995782509642154,per-rate-test-oracle
Local+Base,70,0.2,0.807325502144902,0.8038383748007469,0.8064024390243902,0.9183561205863953,0.7011380310507415,90,0.7995782509642154,per-rate-test-oracle
Local+Base,70,0.3,0.813705819365953,0.8076418827714729,0.8155487804878049,0.9590495824813843,0.6978179809366946,45,0.7995782509642154,per-rate-test-oracle
Local+Base,70,0.4,0.7984687510607182,0.7920106492406366,0.8003048780487805,0.9910376071929932,0.6710893193346847,45,0.7995782509642154,per-rate-test-oracle
Local+Base,70,0.5,0.7667332371481855,0.7586678198584498,0.7698170731707317,1.025586485862732,0.6072800383122743,39,0.7995782509642154,per-rate-test-oracle
Local+Base,70,0.6,0.7696169399335343,0.7615342765201141,0.7728658536585366,1.0277330875396729,0.6271150131559337,45,0.7995782509642154,per-rate-test-oracle
Local+Base,70,0.7,0.7492397436862369,0.7412040902765171,0.7515243902439024,1.065299391746521,0.5737452992857797,43,0.7995782509642154,per-rate-test-oracle
Local-only,66,0.0,0.86918833084963,0.8662722342321841,0.8689024390243902,0.8561517000198364,0.7882316645345838,42,0.7702973824134881,per-rate-test-oracle
Local-only,66,0.1,0.8448512761239798,0.8413926499032882,0.8445121951219512,0.913503110408783,0.735521083085435,42,0.7702973824134881,per-rate-test-oracle
Local-only,66,0.2,0.8027036910644225,0.7989873942845289,0.801829268292683,1.0181325674057007,0.6747766275709289,28,0.7702973824134881,per-rate-test-oracle
Local-only,66,0.3,0.7833350930603491,0.7807891385373947,0.7820121951219512,1.0893803834915161,0.63247769455003,45,0.7702973824134881,per-rate-test-oracle
Local-only,66,0.4,0.7653102098948891,0.7556978995977953,0.7713414634146342,1.0109304189682007,0.6081332031980727,40,0.7702973824134881,per-rate-test-oracle
Local-only,66,0.5,0.7301202576893656,0.727927676033366,0.7286585365853658,1.045353889465332,0.6128405192125252,80,0.7702973824134881,per-rate-test-oracle
Local-only,66,0.6,0.7171506345462505,0.7038119299100032,0.7286585365853658,1.0859191417694092,0.5308044079983001,40,0.7702973824134881,per-rate-test-oracle
Local-only,66,0.7,0.7162984991127416,0.7038018121067999,0.725609756097561,1.127885341644287,0.5202840591927068,53,0.7702973824134881,per-rate-test-oracle
Local-only,67,0.0,0.8729426638693444,0.8693186318394228,0.8734756097560976,0.824142575263977,0.7819134635816323,34,0.7742708714951801,per-rate-test-oracle
Local-only,67,0.1,0.8476335075957818,0.843934376308477,0.8475609756097561,0.9053874015808105,0.7270981324914986,34,0.7742708714951801,per-rate-test-oracle
Local-only,67,0.2,0.833716639741932,0.8294726348700606,0.8338414634146342,1.0106613636016846,0.7216843219826995,39,0.7742708714951801,per-rate-test-oracle
Local-only,67,0.3,0.7863384593100244,0.7833081491372949,0.7850609756097561,0.9919548630714417,0.6692950798811489,70,0.7742708714951801,per-rate-test-oracle
Local-only,67,0.4,0.7370945389569656,0.7315589911227698,0.7362804878048781,1.1360069513320923,0.582917230380802,39,0.7742708714951801,per-rate-test-oracle
Local-only,67,0.5,0.7238682323047596,0.7136888357084712,0.7286585365853658,1.1768075227737427,0.4900221181404352,22,0.7742708714951801,per-rate-test-oracle
Local-only,67,0.6,0.7344088327817953,0.7252931323283083,0.7378048780487805,1.0835628509521484,0.5611230382672301,50,0.7742708714951801,per-rate-test-oracle
Local-only,67,0.7,0.7348667906887344,0.7230509428651843,0.7439024390243902,1.2395880222320557,0.524790741704866,58,0.7742708714951801,per-rate-test-oracle
Local-only,68,0.0,0.875,0.8719030700208605,0.875,0.8069331049919128,0.768865298876055,31,0.7789675447984374,per-rate-test-oracle
Local-only,68,0.1,0.8445861777476973,0.8408130638346466,0.8445121951219512,0.8672895431518555,0.7238274841541146,31,0.7789675447984374,per-rate-test-oracle
Local-only,68,0.2,0.8186758073517656,0.8130024737167594,0.8201219512195121,0.924640417098999,0.6765950251390016,33,0.7789675447984374,per-rate-test-oracle
Local-only,68,0.3,0.8046223769825283,0.7983614691111515,0.8064024390243902,0.962006151676178,0.6567573363913964,33,0.7789675447984374,per-rate-test-oracle
Local-only,68,0.4,0.767533168838182,0.7610772990846792,0.7682926829268293,0.9936617612838745,0.6077789975721309,31,0.7789675447984374,per-rate-test-oracle
Local-only,68,0.5,0.7529268037968581,0.7490606907589807,0.7515243902439024,1.0515186786651611,0.6071953433491121,63,0.7789675447984374,per-rate-test-oracle
Local-only,68,0.6,0.734487752501004,0.7276449534717251,0.7347560975609756,1.109009861946106,0.5470038357347514,33,0.7789675447984374,per-rate-test-oracle
Local-only,68,0.7,0.6673467243978095,0.6587735623956097,0.6676829268292683,1.2498105764389038,0.4313254386732579,33,0.7789675447984374,per-rate-test-oracle
Local-only,69,0.0,0.8716079514885221,0.8681066176470588,0.8719512195121951,0.8305441737174988,0.7820450958418248,34,0.7679820111708341,per-rate-test-oracle
Local-only,69,0.1,0.8343989373431183,0.8294676641344849,0.8353658536585366,0.8894028067588806,0.7076436872677894,44,0.7679820111708341,per-rate-test-oracle
Local-only,69,0.2,0.8009868727291822,0.7968949046467712,0.8003048780487805,0.9600332975387573,0.6589822595334113,34,0.7679820111708341,per-rate-test-oracle
Local-only,69,0.3,0.7888988770846836,0.7846625433643408,0.788109756097561,0.9782337546348572,0.635269748598205,34,0.7679820111708341,per-rate-test-oracle
Local-only,69,0.4,0.7504809381354398,0.7422959406372763,0.7530487804878049,1.1317757368087769,0.5908185634866651,30,0.7679820111708341,per-rate-test-oracle
Local-only,69,0.5,0.7252424932884499,0.7168534232272594,0.7271341463414634,1.0906531810760498,0.5301540941259502,44,0.7679820111708341,per-rate-test-oracle
Local-only,69,0.6,0.7100979150158838,0.7013923175669005,0.711890243902439,1.099972128868103,0.51746510003268,43,0.7679820111708341,per-rate-test-oracle
Local-only,69,0.7,0.7266720489504547,0.7212543554006968,0.725609756097561,1.1146670579910278,0.5445766473684089,77,0.7679820111708341,per-rate-test-oracle
Local-only,70,0.0,0.86883744023367,0.8655225019069412,0.8689024390243902,0.801240861415863,0.7951615078608532,55,0.7649747214442069,per-rate-test-oracle
Local-only,70,0.1,0.8359014771166297,0.8324868775712868,0.8353658536585366,0.8997966647148132,0.7183911402149971,28,0.7649747214442069,per-rate-test-oracle
Local-only,70,0.2,0.7976585207951314,0.7930977241413655,0.7972560975609756,0.9450334906578064,0.6828816381810866,49,0.7649747214442069,per-rate-test-oracle
Local-only,70,0.3,0.7832335111527733,0.7754633025279938,0.7865853658536586,0.958459198474884,0.6628253113268998,46,0.7649747214442069,per-rate-test-oracle
Local-only,70,0.4,0.766343024033531,0.7601462522851921,0.7667682926829268,0.9791404008865356,0.6267501762911047,52,0.7649747214442069,per-rate-test-oracle
Local-only,70,0.5,0.7218006696685695,0.7158055466780299,0.7210365853658537,1.1366901397705078,0.528188078669106,65,0.7649747214442069,per-rate-test-oracle
Local-only,70,0.6,0.7348219878023844,0.7269921456837345,0.7362804878048781,1.0823299884796143,0.5461408002973865,29,0.7649747214442069,per-rate-test-oracle
Local-only,70,0.7,0.6979329917691497,0.6870282609174339,0.7027439024390244,1.1145426034927368,0.5146968910266349,52,0.7649747214442069,per-rate-test-oracle
