branch,pattern,target,metric,mean_delta,std_delta,positive_seeds,negative_seeds
regression,A,text,count,0.0,0.0,0,0
regression,A,text,raw_cosine,0.0024453043937683106,0.006275402107583712,4,1
regression,A,text,centered_cosine,-0.018662366177886726,0.07453851826429025,1,4
regression,A,text,real_minus_shuffle_cosine,-0.0004235506057739258,0.002265563337478693,1,4
regression,A,text,shuffle_minus_real_smooth_l1,-0.00026939883828163146,0.0019605582033616472,1,4
regression,A,text,shuffle_minus_real_nce,-0.014117717742919922,0.07551590856211408,1,4
regression,A,text,retrieval_top1,-0.0035261789336800574,0.011154500387787874,2,3
regression,A,text,chance,0.0,0.0,0,0
regression,A,text,effective_rank,-1.8161523818969727,2.491694329568842,1,4
regression,A,text,target_effective_rank,2.1297454833984375,4.871051804155977,4,1
regression,A,text,channel_std,0.007934844493865967,0.017057293320509936,3,2
regression,A,text,target_channel_std,-0.005434983968734741,0.012655425302222271,1,4
regression,A,text,std_ratio,0.021498085975823457,0.04544863338249053,3,2
regression,A,text,retrieval_over_chance,-0.4000000024214386,1.341640772581829,2,3
regression,V,text,count,0.0,0.0,0,0
regression,V,text,raw_cosine,0.004382598400115967,0.007375173056926599,4,1
regression,V,text,centered_cosine,-0.023369835689663887,0.04470891043893299,1,4
regression,V,text,real_minus_shuffle_cosine,-0.0007108569145202637,0.0013801167030641512,1,4
regression,V,text,shuffle_minus_real_smooth_l1,-0.0005451299250125885,0.001327884459508222,1,4
regression,V,text,shuffle_minus_real_nce,-0.023695755004882812,0.04600318400061478,1,4
regression,V,text,retrieval_top1,-0.0030132707208395003,0.012747352956515712,1,1
regression,V,text,chance,0.0,0.0,0,0
regression,V,text,effective_rank,0.12322349548339843,7.68078025924897,1,4
regression,V,text,target_effective_rank,2.598797607421875,5.184981497222645,4,1
regression,V,text,channel_std,0.003107188642024994,0.0094465751428706,3,2
regression,V,text,target_channel_std,-0.007402890920639038,0.013941692429504104,1,4
regression,V,text,std_ratio,0.009827814471956773,0.02568921465584407,2,3
regression,V,text,retrieval_over_chance,-0.39999997839331636,1.5165750032053387,1,1
regression,AV,text,count,0.0,0.0,0,0
regression,AV,text,raw_cosine,0.002720654010772705,0.0067771150500024625,4,1
regression,AV,text,centered_cosine,-0.014747579488903284,0.06471394557293914,2,3
regression,AV,text,real_minus_shuffle_cosine,-0.0009245753288269043,0.0025629462651011177,1,4
regression,AV,text,shuffle_minus_real_smooth_l1,-0.0006189212203025818,0.0019526575020051863,1,4
regression,AV,text,shuffle_minus_real_nce,-0.030817508697509766,0.08542932839401239,1,4
regression,AV,text,retrieval_top1,-0.002569391392171383,0.01019540725744596,1,2
regression,AV,text,chance,0.0,0.0,0,0
regression,AV,text,effective_rank,0.14620895385742189,6.753635723514997,1,4
regression,AV,text,target_effective_rank,1.5288551330566407,3.77411130891675,4,1
regression,AV,text,channel_std,0.0020143795758485795,0.012537029667560276,2,3
regression,AV,text,target_channel_std,-0.004806262254714966,0.012835092437079667,1,4
regression,AV,text,std_ratio,0.005330979916448622,0.03182675721296258,2,3
regression,AV,text,retrieval_over_chance,-0.19999999999999998,0.8366600376655094,1,2
regression,A,visual,count,0.0,0.0,0,0
regression,A,visual,raw_cosine,-0.012377607822418212,0.04685981694890679,1,4
regression,A,visual,centered_cosine,-0.016970491409301756,0.1642405667489883,2,3
regression,A,visual,real_minus_shuffle_cosine,-0.0001343965530395508,0.026825607734646723,2,3
regression,A,visual,shuffle_minus_real_smooth_l1,0.0008005812764167785,0.021874455737009888,2,3
regression,A,visual,shuffle_minus_real_nce,-0.004481983184814453,0.8941906655410744,2,3
regression,A,visual,retrieval_top1,0.001213345304131508,0.017109852590486033,2,2
regression,A,visual,chance,0.0,0.0,0,0
regression,A,visual,effective_rank,-0.010794591903686524,1.388032266238371,2,3
regression,A,visual,target_effective_rank,1.6205032348632813,3.9854088491436896,3,2
regression,A,visual,channel_std,0.015849924087524413,0.08077987566649043,2,3
regression,A,visual,target_channel_std,0.01464827060699463,0.05793151952540027,4,1
regression,A,visual,std_ratio,0.015653787027861694,0.20876931750431763,2,3
regression,A,visual,retrieval_over_chance,0.20000001639127732,1.923538384427832,2,2
regression,V,audio,count,0.0,0.0,0,0
regression,V,audio,raw_cosine,-0.009349894523620606,0.029260477402254688,2,3
regression,V,audio,centered_cosine,-0.018365907529368997,0.053180942943060014,2,3
regression,V,audio,real_minus_shuffle_cosine,-0.0003119349479675293,0.0010295527395635486,3,2
regression,V,audio,shuffle_minus_real_smooth_l1,-0.0002775207161903381,0.0008931189727278719,3,2
regression,V,audio,shuffle_minus_real_nce,-0.010395622253417969,0.03431729898601868,3,2
regression,V,audio,retrieval_top1,-0.0050365783274173735,0.004607697887247396,0,3
regression,V,audio,chance,0.0,0.0,0,0
regression,V,audio,effective_rank,0.5644694328308105,3.974272538936895,3,2
regression,V,audio,target_effective_rank,1.334783172607422,2.4832142554022143,3,2
regression,V,audio,channel_std,-0.00933217965066433,0.017106893905333622,2,3
regression,V,audio,target_channel_std,0.02219611406326294,0.06612641153143743,3,2
regression,V,audio,std_ratio,-0.04104186611665866,0.06734118156246992,1,4
regression,V,audio,retrieval_over_chance,-0.600000019185245,0.547722575018819,0,3
contrastive,A,text,count,0.0,0.0,0,0
contrastive,A,text,raw_cosine,0.008492511510849,0.02831441648455639,2,3
contrastive,A,text,centered_cosine,-0.00036959201097488405,0.02566664485463849,3,2
contrastive,A,text,real_minus_shuffle_cosine,-0.0010696884244680404,0.002083960669111558,2,3
contrastive,A,text,shuffle_minus_real_smooth_l1,-0.0007556438446044922,0.001366032971641869,2,3
contrastive,A,text,shuffle_minus_real_nce,-0.03565654754638672,0.06946482182428898,2,3
contrastive,A,text,retrieval_top1,-0.012429612688720226,0.013820994519412688,1,4
contrastive,A,text,chance,0.0,0.0,0,0
contrastive,A,text,effective_rank,1.402707815170288,1.5126160896779133,4,1
contrastive,A,text,target_effective_rank,2.1297454833984375,4.871051804155977,4,1
contrastive,A,text,channel_std,-0.09179428964853287,0.1395772330931355,1,4
contrastive,A,text,target_channel_std,-0.005434983968734741,0.012655425302222271,1,4
contrastive,A,text,std_ratio,-0.2320339934664321,0.35948887736758595,1,4
contrastive,A,text,retrieval_over_chance,-1.4000000176951288,1.5165750731508643,1,4
contrastive,V,text,count,0.0,0.0,0,0
contrastive,V,text,raw_cosine,0.010951066762208939,0.028114602077087786,2,3
contrastive,V,text,centered_cosine,0.005947492271661759,0.018152611759673646,4,1
contrastive,V,text,real_minus_shuffle_cosine,-0.00016086101531982423,0.0018826256350647648,3,2
contrastive,V,text,shuffle_minus_real_smooth_l1,-0.00027956962585449217,0.0011562496477146463,3,2
contrastive,V,text,shuffle_minus_real_nce,-0.005361747741699219,0.06275410703482137,3,2
contrastive,V,text,retrieval_top1,0.006406221725046635,0.01630242389923533,4,1
contrastive,V,text,chance,0.0,0.0,0,0
contrastive,V,text,effective_rank,1.9125909328460693,1.7900785981830816,4,1
contrastive,V,text,target_effective_rank,2.598797607421875,5.184981497222645,4,1
contrastive,V,text,channel_std,-0.07976982444524765,0.06801170548621631,1,4
contrastive,V,text,target_channel_std,-0.007402890920639038,0.013941692429504104,1,4
contrastive,V,text,std_ratio,-0.20023469141992972,0.1797205934987105,1,4
contrastive,V,text,retrieval_over_chance,0.8000000108033419,1.7888543714051104,4,1
contrastive,AV,text,count,0.0,0.0,0,0
contrastive,AV,text,raw_cosine,0.00960751436650753,0.028134306220236775,2,3
contrastive,AV,text,centered_cosine,0.012078264635056258,0.021256639298238664,3,2
contrastive,AV,text,real_minus_shuffle_cosine,-0.0005814671516418457,0.0016775633878819568,2,3
contrastive,AV,text,shuffle_minus_real_smooth_l1,-0.0005439996719360351,0.0010884553261569934,2,3
contrastive,AV,text,shuffle_minus_real_nce,-0.019382381439208986,0.0559181789308805,2,3
contrastive,AV,text,retrieval_top1,0.00024446118623018266,0.008757454417216235,1,1
contrastive,AV,text,chance,0.0,0.0,0,0
contrastive,AV,text,effective_rank,1.1893016338348388,1.5984100349140533,4,1
contrastive,AV,text,target_effective_rank,1.5288551330566407,3.77411130891675,4,1
contrastive,AV,text,channel_std,-0.0831029698252678,0.08454267974108066,0,5
contrastive,AV,text,target_channel_std,-0.004806262254714966,0.012835092437079667,1,4
contrastive,AV,text,std_ratio,-0.21769303757367908,0.21982397650869054,0,5
contrastive,AV,text,retrieval_over_chance,-1.99303031189757e-08,0.7071068157601347,1,1
contrastive,A,visual,count,0.0,0.0,0,0
contrastive,A,visual,raw_cosine,-0.017470447719097136,0.07185659368475317,1,4
contrastive,A,visual,centered_cosine,-0.04643286913633347,0.08502327367815217,2,3
contrastive,A,visual,real_minus_shuffle_cosine,-0.007396821677684784,0.014428646130737174,2,3
contrastive,A,visual,shuffle_minus_real_smooth_l1,-0.003765261173248291,0.009727914582363899,2,3
contrastive,A,visual,shuffle_minus_real_nce,-0.24656057357788086,0.48095482356427105,2,3
contrastive,A,visual,retrieval_top1,-0.018549779988825323,0.016445246348780976,1,4
contrastive,A,visual,chance,0.0,0.0,0,0
contrastive,A,visual,effective_rank,-0.22313785552978516,2.8870050903030062,2,3
contrastive,A,visual,target_effective_rank,1.6205032348632813,3.9854088491436896,3,2
contrastive,A,visual,channel_std,0.005693674087524414,0.17101920480944807,2,3
contrastive,A,visual,target_channel_std,0.01464827060699463,0.05793151952540027,4,1
contrastive,A,visual,std_ratio,0.005327448255948742,0.437020260350068,3,2
contrastive,A,visual,retrieval_over_chance,-2.1999999852851033,1.9235384361615664,1,4
contrastive,V,audio,count,0.0,0.0,0,0
contrastive,V,audio,raw_cosine,-0.016930031403899194,0.07324029755342266,2,3
contrastive,V,audio,centered_cosine,-0.03216261630877852,0.06694862536607396,1,4
contrastive,V,audio,real_minus_shuffle_cosine,-0.0029677484184503556,0.008398378571638495,1,4
contrastive,V,audio,shuffle_minus_real_smooth_l1,-0.0016486167907714844,0.003696671123312752,1,4
contrastive,V,audio,shuffle_minus_real_nce,-0.09892473220825196,0.279946034044784,1,4
contrastive,V,audio,retrieval_top1,-0.007199195958673954,0.019253875067361082,2,3
contrastive,V,audio,chance,0.0,0.0,0,0
contrastive,V,audio,effective_rank,-1.0311153411865235,4.84545324230694,2,3
contrastive,V,audio,target_effective_rank,1.334783172607422,2.4832142554022143,3,2
contrastive,V,audio,channel_std,0.013508796691894531,0.09930631573364067,2,3
contrastive,V,audio,target_channel_std,0.02219611406326294,0.06612641153143743,3,2
contrastive,V,audio,std_ratio,-0.008117645168357213,0.43975106483730375,2,3
contrastive,V,audio,retrieval_over_chance,-0.8000000093132258,2.2803508698020507,2,3
