variant,seed,rate,epoch,weighted_f1,mask_sha256
full,66,0.0,30,0.8751164636870977,79a5ae976e4e1919c5f09b44d269c74da8f124b90cba3ad0f48145eff0c0f17b
full,66,0.1,30,0.8628048780487805,eb2795dc2edf8b07135ed297a0d25e9c7cb42530214cbed97f650c76fbd48509
full,66,0.2,51,0.8191162971876397,992cda7724b267e584f66b16f96a79efafaaf360f4d9a4abd72130824315403c
full,66,0.3,30,0.8041429817076766,2479f1c5c543be6d83a1a43fe04247c688b58cb1ca94ca709199dfff0a868f43
full,66,0.4,47,0.7939383606605204,68171473b0f9f645f95ac216dab871fe910e54b4f8c9a01be15d21db34795b76
full,66,0.5,48,0.7709875569396195,d42e61495e88243750c9e238cae18b61f31063f90528f3fc353de7fab35d464d
full,66,0.6,30,0.7454147694902017,6b52889567e922a3d693c4a6cc057ff1ceb96acaef17527989a70e21abfe1fe7
full,66,0.7,29,0.7482835686041683,f1208aad19deff6a211236caa7b64e705390ff94e26bc77d8c86717fbffed9cb
local-only,66,0.0,36,0.8701171667022102,79a5ae976e4e1919c5f09b44d269c74da8f124b90cba3ad0f48145eff0c0f17b
local-only,66,0.1,36,0.8485444609673123,eb2795dc2edf8b07135ed297a0d25e9c7cb42530214cbed97f650c76fbd48509
local-only,66,0.2,36,0.8053771339066187,992cda7724b267e584f66b16f96a79efafaaf360f4d9a4abd72130824315403c
local-only,66,0.3,50,0.7867842062950449,2479f1c5c543be6d83a1a43fe04247c688b58cb1ca94ca709199dfff0a868f43
local-only,66,0.4,50,0.7686096078286011,68171473b0f9f645f95ac216dab871fe910e54b4f8c9a01be15d21db34795b76
local-only,66,0.5,95,0.7298558231497478,d42e61495e88243750c9e238cae18b61f31063f90528f3fc353de7fab35d464d
local-only,66,0.6,38,0.7075897686332043,6b52889567e922a3d693c4a6cc057ff1ceb96acaef17527989a70e21abfe1fe7
local-only,66,0.7,35,0.7166510441951994,f1208aad19deff6a211236caa7b64e705390ff94e26bc77d8c86717fbffed9cb
local-base,66,0.0,45,0.8725057687369348,79a5ae976e4e1919c5f09b44d269c74da8f124b90cba3ad0f48145eff0c0f17b
local-base,66,0.1,72,0.852427642985923,eb2795dc2edf8b07135ed297a0d25e9c7cb42530214cbed97f650c76fbd48509
local-base,66,0.2,49,0.8206599570686647,992cda7724b267e584f66b16f96a79efafaaf360f4d9a4abd72130824315403c
local-base,66,0.3,47,0.80373207388814,2479f1c5c543be6d83a1a43fe04247c688b58cb1ca94ca709199dfff0a868f43
local-base,66,0.4,39,0.7954155508660602,68171473b0f9f645f95ac216dab871fe910e54b4f8c9a01be15d21db34795b76
local-base,66,0.5,75,0.7771793874732399,d42e61495e88243750c9e238cae18b61f31063f90528f3fc353de7fab35d464d
local-base,66,0.6,45,0.7448128078817733,6b52889567e922a3d693c4a6cc057ff1ceb96acaef17527989a70e21abfe1fe7
local-base,66,0.7,54,0.7485317196691796,f1208aad19deff6a211236caa7b64e705390ff94e26bc77d8c86717fbffed9cb
local-gap,66,0.0,34,0.8671362293524001,79a5ae976e4e1919c5f09b44d269c74da8f124b90cba3ad0f48145eff0c0f17b
local-gap,66,0.1,47,0.8495197688911695,eb2795dc2edf8b07135ed297a0d25e9c7cb42530214cbed97f650c76fbd48509
local-gap,66,0.2,39,0.806929372811577,992cda7724b267e584f66b16f96a79efafaaf360f4d9a4abd72130824315403c
local-gap,66,0.3,61,0.809585793299882,2479f1c5c543be6d83a1a43fe04247c688b58cb1ca94ca709199dfff0a868f43
local-gap,66,0.4,48,0.7929664912150641,68171473b0f9f645f95ac216dab871fe910e54b4f8c9a01be15d21db34795b76
local-gap,66,0.5,48,0.7696731156497493,d42e61495e88243750c9e238cae18b61f31063f90528f3fc353de7fab35d464d
local-gap,66,0.6,48,0.7455452012169788,6b52889567e922a3d693c4a6cc057ff1ceb96acaef17527989a70e21abfe1fe7
local-gap,66,0.7,48,0.7439090597336097,f1208aad19deff6a211236caa7b64e705390ff94e26bc77d8c86717fbffed9cb
full,67,0.0,41,0.8757562492925215,79a5ae976e4e1919c5f09b44d269c74da8f124b90cba3ad0f48145eff0c0f17b
full,67,0.1,41,0.8592963916652153,22cc6734bd5d1cdf62e460b35f7219921326d3add5f98d0b0a3fc6c6b4125e5f
full,67,0.2,41,0.8385651847662483,d4de19b8066688ec953048bd5a48e6801bb74e0f996e6925d3dfe61ec7f2749b
full,67,0.3,54,0.8047724935213554,b315c6423a325d0f1e96b67a0180f6cca096ac5b0af07a5a2ea25dc71992afc2
full,67,0.4,41,0.766343024033531,1b356cc608391cbd9278382ed79ac43467164c30c1b81911a83b3089da0b0773
full,67,0.5,54,0.7625709678884498,1392c5ca7ea69bfecd51c8ac6242fb63dea6c4c502dc502c5a6ffef78506dd36
full,67,0.6,93,0.7515984060146773,c02627907826577103b5c80ee1dc9781dff97318ab1ab9bf314d9d512ff0e84f
full,67,0.7,59,0.7636290764593038,28672f7c125402f18ac7ababd2e84c827c2e492604eaf222576db811eca679a6
local-only,67,0.0,27,0.8711094104868173,79a5ae976e4e1919c5f09b44d269c74da8f124b90cba3ad0f48145eff0c0f17b
local-only,67,0.1,45,0.8408773704399609,22cc6734bd5d1cdf62e460b35f7219921326d3add5f98d0b0a3fc6c6b4125e5f
local-only,67,0.2,47,0.8273322333805854,d4de19b8066688ec953048bd5a48e6801bb74e0f996e6925d3dfe61ec7f2749b
local-only,67,0.3,47,0.7863694560352904,b315c6423a325d0f1e96b67a0180f6cca096ac5b0af07a5a2ea25dc71992afc2
local-only,67,0.4,25,0.7417793561086243,1b356cc608391cbd9278382ed79ac43467164c30c1b81911a83b3089da0b0773
local-only,67,0.5,62,0.7072312119667945,1392c5ca7ea69bfecd51c8ac6242fb63dea6c4c502dc502c5a6ffef78506dd36
local-only,67,0.6,26,0.7419083075925931,c02627907826577103b5c80ee1dc9781dff97318ab1ab9bf314d9d512ff0e84f
local-only,67,0.7,40,0.7233698051144528,28672f7c125402f18ac7ababd2e84c827c2e492604eaf222576db811eca679a6
local-base,67,0.0,47,0.8686265998961025,79a5ae976e4e1919c5f09b44d269c74da8f124b90cba3ad0f48145eff0c0f17b
local-base,67,0.1,47,0.8503785372005515,22cc6734bd5d1cdf62e460b35f7219921326d3add5f98d0b0a3fc6c6b4125e5f
local-base,67,0.2,47,0.8276144980810854,d4de19b8066688ec953048bd5a48e6801bb74e0f996e6925d3dfe61ec7f2749b
local-base,67,0.3,91,0.7973048369760358,b315c6423a325d0f1e96b67a0180f6cca096ac5b0af07a5a2ea25dc71992afc2
local-base,67,0.4,47,0.7549605540221114,1b356cc608391cbd9278382ed79ac43467164c30c1b81911a83b3089da0b0773
local-base,67,0.5,96,0.7392653003197722,1392c5ca7ea69bfecd51c8ac6242fb63dea6c4c502dc502c5a6ffef78506dd36
local-base,67,0.6,59,0.7601462622982208,c02627907826577103b5c80ee1dc9781dff97318ab1ab9bf314d9d512ff0e84f
local-base,67,0.7,84,0.7604543939931451,28672f7c125402f18ac7ababd2e84c827c2e492604eaf222576db811eca679a6
local-gap,67,0.0,40,0.8762992480177516,79a5ae976e4e1919c5f09b44d269c74da8f124b90cba3ad0f48145eff0c0f17b
local-gap,67,0.1,40,0.8566362718833138,22cc6734bd5d1cdf62e460b35f7219921326d3add5f98d0b0a3fc6c6b4125e5f
local-gap,67,0.2,40,0.842701512911462,d4de19b8066688ec953048bd5a48e6801bb74e0f996e6925d3dfe61ec7f2749b
local-gap,67,0.3,40,0.8072972320632297,b315c6423a325d0f1e96b67a0180f6cca096ac5b0af07a5a2ea25dc71992afc2
local-gap,67,0.4,40,0.7586557597075022,1b356cc608391cbd9278382ed79ac43467164c30c1b81911a83b3089da0b0773
local-gap,67,0.5,41,0.7507739353169856,1392c5ca7ea69bfecd51c8ac6242fb63dea6c4c502dc502c5a6ffef78506dd36
local-gap,67,0.6,40,0.7560975609756098,c02627907826577103b5c80ee1dc9781dff97318ab1ab9bf314d9d512ff0e84f
local-gap,67,0.7,38,0.7638863836918536,28672f7c125402f18ac7ababd2e84c827c2e492604eaf222576db811eca679a6
full,68,0.0,39,0.8763666879250922,79a5ae976e4e1919c5f09b44d269c74da8f124b90cba3ad0f48145eff0c0f17b
full,68,0.1,28,0.8518645315768139,32212bb916d970b6161f1a9ba78184e0d2dfb9a26afc4524236d89ba92b875f9
full,68,0.2,47,0.8201219512195121,4dfce66a007f8145edeb09d292491049bf8f455a278a9c538b40300daa09217b
full,68,0.3,47,0.8171602091149379,09469d38640b521a8f086ccc132e392a1c11c47c849ae1b8b59fd668e269e450
full,68,0.4,47,0.7860132524808703,2a6f7108d237a4b20a461339761887323cb3303c4fc2ff64e59b162cdc539586
full,68,0.5,26,0.7785733982814211,4ffe04d56ca4b12bde5c23ab0d4ee8574a1acd6031f14474bee586cffc7a17d2
full,68,0.6,31,0.7538740677467974,7d15093ebf1dd7b009443e57f6a174566d81cfff4d484fcd0853a159c71419ed
full,68,0.7,48,0.711713877667324,26385cc44d44ee1648e11e86c4580cb52a5a0766c621c993671de8adb1e8c39e
local-only,68,0.0,42,0.8737756912967359,79a5ae976e4e1919c5f09b44d269c74da8f124b90cba3ad0f48145eff0c0f17b
local-only,68,0.1,42,0.842162952851538,32212bb916d970b6161f1a9ba78184e0d2dfb9a26afc4524236d89ba92b875f9
local-only,68,0.2,76,0.814429957716917,4dfce66a007f8145edeb09d292491049bf8f455a278a9c538b40300daa09217b
local-only,68,0.3,47,0.8162437857628337,09469d38640b521a8f086ccc132e392a1c11c47c849ae1b8b59fd668e269e450
local-only,68,0.4,34,0.7665833516443273,2a6f7108d237a4b20a461339761887323cb3303c4fc2ff64e59b162cdc539586
local-only,68,0.5,38,0.7615620410237075,4ffe04d56ca4b12bde5c23ab0d4ee8574a1acd6031f14474bee586cffc7a17d2
local-only,68,0.6,38,0.7357035762523568,7d15093ebf1dd7b009443e57f6a174566d81cfff4d484fcd0853a159c71419ed
local-only,68,0.7,38,0.672465366376508,26385cc44d44ee1648e11e86c4580cb52a5a0766c621c993671de8adb1e8c39e
local-base,68,0.0,38,0.8735965423465424,79a5ae976e4e1919c5f09b44d269c74da8f124b90cba3ad0f48145eff0c0f17b
local-base,68,0.1,43,0.848403915777439,32212bb916d970b6161f1a9ba78184e0d2dfb9a26afc4524236d89ba92b875f9
local-base,68,0.2,67,0.8179245543162046,4dfce66a007f8145edeb09d292491049bf8f455a278a9c538b40300daa09217b
local-base,68,0.3,64,0.8194212173123459,09469d38640b521a8f086ccc132e392a1c11c47c849ae1b8b59fd668e269e450
local-base,68,0.4,42,0.7837382663849741,2a6f7108d237a4b20a461339761887323cb3303c4fc2ff64e59b162cdc539586
local-base,68,0.5,42,0.7697605868320797,4ffe04d56ca4b12bde5c23ab0d4ee8574a1acd6031f14474bee586cffc7a17d2
local-base,68,0.6,42,0.7662185088223163,7d15093ebf1dd7b009443e57f6a174566d81cfff4d484fcd0853a159c71419ed
local-base,68,0.7,61,0.6900400532387037,26385cc44d44ee1648e11e86c4580cb52a5a0766c621c993671de8adb1e8c39e
local-gap,68,0.0,27,0.8746649050245099,79a5ae976e4e1919c5f09b44d269c74da8f124b90cba3ad0f48145eff0c0f17b
local-gap,68,0.1,27,0.8486361280301621,32212bb916d970b6161f1a9ba78184e0d2dfb9a26afc4524236d89ba92b875f9
local-gap,68,0.2,27,0.8199399700868877,4dfce66a007f8145edeb09d292491049bf8f455a278a9c538b40300daa09217b
local-gap,68,0.3,43,0.8098654465791358,09469d38640b521a8f086ccc132e392a1c11c47c849ae1b8b59fd668e269e450
local-gap,68,0.4,76,0.7801805907389044,2a6f7108d237a4b20a461339761887323cb3303c4fc2ff64e59b162cdc539586
local-gap,68,0.5,45,0.7817868275485675,4ffe04d56ca4b12bde5c23ab0d4ee8574a1acd6031f14474bee586cffc7a17d2
local-gap,68,0.6,29,0.7739972302895212,7d15093ebf1dd7b009443e57f6a174566d81cfff4d484fcd0853a159c71419ed
local-gap,68,0.7,46,0.6935223705513114,26385cc44d44ee1648e11e86c4580cb52a5a0766c621c993671de8adb1e8c39e
full,69,0.0,46,0.8723122621224397,79a5ae976e4e1919c5f09b44d269c74da8f124b90cba3ad0f48145eff0c0f17b
full,69,0.1,92,0.8445121951219512,28cece4ea0be0867695e89603fcbea08a094799411c6104e45b88b3534830426
full,69,0.2,46,0.8113335637404957,062dca8a99c7c2648dd293bba5e17b9529a933adb81b864eda13beaf7750beff
full,69,0.3,36,0.8198435447925007,535634836d79923d29eaee712d800cade0a657585a3afaee1bc278560a6540ac
full,69,0.4,37,0.7815094651794455,1ae1944a68e2a0b8bbfd8e8acdcf4b76a7f18e028b10b4d31075abdc6025a949
full,69,0.5,58,0.769131872046005,5a558876a823dc6ee223ff20f6093d59cd08e259b6bfeca4ed575f53d3abb27e
full,69,0.6,91,0.7627137164249103,c6bdc8d6f5ea9809281252f88a49e37f545a0b3d62ab8eb8f0fdd4e10b151ee2
full,69,0.7,56,0.764749957953486,f43ecf9a5a2cc4e17b3a820830d002dcf67a1734de875afdffabae8a7e5b9d0b
local-only,69,0.0,42,0.8704579785185191,79a5ae976e4e1919c5f09b44d269c74da8f124b90cba3ad0f48145eff0c0f17b
local-only,69,0.1,41,0.834724503980791,28cece4ea0be0867695e89603fcbea08a094799411c6104e45b88b3534830426
local-only,69,0.2,41,0.7947191782508679,062dca8a99c7c2648dd293bba5e17b9529a933adb81b864eda13beaf7750beff
local-only,69,0.3,41,0.7994637224925797,535634836d79923d29eaee712d800cade0a657585a3afaee1bc278560a6540ac
local-only,69,0.4,41,0.753380166645422,1ae1944a68e2a0b8bbfd8e8acdcf4b76a7f18e028b10b4d31075abdc6025a949
local-only,69,0.5,77,0.7199002185075518,5a558876a823dc6ee223ff20f6093d59cd08e259b6bfeca4ed575f53d3abb27e
local-only,69,0.6,68,0.7221563228876345,c6bdc8d6f5ea9809281252f88a49e37f545a0b3d62ab8eb8f0fdd4e10b151ee2
local-only,69,0.7,34,0.7195121951219512,f43ecf9a5a2cc4e17b3a820830d002dcf67a1734de875afdffabae8a7e5b9d0b
local-base,69,0.0,45,0.8675392634546161,79a5ae976e4e1919c5f09b44d269c74da8f124b90cba3ad0f48145eff0c0f17b
local-base,69,0.1,43,0.8343989373431183,28cece4ea0be0867695e89603fcbea08a094799411c6104e45b88b3534830426
local-base,69,0.2,40,0.8107760029043383,062dca8a99c7c2648dd293bba5e17b9529a933adb81b864eda13beaf7750beff
local-base,69,0.3,35,0.80678670782693,535634836d79923d29eaee712d800cade0a657585a3afaee1bc278560a6540ac
local-base,69,0.4,38,0.7740280043121199,1ae1944a68e2a0b8bbfd8e8acdcf4b76a7f18e028b10b4d31075abdc6025a949
local-base,69,0.5,40,0.7688474969189276,5a558876a823dc6ee223ff20f6093d59cd08e259b6bfeca4ed575f53d3abb27e
local-base,69,0.6,71,0.761238355826356,c6bdc8d6f5ea9809281252f88a49e37f545a0b3d62ab8eb8f0fdd4e10b151ee2
local-base,69,0.7,38,0.7502329273741954,f43ecf9a5a2cc4e17b3a820830d002dcf67a1734de875afdffabae8a7e5b9d0b
local-gap,69,0.0,50,0.8764316313678575,79a5ae976e4e1919c5f09b44d269c74da8f124b90cba3ad0f48145eff0c0f17b
local-gap,69,0.1,54,0.840052066371901,28cece4ea0be0867695e89603fcbea08a094799411c6104e45b88b3534830426
local-gap,69,0.2,33,0.8164841148170938,062dca8a99c7c2648dd293bba5e17b9529a933adb81b864eda13beaf7750beff
local-gap,69,0.3,33,0.8223689929040726,535634836d79923d29eaee712d800cade0a657585a3afaee1bc278560a6540ac
local-gap,69,0.4,47,0.7782340352462304,1ae1944a68e2a0b8bbfd8e8acdcf4b76a7f18e028b10b4d31075abdc6025a949
local-gap,69,0.5,32,0.7706743197106994,5a558876a823dc6ee223ff20f6093d59cd08e259b6bfeca4ed575f53d3abb27e
local-gap,69,0.6,26,0.7473534568022476,c6bdc8d6f5ea9809281252f88a49e37f545a0b3d62ab8eb8f0fdd4e10b151ee2
local-gap,69,0.7,57,0.7529174667310529,f43ecf9a5a2cc4e17b3a820830d002dcf67a1734de875afdffabae8a7e5b9d0b
full,70,0.0,46,0.8712862485410514,79a5ae976e4e1919c5f09b44d269c74da8f124b90cba3ad0f48145eff0c0f17b
full,70,0.1,53,0.8514153799043848,dac58c9ff3ce1a5622ef4c7fe21a2b27c3ed4a1b64561d2f6bcdd13025b6dfe0
full,70,0.2,51,0.8076295478292804,1340598620214f07752f8fcad3f9b1e30655f98aeb6f237ded9ff5aaf0a14e7e
full,70,0.3,56,0.7994355621298547,83035a1a160717009588ab381b931f3cf34e9dcb3d483de92c9ba8086cbd8f7f
full,70,0.4,78,0.7765739661899046,9028025d2113933269ce7a03c26fcd0e982266489fe63f06d29371fc52c972b1
full,70,0.5,46,0.7502329273741954,b2599e91da8f17be24e596d48f887de70a3520f3554884c979d1aa9e5203c5d4
full,70,0.6,65,0.7409143725585736,1e59cf2470faf2a77b9ef7ef119656e1073ac1f16c40a798dd07dac641e6aedc
full,70,0.7,53,0.7392653003197722,5312f65267a8b650e0e98b48c048e0442d1ef9ff0096db19cd8d63ee964e2489
local-only,70,0.0,38,0.8735060260827893,79a5ae976e4e1919c5f09b44d269c74da8f124b90cba3ad0f48145eff0c0f17b
local-only,70,0.1,48,0.8436999714436562,dac58c9ff3ce1a5622ef4c7fe21a2b27c3ed4a1b64561d2f6bcdd13025b6dfe0
local-only,70,0.2,66,0.7965294273601267,1340598620214f07752f8fcad3f9b1e30655f98aeb6f237ded9ff5aaf0a14e7e
local-only,70,0.3,62,0.7835709025344774,83035a1a160717009588ab381b931f3cf34e9dcb3d483de92c9ba8086cbd8f7f
local-only,70,0.4,55,0.7650840349426284,9028025d2113933269ce7a03c26fcd0e982266489fe63f06d29371fc52c972b1
local-only,70,0.5,43,0.7268067259428844,b2599e91da8f17be24e596d48f887de70a3520f3554884c979d1aa9e5203c5d4
local-only,70,0.6,49,0.7275535756359567,1e59cf2470faf2a77b9ef7ef119656e1073ac1f16c40a798dd07dac641e6aedc
local-only,70,0.7,43,0.7147248773554248,5312f65267a8b650e0e98b48c048e0442d1ef9ff0096db19cd8d63ee964e2489
local-base,70,0.0,46,0.87078173181327,79a5ae976e4e1919c5f09b44d269c74da8f124b90cba3ad0f48145eff0c0f17b
local-base,70,0.1,42,0.8466656827251094,dac58c9ff3ce1a5622ef4c7fe21a2b27c3ed4a1b64561d2f6bcdd13025b6dfe0
local-base,70,0.2,44,0.806929372811577,1340598620214f07752f8fcad3f9b1e30655f98aeb6f237ded9ff5aaf0a14e7e
local-base,70,0.3,46,0.8071785879775897,83035a1a160717009588ab381b931f3cf34e9dcb3d483de92c9ba8086cbd8f7f
local-base,70,0.4,42,0.7787973647943134,9028025d2113933269ce7a03c26fcd0e982266489fe63f06d29371fc52c972b1
local-base,70,0.5,29,0.7543899482714526,b2599e91da8f17be24e596d48f887de70a3520f3554884c979d1aa9e5203c5d4
local-base,70,0.6,33,0.7503165662310796,1e59cf2470faf2a77b9ef7ef119656e1073ac1f16c40a798dd07dac641e6aedc
local-base,70,0.7,65,0.7362157716685416,5312f65267a8b650e0e98b48c048e0442d1ef9ff0096db19cd8d63ee964e2489
local-gap,70,0.0,58,0.8732449084626344,79a5ae976e4e1919c5f09b44d269c74da8f124b90cba3ad0f48145eff0c0f17b
local-gap,70,0.1,52,0.8478329427422389,dac58c9ff3ce1a5622ef4c7fe21a2b27c3ed4a1b64561d2f6bcdd13025b6dfe0
local-gap,70,0.2,58,0.8098654465791358,1340598620214f07752f8fcad3f9b1e30655f98aeb6f237ded9ff5aaf0a14e7e
local-gap,70,0.3,52,0.8171602091149379,83035a1a160717009588ab381b931f3cf34e9dcb3d483de92c9ba8086cbd8f7f
local-gap,70,0.4,77,0.7831403324349612,9028025d2113933269ce7a03c26fcd0e982266489fe63f06d29371fc52c972b1
local-gap,70,0.5,51,0.746538037701257,b2599e91da8f17be24e596d48f887de70a3520f3554884c979d1aa9e5203c5d4
local-gap,70,0.6,51,0.7529384490993444,1e59cf2470faf2a77b9ef7ef119656e1073ac1f16c40a798dd07dac641e6aedc
local-gap,70,0.7,51,0.7419083075925931,5312f65267a8b650e0e98b48c048e0442d1ef9ff0096db19cd8d63ee964e2489
