model,seed,rate,weighted_f1,selected_epoch,selection_8rate_mean
lr1e-3,66,0.0,0.868837440,90,0.808390119
lr1e-3,66,0.1,0.848971994,56,0.808390119
lr1e-3,66,0.2,0.829102033,59,0.808390119
lr1e-3,66,0.3,0.812795951,62,0.808390119
lr1e-3,66,0.4,0.803205931,61,0.808390119
lr1e-3,66,0.5,0.775815166,61,0.808390119
lr1e-3,66,0.6,0.768052664,61,0.808390119
lr1e-3,66,0.7,0.760339770,38,0.808390119
lr1e-3,67,0.0,0.873380561,61,0.804142642
lr1e-3,67,0.1,0.853585980,59,0.804142642
lr1e-3,67,0.2,0.828603189,39,0.804142642
lr1e-3,67,0.3,0.803664046,59,0.804142642
lr1e-3,67,0.4,0.768273541,62,0.804142642
lr1e-3,67,0.5,0.765151405,77,0.804142642
lr1e-3,67,0.6,0.772189728,72,0.804142642
lr1e-3,67,0.7,0.768292683,39,0.804142642
lr1e-3,68,0.0,0.887020528,46,0.810938063
lr1e-3,68,0.1,0.858331830,46,0.810938063
lr1e-3,68,0.2,0.838565185,46,0.810938063
lr1e-3,68,0.3,0.817541063,46,0.810938063
lr1e-3,68,0.4,0.807411927,31,0.810938063
lr1e-3,68,0.5,0.784786457,44,0.810938063
lr1e-3,68,0.6,0.769695815,46,0.810938063
lr1e-3,68,0.7,0.724151695,31,0.810938063
lr1e-3,69,0.0,0.876366688,38,0.809809396
lr1e-3,69,0.1,0.851780767,53,0.809809396
lr1e-3,69,0.2,0.829495667,62,0.809809396
lr1e-3,69,0.3,0.819374765,77,0.809809396
lr1e-3,69,0.4,0.794444435,62,0.809809396
lr1e-3,69,0.5,0.774161996,53,0.809809396
lr1e-3,69,0.6,0.758902036,76,0.809809396
lr1e-3,69,0.7,0.773948817,38,0.809809396
lr1e-3,70,0.0,0.876366688,60,0.805746727
lr1e-3,70,0.1,0.855579583,60,0.805746727
lr1e-3,70,0.2,0.808884000,62,0.805746727
lr1e-3,70,0.3,0.818553045,38,0.805746727
lr1e-3,70,0.4,0.794167717,45,0.805746727
lr1e-3,70,0.5,0.765104690,39,0.805746727
lr1e-3,70,0.6,0.771341463,46,0.805746727
lr1e-3,70,0.7,0.755976633,38,0.805746727
lr5e-4,66,0.0,0.873506026,28,0.808381469
lr5e-4,66,0.1,0.858759680,30,0.808381469
lr5e-4,66,0.2,0.825542532,47,0.808381469
lr5e-4,66,0.3,0.817323375,31,0.808381469
lr5e-4,66,0.4,0.797103790,31,0.808381469
lr5e-4,66,0.5,0.761557624,39,0.808381469
lr5e-4,66,0.6,0.769266967,31,0.808381469
lr5e-4,66,0.7,0.763991759,46,0.808381469
lr5e-4,67,0.0,0.878048780,30,0.800340222
lr5e-4,67,0.1,0.865571405,33,0.800340222
lr5e-4,67,0.2,0.824652103,33,0.800340222
lr5e-4,67,0.3,0.804918465,33,0.800340222
lr5e-4,67,0.4,0.753489367,34,0.800340222
lr5e-4,67,0.5,0.750633809,39,0.800340222
lr5e-4,67,0.6,0.765309079,75,0.800340222
lr5e-4,67,0.7,0.760098767,39,0.800340222
lr5e-4,68,0.0,0.880913530,54,0.807325688
lr5e-4,68,0.1,0.846099021,55,0.807325688
lr5e-4,68,0.2,0.845849442,55,0.807325688
lr5e-4,68,0.3,0.813198287,52,0.807325688
lr5e-4,68,0.4,0.812359144,52,0.807325688
lr5e-4,68,0.5,0.776931060,38,0.807325688
lr5e-4,68,0.6,0.759011572,38,0.807325688
lr5e-4,68,0.7,0.724243447,27,0.807325688
lr5e-4,69,0.0,0.873444561,46,0.803721159
lr5e-4,69,0.1,0.839265411,37,0.803721159
lr5e-4,69,0.2,0.823604551,46,0.803721159
lr5e-4,69,0.3,0.816670404,38,0.803721159
lr5e-4,69,0.4,0.788353900,42,0.803721159
lr5e-4,69,0.5,0.774390244,41,0.803721159
lr5e-4,69,0.6,0.764179525,46,0.803721159
lr5e-4,69,0.7,0.749860672,41,0.803721159
lr5e-4,70,0.0,0.877988316,46,0.804438979
lr5e-4,70,0.1,0.852484844,32,0.804438979
lr5e-4,70,0.2,0.811935955,59,0.804438979
lr5e-4,70,0.3,0.805739019,46,0.804438979
lr5e-4,70,0.4,0.800893038,58,0.804438979
lr5e-4,70,0.5,0.764896448,32,0.804438979
lr5e-4,70,0.6,0.770179784,58,0.804438979
lr5e-4,70,0.7,0.751394432,44,0.804438979
lr3e-4,66,0.0,0.870734142,55,0.807458333
lr3e-4,66,0.1,0.864227348,30,0.807458333
lr3e-4,66,0.2,0.828821317,35,0.807458333
lr3e-4,66,0.3,0.816503358,32,0.807458333
lr3e-4,66,0.4,0.801625634,31,0.807458333
lr3e-4,66,0.5,0.760620601,37,0.807458333
lr3e-4,66,0.6,0.755576636,37,0.807458333
lr3e-4,66,0.7,0.761557624,45,0.807458333
lr3e-4,67,0.0,0.869881041,31,0.799782584
lr3e-4,67,0.1,0.852727668,27,0.799782584
lr3e-4,67,0.2,0.829823754,30,0.799782584
lr3e-4,67,0.3,0.803580238,31,0.799782584
lr3e-4,67,0.4,0.756324807,31,0.799782584
lr3e-4,67,0.5,0.768510459,45,0.799782584
lr3e-4,67,0.6,0.757042700,33,0.799782584
lr3e-4,67,0.7,0.760370007,19,0.799782584
lr3e-4,68,0.0,0.873022124,31,0.808959754
lr3e-4,68,0.1,0.847577489,38,0.808959754
lr3e-4,68,0.2,0.836681921,51,0.808959754
lr3e-4,68,0.3,0.827865557,20,0.808959754
lr3e-4,68,0.4,0.808105786,52,0.808959754
lr3e-4,68,0.5,0.776268332,28,0.808959754
lr3e-4,68,0.6,0.773285462,30,0.808959754
lr3e-4,68,0.7,0.728871363,28,0.808959754
lr3e-4,69,0.0,0.867830977,35,0.802604577
lr3e-4,69,0.1,0.839899746,43,0.802604577
lr3e-4,69,0.2,0.815593122,43,0.802604577
lr3e-4,69,0.3,0.820121951,36,0.802604577
lr3e-4,69,0.4,0.785861451,30,0.802604577
lr3e-4,69,0.5,0.777646387,30,0.802604577
lr3e-4,69,0.6,0.760553985,37,0.802604577
lr3e-4,69,0.7,0.753328998,42,0.802604577
lr3e-4,70,0.0,0.873444561,25,0.797319807
lr3e-4,70,0.1,0.851214274,22,0.797319807
lr3e-4,70,0.2,0.813181182,22,0.797319807
lr3e-4,70,0.3,0.799710432,22,0.797319807
lr3e-4,70,0.4,0.792845881,21,0.797319807
lr3e-4,70,0.5,0.755958377,47,0.797319807
lr3e-4,70,0.6,0.749081809,60,0.797319807
lr3e-4,70,0.7,0.743121943,24,0.797319807
