path,bytes,sha256
iemocap4/seed66/rate0.1_fixed0.8_observed_fit.jsonl.gz,1271473,1ea28b2cd34d85de2a5cec4a4d836f6fc33250b094548721f5cdc426329384f6
iemocap4/seed66/rate0.1_fixed0.8_retention.jsonl.gz,415987,3f87f1cbc5d4fbea6add20419cc69d07f187b413f7561246736c9af77b986cc6
iemocap4/seed66/rate0.1_fixed0.8_writes.jsonl.gz,402914,2bf131a9de7c697de3aaa57b41cd8cbe35c68f9b0d4d16f4630f367b7c23d198
iemocap4/seed66/rate0.1_fixed0.95_observed_fit.jsonl.gz,1272323,50a8c0aa62d3806635447aa51d18849f6f0464dfb149128f75d4239e3486c6fd
iemocap4/seed66/rate0.1_fixed0.95_retention.jsonl.gz,412529,2524a616238f8b5596acc1bed3133dfe7fa4a9d24a2c8eae0eca0d60e313f455
iemocap4/seed66/rate0.1_fixed0.95_writes.jsonl.gz,403410,be7382d4504257f14afbfaaa18ec7cfab3f4a62a46aef085180fb3f6cf9adc60
iemocap4/seed66/rate0.3_fixed0.8_observed_fit.jsonl.gz,1006070,c177bd1d087bd76e15c916bbf0ab3ba3c3691cfef2c7701a55bcfdc19f0843c6
iemocap4/seed66/rate0.3_fixed0.8_retention.jsonl.gz,1166273,bf81e859baccf751bfc1a3a320e78a8148412eb28956e66bbfff8cf7f683404b
iemocap4/seed66/rate0.3_fixed0.8_writes.jsonl.gz,482433,3bd2830e584dd05b6c4c5ac2499a458c7c7d53b0702d91913671e7995d1cf120
iemocap4/seed66/rate0.3_fixed0.95_observed_fit.jsonl.gz,1006791,e151b2b3b8b5e24860a2929f8e51791d7d31f7310612511afa31e17bc72cb576
iemocap4/seed66/rate0.3_fixed0.95_retention.jsonl.gz,1158805,9933b74eef8ebe070bb2366fdac50150f01e9a7e395bb2a6dd73f461c37404f3
iemocap4/seed66/rate0.3_fixed0.95_writes.jsonl.gz,481990,06736b2252fa0f54996585f4bf0e8f8225fa1c77c54ffa4f26eb0f95e2200661
iemocap4/seed66/rate0.5_fixed0.8_observed_fit.jsonl.gz,772210,6d0db455ac1edd1e9373c7a94fb899a378fae85ec5a76304e6a011f434e05c66
iemocap4/seed66/rate0.5_fixed0.8_retention.jsonl.gz,1770208,97016d68854f75c1af1da2368c6dacb279fa7ae5a83b1ed3477b81f8775fabc2
iemocap4/seed66/rate0.5_fixed0.8_writes.jsonl.gz,519880,1a10c40fcd171a19e831ab5e611cd909c560856fbec531f175b08bb9d2f21a56
iemocap4/seed66/rate0.5_fixed0.95_observed_fit.jsonl.gz,773350,029d61571edaa756f215f051529ec9ac78c77d187c1ec2dee3f3aa1fd8609318
iemocap4/seed66/rate0.5_fixed0.95_retention.jsonl.gz,1763058,b60aa102078bf77ef4cda2973e9f28a68d766715d0cc140ef281bf4c04a7c7d3
iemocap4/seed66/rate0.5_fixed0.95_writes.jsonl.gz,519429,e0f72a09d3b9fd8b6553168c30fb2ab1a21718a5b3230298199dccadd127b964
iemocap4/seed66/rate0.7_fixed0.8_observed_fit.jsonl.gz,600720,af956104ea4fa66b39822b99eb2d0714cf40f78923e2697445b2f04b2322482a
iemocap4/seed66/rate0.7_fixed0.8_retention.jsonl.gz,2189886,dd23593c562d596a7062332c5bce17b80a44a31c1b9a2730e14152bad28d8c6b
iemocap4/seed66/rate0.7_fixed0.8_writes.jsonl.gz,534440,7c3d775c43f0bb7e8f805766d73923bfdaf8abc151050db29c29df4a1dbb2856
iemocap4/seed66/rate0.7_fixed0.95_observed_fit.jsonl.gz,601892,687dc5e304305b0e4a0e2e144460efd1657cc881d2a58607c1966f22729359ba
iemocap4/seed66/rate0.7_fixed0.95_retention.jsonl.gz,2185073,c0ae87a750a7e925e75d6ccac47674932277a401936df9df0094837b315d5a4f
iemocap4/seed66/rate0.7_fixed0.95_writes.jsonl.gz,534887,a831a548ea8084bcdf58f21dd723c029e7115f96569dcbac1d518c57008f42f1
iemocap4/seed66/rate0_fixed0.8_observed_fit.jsonl.gz,1410711,8a1df69f0426b4f2d343c51164b8874c11d26784a464ecbe72fe762ab20f250d
iemocap4/seed66/rate0_fixed0.8_retention.jsonl.gz,56,a3e0cfb3de6b6de2660e921763b0a93be75b61a0fcba1c066b69742af1e6a93a
iemocap4/seed66/rate0_fixed0.8_writes.jsonl.gz,337881,188939538a2f1355b6b1ef0cccbea3bb7b35ecbcc69688110dc849e5a3be23e5
iemocap4/seed66/rate0_fixed0.95_observed_fit.jsonl.gz,1412020,a16c1ffc9b0d13327df5523463f023b823a866bffd7ba2be818bd6723073fc8b
iemocap4/seed66/rate0_fixed0.95_retention.jsonl.gz,57,1c92781f2fe29349df53b044f8aa409ab1e99e521842ee06ac15d8139ee0495f
iemocap4/seed66/rate0_fixed0.95_writes.jsonl.gz,337968,fdc24edf3a95d58d12c1cef3f2eb761ce741fa4e997268522c7ca944e497ae73
iemocap4/seed67/rate0.1_fixed0.8_observed_fit.jsonl.gz,1284384,ec7be8c3211e06a4dc64a82f52f13ba446a4cd7b3118af53fb9e22caeca5c2db
iemocap4/seed67/rate0.1_fixed0.8_retention.jsonl.gz,364390,9ecd2893f7e010b124b56aa5a92d7f25b62dcecede94f2b70385edb1132f90b2
iemocap4/seed67/rate0.1_fixed0.8_writes.jsonl.gz,395825,411d70e84e57c5adf7c3117edb214751d9cf662e03b146aba50ecf560f8a00f3
iemocap4/seed67/rate0.1_fixed0.95_observed_fit.jsonl.gz,1285181,a3cf2c3d2f7fbc5ad2a4c20497d325a02ca8f21feb3bbb5e221cb2edc69cac51
iemocap4/seed67/rate0.1_fixed0.95_retention.jsonl.gz,360876,50f9964deb83df3edd62c50520ccbee0be6b9c8ecea23a24325b111c8a1bf167
iemocap4/seed67/rate0.1_fixed0.95_writes.jsonl.gz,396061,8a13ec8e61c81dbbff01e98a88ec769a0a871fb17bd88315f47ebf8989ecf649
iemocap4/seed67/rate0.3_fixed0.8_observed_fit.jsonl.gz,1015258,3624b03f5255935dae14e5bc12c8f667ac0f129f3e53f4c5c49351c499b27563
iemocap4/seed67/rate0.3_fixed0.8_retention.jsonl.gz,1119448,c07ec0ead340fca6a6ef134dcdc884429c0db97a3fdd402e631a1a0161a7954f
iemocap4/seed67/rate0.3_fixed0.8_writes.jsonl.gz,474674,0ecc60b25ba9275427503d6c5bcc9f3f80ee39dcc38ab689caa2e6047ce7cee8
iemocap4/seed67/rate0.3_fixed0.95_observed_fit.jsonl.gz,1015925,3d484995f77e0ef3bb65a25c0e3ab112aa021d5132c4af469f14dbc49b89d34f
iemocap4/seed67/rate0.3_fixed0.95_retention.jsonl.gz,1113176,2503e7c91120f38e766574be48af648183f6111c31ddaaede43f5c0e0a931c13
iemocap4/seed67/rate0.3_fixed0.95_writes.jsonl.gz,474537,b9601beb23ed3320f0d9411551a38da710c549e35c97ddd9438b01a8dca86dad
iemocap4/seed67/rate0.5_fixed0.8_observed_fit.jsonl.gz,784004,7e89abc0a615e9a64e91736b1bbf896aad4fc3ae0c1c8c40b71782a943d9985c
iemocap4/seed67/rate0.5_fixed0.8_retention.jsonl.gz,1752507,fa41a87aab00fc384ee31a12a833108143fe781d78dc65fb2b73525d859082d1
iemocap4/seed67/rate0.5_fixed0.8_writes.jsonl.gz,515642,60935b7e4093b0cca96bae5a2dbd0d771c0000a9e4c97aea9f0edaaa33926f70
iemocap4/seed67/rate0.5_fixed0.95_observed_fit.jsonl.gz,784848,4ef01e9af50c877f30b0b5b9ffa4d6d8498fd1436f154f3d96417059493fced4
iemocap4/seed67/rate0.5_fixed0.95_retention.jsonl.gz,1745499,e09e0857cf536320afdc4be5400112f5e928e78fb99864944b5f9a7df2158206
iemocap4/seed67/rate0.5_fixed0.95_writes.jsonl.gz,516060,09b945b888a0ee9a564e869dc143e73ec4628ee6ef895d26c6bdc242b94c3c0d
iemocap4/seed67/rate0.7_fixed0.8_observed_fit.jsonl.gz,592334,b77fd5edc7ffbdff4ef8cbc01c6921312eb673903c6df25625ce79ccc40c30e1
iemocap4/seed67/rate0.7_fixed0.8_retention.jsonl.gz,2209547,df7f39bb43166d7a2ed340e00943350b17985af16a5684f2d987e2a73b97567f
iemocap4/seed67/rate0.7_fixed0.8_writes.jsonl.gz,534524,e9c28517dd0597a4b30915943b0b7325e001359bd153f56371729f5b1c4b2e24
iemocap4/seed67/rate0.7_fixed0.95_observed_fit.jsonl.gz,593642,a7d60f1fe1ccae4d4b12c52a7c42e7e98c5174c22bc46aff76613ebb05c89c41
iemocap4/seed67/rate0.7_fixed0.95_retention.jsonl.gz,2205208,592af4294f4368e7ffc13b894213149cc78072780ece8e73d3d24c3904b1bad2
iemocap4/seed67/rate0.7_fixed0.95_writes.jsonl.gz,534221,4d4a155ba812be43b36c971daf8d5bf6f603e43d9adc4397f188a74ccd393171
iemocap4/seed67/rate0_fixed0.8_observed_fit.jsonl.gz,1406874,780756f20454b04810a7a2da7c3b29e808a355b99860328e606dceac2f9027bb
iemocap4/seed67/rate0_fixed0.8_retention.jsonl.gz,56,a3e0cfb3de6b6de2660e921763b0a93be75b61a0fcba1c066b69742af1e6a93a
iemocap4/seed67/rate0_fixed0.8_writes.jsonl.gz,336778,46847dc5f401c389d875720f228eaaad990581dae4a9aec1ff291ff9b3fee5db
iemocap4/seed67/rate0_fixed0.95_observed_fit.jsonl.gz,1407986,32070ae9ec88e60a1e8200ea308d5544d35a1c8def4d0784642ea14ae46143d2
iemocap4/seed67/rate0_fixed0.95_retention.jsonl.gz,57,815c3a7549447c8174c34ba3fb806918ee64f06b077c27c6c0a0e6c1e09d0ee4
iemocap4/seed67/rate0_fixed0.95_writes.jsonl.gz,336911,22c9caf55485fa6f8f651b0d032ae72ebd4380ba7431ce669bc2e32d15a36dcd
iemocap4/seed68/rate0.1_fixed0.8_observed_fit.jsonl.gz,1267556,896119b14b30e09bd6c143f630f74e3f6a60a14d8ae15ff3bd8b71e813ed75c5
iemocap4/seed68/rate0.1_fixed0.8_retention.jsonl.gz,415451,547e3e671cde6ae746380cd1685456b5877783a4fbdf2cc04277d4f9b52ae592
iemocap4/seed68/rate0.1_fixed0.8_writes.jsonl.gz,403083,19032c1b8f1b75519172705bd41424e327d2e4b9dcb511ddb25cd5c7ef3f7883
iemocap4/seed68/rate0.1_fixed0.95_observed_fit.jsonl.gz,1268968,7f1434a827577572d51d5e79d947643bd00d3027807b04fbd8f14d1d195739ed
iemocap4/seed68/rate0.1_fixed0.95_retention.jsonl.gz,412101,865f068ae2f6ea178ae6da8e89561f6cb4355583ea150d79aba428b8458ff543
iemocap4/seed68/rate0.1_fixed0.95_writes.jsonl.gz,402798,34ecde81758403f910ad973a8b220653536d87731e922103d2498dc2ceea6632
iemocap4/seed68/rate0.3_fixed0.8_observed_fit.jsonl.gz,1015278,b4746f48d1f9f1bb6fa08401170cc5ad4226d8926085f838276ab81e0fa1c787
iemocap4/seed68/rate0.3_fixed0.8_retention.jsonl.gz,1123554,94d5f4fd1e5e1a4ab41376ea63b03eea145a7979b125f5203773e70d3509d053
iemocap4/seed68/rate0.3_fixed0.8_writes.jsonl.gz,476567,f63a9c6b97ce8d58b05e1ef665141cf7346fd0fdd2d80e3b9f22c4250b68cf30
iemocap4/seed68/rate0.3_fixed0.95_observed_fit.jsonl.gz,1016520,9c029244724a1f92314d2659741cb794d1f315db438b27d2c117569d5c2c8338
iemocap4/seed68/rate0.3_fixed0.95_retention.jsonl.gz,1117156,f1c3dfabfd324791d0fd8bc77a26b59e61101823b806ffb8b1794786631b3d4d
iemocap4/seed68/rate0.3_fixed0.95_writes.jsonl.gz,476013,ad8cf1f83acacbaf591dae3f684304873d441fcffcc38141ef4858638fdcd490
iemocap4/seed68/rate0.5_fixed0.8_observed_fit.jsonl.gz,758851,9b3d7b337c4cf6173893ae016f5f2b37a7eb7d384960d019333a074b48f6750e
iemocap4/seed68/rate0.5_fixed0.8_retention.jsonl.gz,1805661,0d8130a729be519c54368cac44129a0a4f4e8a6263bd9b6fa0c20aae25f6159e
iemocap4/seed68/rate0.5_fixed0.8_writes.jsonl.gz,518263,1422e906ee4f657d20c0537ffe98028fd99675c93de261ff1a9845cd5fb4ba3e
iemocap4/seed68/rate0.5_fixed0.95_observed_fit.jsonl.gz,759553,a647fa98a6122defc1bdd1d9d08e1cde5962af1fbffe9a3ca8c476f2039816ba
iemocap4/seed68/rate0.5_fixed0.95_retention.jsonl.gz,1799641,6fd7c71708cae1b52899961899f651b54882b695b0f62d7b2658ec3b2608dfc1
iemocap4/seed68/rate0.5_fixed0.95_writes.jsonl.gz,518488,b3ee83c0939d7453ea3f01d1aefbc723beecdafe43f06599aac431f8aa7189c2
iemocap4/seed68/rate0.7_fixed0.8_observed_fit.jsonl.gz,602703,ef3ed383a3e17b351a560acbd08252e89bbd7598fb7dba6e8bdba87db0b55774
iemocap4/seed68/rate0.7_fixed0.8_retention.jsonl.gz,2194164,5db9d03117f82284b66e9e891b9234d31529a0e727e6c759a72cb25b7ec3e29c
iemocap4/seed68/rate0.7_fixed0.8_writes.jsonl.gz,532909,7ffa71dc4ed707578114a0025198a4347d496755f5bace7ed1811b545a697694
iemocap4/seed68/rate0.7_fixed0.95_observed_fit.jsonl.gz,603416,c2564c3d7b5f60c1381f21d65bf875b6ecabea91f2667e71bb82a493c3415f34
iemocap4/seed68/rate0.7_fixed0.95_retention.jsonl.gz,2189616,c95854041c4d9561a4142087121d0df4191a80d7468db801e4a25dc724c2bcb5
iemocap4/seed68/rate0.7_fixed0.95_writes.jsonl.gz,533218,ae7c62810fb41fdbf9ed7471b4ba30cd0dae095272b444740f1135e14f63d74d
iemocap4/seed68/rate0_fixed0.8_observed_fit.jsonl.gz,1408009,5aaaec9a578c747623f7e996d2baac23404ef005728d89a8ef484016617619bb
iemocap4/seed68/rate0_fixed0.8_retention.jsonl.gz,56,a3e0cfb3de6b6de2660e921763b0a93be75b61a0fcba1c066b69742af1e6a93a
iemocap4/seed68/rate0_fixed0.8_writes.jsonl.gz,337364,abf9162008f093f83ee2f0d0ea16699704b8263e405170a7762ca43eff4b13c5
iemocap4/seed68/rate0_fixed0.95_observed_fit.jsonl.gz,1408999,024829f609dee391894a6aec36b24768db065b8e10d2fb4551be730a86701c0b
iemocap4/seed68/rate0_fixed0.95_retention.jsonl.gz,57,815c3a7549447c8174c34ba3fb806918ee64f06b077c27c6c0a0e6c1e09d0ee4
iemocap4/seed68/rate0_fixed0.95_writes.jsonl.gz,337200,1e799669fc80ca16364593b6d7cc024364439a6b1daf8cfe5fbfa255da65c0c3
iemocap4/seed69/rate0.1_fixed0.8_observed_fit.jsonl.gz,1272392,2e4e6ba08c2ffe3939e75e78a9637e295f8f2ad41f6e3d53387e7a870f1d7b0a
iemocap4/seed69/rate0.1_fixed0.8_retention.jsonl.gz,401962,cdefee2f549b03a329dfdb484071abfb1dd718da866f2e8cd26f228d4db128e0
iemocap4/seed69/rate0.1_fixed0.8_writes.jsonl.gz,399652,aab6318a0e90a7535094f81abb231ff40101840f12345dd77080720351e66189
iemocap4/seed69/rate0.1_fixed0.95_observed_fit.jsonl.gz,1273865,f4554c3979bd4e27328fc706325235f396b557a7af8e5dfa5e401c127311c0b2
iemocap4/seed69/rate0.1_fixed0.95_retention.jsonl.gz,398369,f48b40090e5d51b001da924cb0da15c5094007930a6df008c4de9f43989a9c17
iemocap4/seed69/rate0.1_fixed0.95_writes.jsonl.gz,399699,ee4f2d0f1aff418e5e944dcf8825d14063af42ead17106455023a2df946a268d
iemocap4/seed69/rate0.3_fixed0.8_observed_fit.jsonl.gz,1005244,cb09c97d1f182c3288168a1c765b3c4303a17926e9a704e4bc849e9ce03dc9ea
iemocap4/seed69/rate0.3_fixed0.8_retention.jsonl.gz,1148096,822eb34b3eec5f222bdb774078a438b8dc57a7b9543af82e33fdab497071e36c
iemocap4/seed69/rate0.3_fixed0.8_writes.jsonl.gz,480291,46a3d3027fd0d914967feb7658d6876c69039d040bb088c4f9e9507b1e6882f1
iemocap4/seed69/rate0.3_fixed0.95_observed_fit.jsonl.gz,1006602,6fb18097d17c629a740a8f589ec71b3a53c7f440649ff35d8d30fc2c9026914d
iemocap4/seed69/rate0.3_fixed0.95_retention.jsonl.gz,1141575,9455b3c161e250257c88050bc550f1cd5969c3a5873c853c6332a128f06e98fa
iemocap4/seed69/rate0.3_fixed0.95_writes.jsonl.gz,480904,894955d36d8d760d64cfc30504ac4b5dda11502ef1171433afb9aa2a131333fb
iemocap4/seed69/rate0.5_fixed0.8_observed_fit.jsonl.gz,772544,98a5275dfc7627b001c1ffe79913d0f47f79b3e748d811b26d2111957f52c2e0
iemocap4/seed69/rate0.5_fixed0.8_retention.jsonl.gz,1773944,593f1b8b6429d9dbb76f8d923878ebd6e9ddc7872eb5a6c3cf8bc32a2d6d9876
iemocap4/seed69/rate0.5_fixed0.8_writes.jsonl.gz,521158,50c3a3c5f9df61e56d1bf43fb65ce9932bf3c747f7879a1094a6757efdd2870a
iemocap4/seed69/rate0.5_fixed0.95_observed_fit.jsonl.gz,773572,5985b78c1cc45f1ae47b27352a07bb858590b2f4667de135d14f3db0c6dde7f7
iemocap4/seed69/rate0.5_fixed0.95_retention.jsonl.gz,1767909,96d4cfeb1e2a2bcd7ad2c9bfa300865819a5e987a6386ac8939db3d3cab39c35
iemocap4/seed69/rate0.5_fixed0.95_writes.jsonl.gz,520865,0fbcfba54fb869a5c8d5b00654e2c81d1e7f3bbe2962b01e9ace4a58334c94d9
iemocap4/seed69/rate0.7_fixed0.8_observed_fit.jsonl.gz,589951,3dd6528595f8ac38bb54454abf568a529f06a1307440e18f13ded4dbe177e9f7
iemocap4/seed69/rate0.7_fixed0.8_retention.jsonl.gz,2217424,b20db967136ccd2e8e00d593a11e8d0ea7ce9fbb6f2557e7f7c988bbc17ee5e6
iemocap4/seed69/rate0.7_fixed0.8_writes.jsonl.gz,535015,073f93a451cd5ba1a9e0557389d80c82e2026c81edb31ab2c35255e17d1bbcf4
iemocap4/seed69/rate0.7_fixed0.95_observed_fit.jsonl.gz,590637,68db64d0dfc6a6f725d3b53e02e46a107fdfb6e0303b20801e2bb0353b98972e
iemocap4/seed69/rate0.7_fixed0.95_retention.jsonl.gz,2212668,222b055f1e043845500906b41a3ca77d895006cfdfbb90c6456c1a433aa19446
iemocap4/seed69/rate0.7_fixed0.95_writes.jsonl.gz,535269,243426eaf652c5bc4149733325dc7f1661c8f09b1daccfc38299f21a358cc359
iemocap4/seed69/rate0_fixed0.8_observed_fit.jsonl.gz,1411909,193fac923232426704f9ab48d9dc55a8727321085b755d4b2ed5aefa0e713457
iemocap4/seed69/rate0_fixed0.8_retention.jsonl.gz,56,a3e0cfb3de6b6de2660e921763b0a93be75b61a0fcba1c066b69742af1e6a93a
iemocap4/seed69/rate0_fixed0.8_writes.jsonl.gz,337987,11eb59bcf7f4d1d5139d9d4245651278816e1822ba898cc60a4cd842e20bea50
iemocap4/seed69/rate0_fixed0.95_observed_fit.jsonl.gz,1413251,456cfe202bb1c0c98c715d766361db8cfdea80e8c3b8b144070c70fcb3603807
iemocap4/seed69/rate0_fixed0.95_retention.jsonl.gz,57,1c92781f2fe29349df53b044f8aa409ab1e99e521842ee06ac15d8139ee0495f
iemocap4/seed69/rate0_fixed0.95_writes.jsonl.gz,338189,7a2d467677633945f9dcdec11acbd9775c1e35bc4e6ee961294d43472f1bb134
iemocap4/seed70/rate0.1_fixed0.8_observed_fit.jsonl.gz,1263160,bce4f40f9b710151f397c71322bad25b4aeb13e69996e76a317774925f320878
iemocap4/seed70/rate0.1_fixed0.8_retention.jsonl.gz,422676,42231a733a1ea1fc069468bdacbe9885ad108fce156fbe25ddcad736319c74e9
iemocap4/seed70/rate0.1_fixed0.8_writes.jsonl.gz,401493,e4b1b344a84f9a0bb4cac24c95056bccfdf578c49b609c728c860b940902c01e
iemocap4/seed70/rate0.1_fixed0.95_observed_fit.jsonl.gz,1264513,031bb8388dc03290705034b6183bcc1c543fbc0c40b1581015e35c8698fc17f6
iemocap4/seed70/rate0.1_fixed0.95_retention.jsonl.gz,418791,8fedc59ad58b611ea234aa91ee0570b500d06db6ce1a56b2da9ce35a9a0e6508
iemocap4/seed70/rate0.1_fixed0.95_writes.jsonl.gz,401915,540014e7640800c556da5af2705d6063966bec359d276a4c159b2a9d70a6427a
iemocap4/seed70/rate0.3_fixed0.8_observed_fit.jsonl.gz,1028998,e3800986cb74a19cc711d0275ba504dad18133ab1c3cd08ece38f596c768ff7b
iemocap4/seed70/rate0.3_fixed0.8_retention.jsonl.gz,1087567,41fb6aa87b4fa0603183ce7425470eddd6dfc6d2aa76d5ae523c69724a726e07
iemocap4/seed70/rate0.3_fixed0.8_writes.jsonl.gz,470851,bc7331366d7a059ce8bf15f8708e8be5cf90c832b2e0dbc9cc051b53476ae721
iemocap4/seed70/rate0.3_fixed0.95_observed_fit.jsonl.gz,1029765,eb667c9db3c15720d690c386824c5c662ecf5a8b48a455f4e00baad7e6d1fde3
iemocap4/seed70/rate0.3_fixed0.95_retention.jsonl.gz,1080433,52c28bf6961afb2c2276cbe10a9db25ad9029e56a706009d2ca6f07ad8149de6
iemocap4/seed70/rate0.3_fixed0.95_writes.jsonl.gz,471266,536248a9e10f5fa602ab8b63f5e024e8813edeb25259cf134c0be882e3df0edd
iemocap4/seed70/rate0.5_fixed0.8_observed_fit.jsonl.gz,784162,ea87caffe9386c59d2625cf0548d35102b31e39f0e6a96453131eb5f9392b6dc
iemocap4/seed70/rate0.5_fixed0.8_retention.jsonl.gz,1734644,fdde51e2ccbc540fb17c9e8485e19d64e65bff4bda36dd34d506e5b0b9cf6826
iemocap4/seed70/rate0.5_fixed0.8_writes.jsonl.gz,514450,d940cc79e4c5ef3b036c753979222b292048c7663beb51888d23fd9743579355
iemocap4/seed70/rate0.5_fixed0.95_observed_fit.jsonl.gz,784921,8fdd299c51d71a0fef85ee3b95c3a0d9c750e4b59a64877006775821b82b370d
iemocap4/seed70/rate0.5_fixed0.95_retention.jsonl.gz,1727098,0a53641b8a20bca504df9bfe8b22fd3ac4205494a65fa66f68e3f6d90c5f9a20
iemocap4/seed70/rate0.5_fixed0.95_writes.jsonl.gz,515049,57065abecdd13eaf48fe800937e7fd23314639c0107b622992b72ee0b46dd6e7
iemocap4/seed70/rate0.7_fixed0.8_observed_fit.jsonl.gz,587269,e5f0fd5f006ccc6cb1b8f7473189ab2faf05079f0ff9a0abc833c3aa3044e9ec
iemocap4/seed70/rate0.7_fixed0.8_retention.jsonl.gz,2220930,d824277cce144c474608c9de57db80e90f705fa49d2d7692c6633ac6739cdf47
iemocap4/seed70/rate0.7_fixed0.8_writes.jsonl.gz,532225,7dd6c46ff550d83177df803ff73f48dc3d27856d6d8ddfad585f34b700478baa
iemocap4/seed70/rate0.7_fixed0.95_observed_fit.jsonl.gz,588116,f13500c535bef3250ac0288ca1ca1edda7269d62dedffac6985389797b7623c5
iemocap4/seed70/rate0.7_fixed0.95_retention.jsonl.gz,2217327,b6f0c8d39bff58f380cf281cb85338b47190745dc20b836e018b15978f9b7324
iemocap4/seed70/rate0.7_fixed0.95_writes.jsonl.gz,532704,0fdbd2d72e121f174026219cde6a6ee95d7078dcdba4554c68490fe9d7ffd339
iemocap4/seed70/rate0_fixed0.8_observed_fit.jsonl.gz,1406625,51166236b41553ed70d8ccd897bcc010d42a91d5f9e40703935639fc19d21a28
iemocap4/seed70/rate0_fixed0.8_retention.jsonl.gz,56,a3e0cfb3de6b6de2660e921763b0a93be75b61a0fcba1c066b69742af1e6a93a
iemocap4/seed70/rate0_fixed0.8_writes.jsonl.gz,336693,a990edff35d7d7f618709b9c66eaf68f461082df6d970759bf2c0d42776fb536
iemocap4/seed70/rate0_fixed0.95_observed_fit.jsonl.gz,1407773,796034020f42f3f302f29dc9dfaae20170ed94c6b46afe2970ccd2937ac3ac16
iemocap4/seed70/rate0_fixed0.95_retention.jsonl.gz,57,1c92781f2fe29349df53b044f8aa409ab1e99e521842ee06ac15d8139ee0495f
iemocap4/seed70/rate0_fixed0.95_writes.jsonl.gz,336554,ca3014b3f20867dc4b2c50946ab18e6895b102cafc847cd624f1bc2d23395d3d
mosi/seed66/rate0.1_fixed0.8_observed_fit.jsonl.gz,710595,dd19b4dd358809ecbb21a5e5a5aba1b56475c37b84587ebc6b737dda6b8830bd
mosi/seed66/rate0.1_fixed0.8_retention.jsonl.gz,228558,0cbf7e27df47ec6b5106a93a7732da7597dcf8b894bbe9d8165e201dbd27e101
mosi/seed66/rate0.1_fixed0.8_writes.jsonl.gz,234264,aba40d744b9e5c66d79cb835de87b5907f859669e59aae3d30b3e28bf9adb2ca
mosi/seed66/rate0.1_fixed0.95_observed_fit.jsonl.gz,711509,5a2f7843b2bacfbe19f18148c107a1bc10516aba2f8b4c192df45fc698403d3a
mosi/seed66/rate0.1_fixed0.95_retention.jsonl.gz,225534,d455f36636356bd61319cc1e853e7535552db7fb952237d09faedbb1b785e4ec
mosi/seed66/rate0.1_fixed0.95_writes.jsonl.gz,234023,b19a52585971040cc0775eb1980b2e8ea0012a39c775e2874fb3200146764457
mosi/seed66/rate0.1_fixed0.9_observed_fit.jsonl.gz,711182,4798ba6befec3a614f3e6e3541b8095c25b61589beecf82560fb516809e3c322
mosi/seed66/rate0.1_fixed0.9_retention.jsonl.gz,227089,5e537219580b6cfd08d1c8ce623b19e7ca30a36ec0ba126416bbbf401372b586
mosi/seed66/rate0.1_fixed0.9_writes.jsonl.gz,234014,ca8751d7da611a8c295e62086bcd2da1e2404acf1316dc74f071260a8fa159a0
mosi/seed66/rate0.1_reference_observed_fit.jsonl.gz,618098,d8a3ba9b221d667433f483fd709985fe383690bd764679a433ce42331b57f017
mosi/seed66/rate0.1_reference_retention.jsonl.gz,208645,09ab0aa06fc1df9b4c21eb61011db02b57b6d07b6bdffab1a4fffcd1c0f71a72
mosi/seed66/rate0.1_reference_writes.jsonl.gz,193872,733cb067787dfe71de041863f0999095b7de379be1b70c31fbee67cfd9de0560
mosi/seed66/rate0.3_fixed0.8_observed_fit.jsonl.gz,578526,11ad693b340a99da041b6547d58276a19888217ffd63b520319383ef224e3766
mosi/seed66/rate0.3_fixed0.8_retention.jsonl.gz,584255,6eae880a1f37e312215ce8fd6d179fdf13f9593e835e494657a23d7b731dcebf
mosi/seed66/rate0.3_fixed0.8_writes.jsonl.gz,272150,f1e3de522e4796a15a928249a5087065314712d42a3fb5c17fffca5bfed913a8
mosi/seed66/rate0.3_fixed0.95_observed_fit.jsonl.gz,579353,ad5daac4c8b9f4e4b961eff48687a8125848c17a3cc7f13062b3ddeab7386dc9
mosi/seed66/rate0.3_fixed0.95_retention.jsonl.gz,577823,3210ad04cd3b5dca3a874ded02c3d3166a91d5c5f072394ace35f7c397d2a167
mosi/seed66/rate0.3_fixed0.95_writes.jsonl.gz,272013,ff796e586eed5321ae504d70655da1671dd988cdc14ad1f320b0192682522c64
mosi/seed66/rate0.3_fixed0.9_observed_fit.jsonl.gz,579265,271c232934c5352dfe973658b5baff37816fef385b56efd1df1b13830671ca80
mosi/seed66/rate0.3_fixed0.9_retention.jsonl.gz,581008,b72b97f6d2da7374711d22801b1a63241dc4cd933df655b96ae5f5be5d189cb1
mosi/seed66/rate0.3_fixed0.9_writes.jsonl.gz,272267,f25b79ceb1cc4d4e53f32f2fb987383ed3fa89f045d26ab0c24617e47b034cd8
mosi/seed66/rate0.3_reference_observed_fit.jsonl.gz,503572,6cb3d5ad6b6f4fb4b323980e68685115f673d5b09ab3f842e5e96085d8f4da3b
mosi/seed66/rate0.3_reference_retention.jsonl.gz,542683,881a0c5808a01a581f1d4c1b4f1bcf66c31802e0a884ab40753790a6694daf84
mosi/seed66/rate0.3_reference_writes.jsonl.gz,234154,0224dad9770d9d22bc7c76cc2782c4689de7e7f4de5e5d85894d6b0cbf2cbc1d
mosi/seed66/rate0.5_fixed0.8_observed_fit.jsonl.gz,429032,3cb728fc79989861c0ed8ba6163be942bdedef5d5a60e596465d0be261a94680
mosi/seed66/rate0.5_fixed0.8_retention.jsonl.gz,967837,d002d7d9f99eb14cef34da4e40f0e6b8041cf778a6d3bc79c0bfe8f795d39cc4
mosi/seed66/rate0.5_fixed0.8_writes.jsonl.gz,297056,a418eaab062a7a4302286ae89be91de2b2def35fa3b5407db4caa3c8a333f05a
mosi/seed66/rate0.5_fixed0.95_observed_fit.jsonl.gz,429767,d240abf4e49e36c071e5ad9cab9fa2c0fc44cb193af9d54f1005b6b292003ef5
mosi/seed66/rate0.5_fixed0.95_retention.jsonl.gz,961689,e997cdb65ad59857bd6d48211c5af92a99a8ab8c73fabbcc0eafdf4e04859fed
mosi/seed66/rate0.5_fixed0.95_writes.jsonl.gz,297284,fb915115e8a623a4bef977c80ab08e2654c9cd892ca8597c5507268819f3d279
mosi/seed66/rate0.5_fixed0.9_observed_fit.jsonl.gz,429689,d493b16b464f649014c89b4455fd855f73c4a79456345b751d6e0a0481a9953a
mosi/seed66/rate0.5_fixed0.9_retention.jsonl.gz,965129,cb86a0e516340c54165c684bbbee9de794f033ca9cd2b401273f972a2de94a35
mosi/seed66/rate0.5_fixed0.9_writes.jsonl.gz,297479,8d43a19b07d0c52275e8b3dd360e248f0ac64f0e70ede0378780a731f04dfe9a
mosi/seed66/rate0.5_reference_observed_fit.jsonl.gz,373935,c28f4af453de9bb8ce2f2f1ca39c3a0c9c92aeeb4173236c400d24cc62707a77
mosi/seed66/rate0.5_reference_retention.jsonl.gz,920059,addc2c2e8cb31bab764854f852e78d78b33586916b76961a2bb27c0d10f33aeb
mosi/seed66/rate0.5_reference_writes.jsonl.gz,260390,3e0c12c78eb5781c92bdd9b217b92cd3a312b7d4f5d2b8b0baa82e4dfb339abb
mosi/seed66/rate0.7_fixed0.8_observed_fit.jsonl.gz,332317,43b50104a4e183f70f8a2c368b44b160f40900dc811bb077163efdca48b13b0f
mosi/seed66/rate0.7_fixed0.8_retention.jsonl.gz,1164213,1d1238de80f04f39a6252a0ee9d0c6842a36607698adbf2207a0abd8bb028ee2
mosi/seed66/rate0.7_fixed0.8_writes.jsonl.gz,302845,3aa559ab62ddaee269728e87cc658071f4461966bd2eb61be31917d44929d185
mosi/seed66/rate0.7_fixed0.95_observed_fit.jsonl.gz,333581,eb5f3d3c7d6b06f9653287651d5e60ae5b51f3bf40a0ce5e81c0b8a7823a965e
mosi/seed66/rate0.7_fixed0.95_retention.jsonl.gz,1159917,59ccc447a30ba63cf77faa7f66bc451fc6b0eb6d31fcb1ea2b714a55f6fb9aea
mosi/seed66/rate0.7_fixed0.95_writes.jsonl.gz,303189,897d0b58be446f4fa86ebdf61662169e8e76e2e97b6f8c0c746943c0093c89d5
mosi/seed66/rate0.7_fixed0.9_observed_fit.jsonl.gz,333123,2c21021649446e146a31c4f96683b78b614cffdcb8cddfacb75ef66021ebd675
mosi/seed66/rate0.7_fixed0.9_retention.jsonl.gz,1161822,eeaf78c32c5e28f82e0eefde28aac83d944ba3bc431f544210759aa2802c8711
mosi/seed66/rate0.7_fixed0.9_writes.jsonl.gz,302820,e32e7d18f38163a30d7d91efdedf4c36dce9827486b1525181e4f1c10aaf418a
mosi/seed66/rate0.7_reference_observed_fit.jsonl.gz,290984,28012ba184f300bc82e645cadd2738ddfd47f8bc2a96cde09af3ee078aa0c6e0
mosi/seed66/rate0.7_reference_retention.jsonl.gz,1120711,11eb3fcefd6b7f1bb5315d4556b2e9712c566a1d740b3107ea57b8db80c918c5
mosi/seed66/rate0.7_reference_writes.jsonl.gz,266334,669ce33dcd99d6fcbc65a61454b201dbfff84b81d8f714d19715fda856ccc941
mosi/seed66/rate0_fixed0.8_observed_fit.jsonl.gz,789112,c6448e2bf3ef28daad2cf46aefbf5bb8defce15185baea5860d6aa590cd6e8d8
mosi/seed66/rate0_fixed0.8_retention.jsonl.gz,56,6e82d3b5c826c33f56697b8821350a1260ac2297177b62e21870c2cbff990e88
mosi/seed66/rate0_fixed0.8_writes.jsonl.gz,198766,785752d2d886200c5ccab71245316f6931a1b817c28ead89b55811c9896b11c2
mosi/seed66/rate0_fixed0.95_observed_fit.jsonl.gz,790038,33fa0e8c3a2a6d4d09f7f657ca639b0909a9db77a202810b1595bc656ecc2c84
mosi/seed66/rate0_fixed0.95_retention.jsonl.gz,57,9cbdceb19542e44aee9ed285d22799d712608b4c213e7df8a55371379a78bc74
mosi/seed66/rate0_fixed0.95_writes.jsonl.gz,198873,963d4af6bcf54d81a47252a50bfc92a63fa357c3c3d6bf5bad9778a1c46589b9
mosi/seed66/rate0_fixed0.9_observed_fit.jsonl.gz,790036,3621015ac3da00550dcd11fd318b8799675319e83783b0f8f8ab31cabb4a75fa
mosi/seed66/rate0_fixed0.9_retention.jsonl.gz,56,e09287036e75d8d2cdbb1f58528d9109fc28f2203c8bdfaff3ff29b432323ad2
mosi/seed66/rate0_fixed0.9_writes.jsonl.gz,198646,ef4cece89e0766b8d7df237c1e7ca703191c4b6d23176c9d4f7a06fed05d994b
mosi/seed66/rate0_reference_observed_fit.jsonl.gz,685667,6e7ffedb6d943acb8b26b0a1d9afa4e4e65e11f8c7c34f6592c5c75ef00aab1f
mosi/seed66/rate0_reference_retention.jsonl.gz,57,9b0f1d51f376efd0c63f51b192222a4448638663ddca28ec1cf32ed696b45b6f
mosi/seed66/rate0_reference_writes.jsonl.gz,155390,d4eaf1c054bc3a6b8a6ee1777fa4e9f9f72d3c84f0ceecac23d9fe5ffaf62f4f
mosi/seed67/rate0.1_fixed0.8_observed_fit.jsonl.gz,711359,1a725a7b1f8b4046ae82070fc507233757595c5277de8ad609c8face35af463f
mosi/seed67/rate0.1_fixed0.8_retention.jsonl.gz,224476,26b9c7bc892def8dcdc27c531963d78242a8949b0571e6c6282d42c3f393b3fd
mosi/seed67/rate0.1_fixed0.8_writes.jsonl.gz,233738,43bae6cd8aff588a556885d887d705ecb70976ef58f8fcbf09141913783c1474
mosi/seed67/rate0.1_fixed0.95_observed_fit.jsonl.gz,712507,d278ccc633a01683628816ffb307cf71c1e32c29fdad13638356ee0ecb67ab9e
mosi/seed67/rate0.1_fixed0.95_retention.jsonl.gz,221482,e2e76d1f8a29ecdbc13b996966f88fc4f9da6ffb7944d8cffb89ba6433a6e267
mosi/seed67/rate0.1_fixed0.95_writes.jsonl.gz,234144,655b4c2ae30a912d47dbb97ee0c29c5f8552c5a8536bc678af46a48ee0c93f04
mosi/seed67/rate0.1_fixed0.9_observed_fit.jsonl.gz,712427,aa3123ca6cde0b48dbbcb4ee9baee080a018fc89e79e52e85a371697c118cdc7
mosi/seed67/rate0.1_fixed0.9_retention.jsonl.gz,223097,dfa9dabad0bea365a315d5c9a4bb0d8a85a77b70aca968829dc4c29508eb7d9d
mosi/seed67/rate0.1_fixed0.9_writes.jsonl.gz,233829,c75ca58e0add2b3960f00eca7d59086f5b1b586180955fa21960183452a6d8e5
mosi/seed67/rate0.1_reference_observed_fit.jsonl.gz,618625,fc470d990e17ebe3fce55608f3567201bdab95e1e1d2fde1abd7b32dd0b61a39
mosi/seed67/rate0.1_reference_retention.jsonl.gz,204552,0d695e7169c093635cdf75f190f0596ea0fdaba2b1661f7710fc834bd351dd23
mosi/seed67/rate0.1_reference_writes.jsonl.gz,193705,0e7da18a980bdcab8f0fe38dfc4ab92b195d60bb69a33bdda99595c8114177b1
mosi/seed67/rate0.3_fixed0.8_observed_fit.jsonl.gz,562815,872aa1b7c499cfb87d2d440dfc161ec8e5bfcfa3832c7971d6abaf9fa87921e1
mosi/seed67/rate0.3_fixed0.8_retention.jsonl.gz,632855,3f7e9e13b3ede1e79ab2c026e6f49a926e7bb4a7f46846a0835a2cb3f4f1db17
mosi/seed67/rate0.3_fixed0.8_writes.jsonl.gz,273991,14aa98f0a220e4b2eb48e308ad6e161bb9273eac07721cb9fd6cab152f5c6aa7
mosi/seed67/rate0.3_fixed0.95_observed_fit.jsonl.gz,563969,137dcc193f43657de3b5eb33c71616eef78a418459bef9d89e0499e7ff4d11b9
mosi/seed67/rate0.3_fixed0.95_retention.jsonl.gz,627053,28d2847a6da3a8435f055150db97341dc2e318e84462a0d2a559524d614f1ddd
mosi/seed67/rate0.3_fixed0.95_writes.jsonl.gz,274991,a43c00194114ada7be228ff1a82061336be161c0c3f7a93302649fdd6883bc86
mosi/seed67/rate0.3_fixed0.9_observed_fit.jsonl.gz,563313,c1c2a0bc56a192401b3375a543596c0606cb60a81c94baf27a61ba8136c49496
mosi/seed67/rate0.3_fixed0.9_retention.jsonl.gz,630380,193e92dd784c2481cf7b323fbc76d5330d590c893050149ad6cdecae965a71e0
mosi/seed67/rate0.3_fixed0.9_writes.jsonl.gz,274762,2b629c9b4b244c9735da12900bd59c330d7b9b1bb0e074f9b77b53625644fd19
mosi/seed67/rate0.3_reference_observed_fit.jsonl.gz,490605,e360f9c019bd1ad628370c22fab988fa9fe0678cb8ace04872e89c2bb7c78429
mosi/seed67/rate0.3_reference_retention.jsonl.gz,589947,b9694408b1151e1b3f00efaa1e525af2f4eff549d9fb8e530adf96871bfe6aaa
mosi/seed67/rate0.3_reference_writes.jsonl.gz,236364,163ece400b3e83af322c9c4a53a7088c5be712df84b58ac4443b04cf8f8e0092
mosi/seed67/rate0.5_fixed0.8_observed_fit.jsonl.gz,430789,37bd231744dc0ffcab4cab46c6b00a0fc6667f706876b406bf5bf4f32bffb39e
mosi/seed67/rate0.5_fixed0.8_retention.jsonl.gz,944031,a4ba0e070a72bd371795be06768e34a9049f6d6159065ec72637cd831f328e4d
mosi/seed67/rate0.5_fixed0.8_writes.jsonl.gz,294477,d5ad5e7f94a505169b9edc59c886ebe16863d41689cf5835091278706155c58b
mosi/seed67/rate0.5_fixed0.95_observed_fit.jsonl.gz,431775,d8be0aa42824e3649cf3f90d9f5a26692e5d8d023bb16582109d5d4cd8b605b4
mosi/seed67/rate0.5_fixed0.95_retention.jsonl.gz,935911,6549512faf79b67a00f120fc3eadc759dab938bc7119944eac3f00953c06342c
mosi/seed67/rate0.5_fixed0.95_writes.jsonl.gz,294689,3562b34363cb72e834ddb2a75f64aa229f5ad635922884f46fb48448a1b92d66
mosi/seed67/rate0.5_fixed0.9_observed_fit.jsonl.gz,431437,9b43111b6fb68ba148016dbe6b39c2683ef888a00be27e79f9a3d68c818dbe2f
mosi/seed67/rate0.5_fixed0.9_retention.jsonl.gz,939523,7b9e58006737c252fe76e45279a9bc9da38b6e3c87a2277ebe1efe06bdaf0aa2
mosi/seed67/rate0.5_fixed0.9_writes.jsonl.gz,294599,73700fc7b49604c3d432c6299fec2c9c1d33697764f1fb5653aa52883f21ed19
mosi/seed67/rate0.5_reference_observed_fit.jsonl.gz,376107,c249f8a82f1fe41b20dbf8b04fb425819b79e88bcda55b1d40b52fcd263036ff
mosi/seed67/rate0.5_reference_retention.jsonl.gz,892389,78380ef9045c0fa7f830936baddce55961a9e54f931883773600022f127841ac
mosi/seed67/rate0.5_reference_writes.jsonl.gz,257546,2f07d24047dcc9e748fdec59b66d9973764674e536442355d5acc0c7325da2b2
mosi/seed67/rate0.7_fixed0.8_observed_fit.jsonl.gz,340644,9fa7df12ae54b39a868befd360f711560a9a27022cfbbe4ae6239afb8c288c0a
mosi/seed67/rate0.7_fixed0.8_retention.jsonl.gz,1147264,5fe347aad44aad5bfede79d3f69b1b4074e1a0d7001bf4dea27d49770a6475fd
mosi/seed67/rate0.7_fixed0.8_writes.jsonl.gz,303235,8233ae329786ddd01c978729445ebcf3b51424675b361c23e3ec444b28a35e2b
mosi/seed67/rate0.7_fixed0.95_observed_fit.jsonl.gz,341646,a8096d325e4fa6d468ebc1660362c87ab2ef0d6ffe07cdb3b896b4cb18f050cc
mosi/seed67/rate0.7_fixed0.95_retention.jsonl.gz,1141442,728f9bf88d51b33074a75bde73026e1087d136bc2039fa7fe94c4fc8d9b44a43
mosi/seed67/rate0.7_fixed0.95_writes.jsonl.gz,303752,9d89f41f9ee771c4b216e57800161e0575acd0e0252adfdd26ab031500399717
mosi/seed67/rate0.7_fixed0.9_observed_fit.jsonl.gz,341289,ef62e11d0b910818b663103f316da354e7da854fa7d4e717bc00afed9aabef63
mosi/seed67/rate0.7_fixed0.9_retention.jsonl.gz,1145286,8d159644204d7a63febc47a436b432e00149e06141996a7d39e20063575dd3af
mosi/seed67/rate0.7_fixed0.9_writes.jsonl.gz,303273,db289e3052d5118a07e8f1bb93e311210a5ff0f991d7a09432ac99fc63411b2e
mosi/seed67/rate0.7_reference_observed_fit.jsonl.gz,297910,cb9bb11d70cf171d667d62b5164bfc0d512b68141a5eb29b886899853fbaecc6
mosi/seed67/rate0.7_reference_retention.jsonl.gz,1103711,bac29f83d4d17351740712b564ca0e5b956bb553c1f4b80cdcb0865e3ad1a9d3
mosi/seed67/rate0.7_reference_writes.jsonl.gz,267120,d4abf107d6e9142c1c12ccaa7a5344ba16ea54bf4e18eaa4b0bdf89f2bbd26d2
mosi/seed67/rate0_fixed0.8_observed_fit.jsonl.gz,790017,ea96adb138fbc361524636268ca979edf70632e41ce629d1b9dde9e7fbf9d29d
mosi/seed67/rate0_fixed0.8_retention.jsonl.gz,56,119e9061825a226da9ca2a2436100aa8c7cc577991048d7c4801ffe966f6da12
mosi/seed67/rate0_fixed0.8_writes.jsonl.gz,198424,988c6bc0f0ed87d2a0aa529cfafbbc0273536fadf1f5ba5befa0808a7c16f6d1
mosi/seed67/rate0_fixed0.95_observed_fit.jsonl.gz,791170,35ef74139a185a7a43ff7a1fffb1a48674ad91daf915f39926ad53913e276c54
mosi/seed67/rate0_fixed0.95_retention.jsonl.gz,57,9cbdceb19542e44aee9ed285d22799d712608b4c213e7df8a55371379a78bc74
mosi/seed67/rate0_fixed0.95_writes.jsonl.gz,198712,a223d2025d17c39ac59159cd92fe629e02666c327c9e562d179b1386a6004653
mosi/seed67/rate0_fixed0.9_observed_fit.jsonl.gz,790995,615bc2140f4d95acbf001304d7260f2b7349ed6193e10cfc251be8f362c6f6fa
mosi/seed67/rate0_fixed0.9_retention.jsonl.gz,56,d6258c7944c4871590550423294bf14ec1e4757ba41b60908a33c13c6e695402
mosi/seed67/rate0_fixed0.9_writes.jsonl.gz,198597,689416c194fee5b57ca01909b6aa0ff4a37f46a268ff04a9529047df61404d88
mosi/seed67/rate0_reference_observed_fit.jsonl.gz,686508,63126937494851b4b7aa37ec0b134038b6661ca80575e8c1ce0edae8377d2604
mosi/seed67/rate0_reference_retention.jsonl.gz,57,9b0f1d51f376efd0c63f51b192222a4448638663ddca28ec1cf32ed696b45b6f
mosi/seed67/rate0_reference_writes.jsonl.gz,155389,a851713ed96e1224f3a66c02c681e58d1548713a11134b4cf2b13e69bbc08a6a
mosi/seed68/rate0.1_fixed0.8_observed_fit.jsonl.gz,713267,202013872c4dfcd3f66df69b615a56984108f25d2cd8929bbd19f60a70d349ee
mosi/seed68/rate0.1_fixed0.8_retention.jsonl.gz,216068,0006a8f1e02bd5592543d1be93e1bc46fc05c78ccd0585f3a0539790e384e780
mosi/seed68/rate0.1_fixed0.8_writes.jsonl.gz,233281,725ce5fdad5d676abbbce93cd9bdc0ad8efc9703556f608f81d04b0dc3c236f8
mosi/seed68/rate0.1_fixed0.95_observed_fit.jsonl.gz,714232,994f2e3e3ff2b42117f035e84759ddb0a9421e0bbf68560de184d04750f68453
mosi/seed68/rate0.1_fixed0.95_retention.jsonl.gz,212815,cf51d10f6117571fb6d82a4d260985ec1e613a739d422b65dc3b764b8be1560f
mosi/seed68/rate0.1_fixed0.95_writes.jsonl.gz,233225,c5b2f8eb630c6c330b66964a26d9781de993b2b24f584c08135f95e99c01fc9d
mosi/seed68/rate0.1_fixed0.9_observed_fit.jsonl.gz,713932,ccfddc07b8444d411e1a0b34159285f88fdfd145fef3339193444dbbf0eff1c8
mosi/seed68/rate0.1_fixed0.9_retention.jsonl.gz,214529,ca8dbb900b28da0856f835210f9104534c5b8e5102d723adfa344454067a821e
mosi/seed68/rate0.1_fixed0.9_writes.jsonl.gz,233419,6e3c5101940e061c8583f3876b1923c634e0ab9a742a9f3c56cdb133c4d3b6a1
mosi/seed68/rate0.1_reference_observed_fit.jsonl.gz,620217,3c38d43462688596a010ea224882b53f013a7abc4a46182b96da5417de10bddb
mosi/seed68/rate0.1_reference_retention.jsonl.gz,197420,951edea99d893d3118e7aa3ee6a3d689c2fb130f783c997f23d41af9e20a2816
mosi/seed68/rate0.1_reference_writes.jsonl.gz,192989,1ec0b87eaaf4a265ab3910ac761895b1a751ad3b67045fad13eb0b495dea681d
mosi/seed68/rate0.3_fixed0.8_observed_fit.jsonl.gz,567583,2c4b813fb46862f10879d0130500b2f80bc1417c6d8ccc91249e74d1fde64002
mosi/seed68/rate0.3_fixed0.8_retention.jsonl.gz,615708,4f891f02c6c1dc11486fc99a4e8cbf87f3b7b81a12273df64cebb5e7ef966271
mosi/seed68/rate0.3_fixed0.8_writes.jsonl.gz,273259,8e4c542db2820fe572086290f5f950ebb9a4c17d16070d99f9e3b29483c1b116
mosi/seed68/rate0.3_fixed0.95_observed_fit.jsonl.gz,568178,e096036f7f545cd53b0e016f550b177d8c9591770af1e1311867b7181f31533f
mosi/seed68/rate0.3_fixed0.95_retention.jsonl.gz,608734,196fa6f8a5c79b4d2ede78a6ab1986922d7bcdbe97de06fdbfae5453c8f50a2a
mosi/seed68/rate0.3_fixed0.95_writes.jsonl.gz,273128,738c014a84137de56ef2b1f1f39b861a881dc561b812a08a3b887d9df1dca6fe
mosi/seed68/rate0.3_fixed0.9_observed_fit.jsonl.gz,568033,3aaa3e52294a1e92872bc87c46d40ea7b09d22ffe20a8cb75fe55a8a947c9dc1
mosi/seed68/rate0.3_fixed0.9_retention.jsonl.gz,612621,70a34ea6a5b337370790d483dde2212882f357a46593eaceb8db88841963a5bf
mosi/seed68/rate0.3_fixed0.9_writes.jsonl.gz,273075,08dc54fbdfdb61966e88f181b451767a7fb4fadad1de9de3a9deb1ade4700a86
mosi/seed68/rate0.3_reference_observed_fit.jsonl.gz,494114,bac571ebfb5e0f4f70f94e1358a848c8bf96c7270a2f3b730361fd52448b5668
mosi/seed68/rate0.3_reference_retention.jsonl.gz,573679,f53f492e0314fdd308f64ebd47df2a4f7e2320898af9204f3d9beb4773ee1eed
mosi/seed68/rate0.3_reference_writes.jsonl.gz,234732,491c2308441a58c62432d3ca5015ebdc6d682ce328d72ee5117cb83006ae32b2
mosi/seed68/rate0.5_fixed0.8_observed_fit.jsonl.gz,436272,5ac46962b5b3a2e1bf41b6209149915b1f704848500b88ed0680a2efdba5d748
mosi/seed68/rate0.5_fixed0.8_retention.jsonl.gz,942352,4f7893b98295cb4e9d3d9486b6c2accfd4f610302b2176e8ffc87a116a5cc669
mosi/seed68/rate0.5_fixed0.8_writes.jsonl.gz,294524,c2ab1ac3a89afa51f8bd0cabee92e06c4fb5e2bb7e7964573afca4ee584411b4
mosi/seed68/rate0.5_fixed0.95_observed_fit.jsonl.gz,436991,4c3c0a4a86a4e74d215bb39a43b698d400eada0ca725b88657c880d2a7e3eb68
mosi/seed68/rate0.5_fixed0.95_retention.jsonl.gz,934721,e4aea0927f9d5090c007d7fd53c9c83263c0d434bf7a2fb2de45e302dccf58c8
mosi/seed68/rate0.5_fixed0.95_writes.jsonl.gz,295297,c12a3529726aa7895c7c83735c7f35ece172bda0e8b54b53e52b6c3290523061
mosi/seed68/rate0.5_fixed0.9_observed_fit.jsonl.gz,436757,84979edd1417d4d0d7d5f25660141c50f0ac3a099a98a93187b3e5db17b38591
mosi/seed68/rate0.5_fixed0.9_retention.jsonl.gz,938800,10bf79f13cd1b627b90c8f4cf379d98f5a1bb8c0a1f5d836ac1ffec49e1469d8
mosi/seed68/rate0.5_fixed0.9_writes.jsonl.gz,294824,f61d204b8d650ca46f5a59d702ace5c6086f1ddafae7c9291364c2c9549b10f4
mosi/seed68/rate0.5_reference_observed_fit.jsonl.gz,380580,761682046081c594430d44621cef3b4b6e6659c6320660a67e1b7b2ec74a8888
mosi/seed68/rate0.5_reference_retention.jsonl.gz,890510,9139cff8209697eb03c638f6b88cfc44efb7e4bc3aae85158667d893cf8eabf8
mosi/seed68/rate0.5_reference_writes.jsonl.gz,258562,f8cb74f9a704f94a5005dcce2eacaf348f2622baf7ec4e71a698026f53d422d7
mosi/seed68/rate0.7_fixed0.8_observed_fit.jsonl.gz,340826,c6bcbb9226a9e23e3a1e41e3a05a2d9b55017500a8308dac7606a15e5a0a324e
mosi/seed68/rate0.7_fixed0.8_retention.jsonl.gz,1162197,7a2aa5f646cdc7d2b1917b7399ef8ffaefb4c52788904e8d3e4cd85d2aab1e6e
mosi/seed68/rate0.7_fixed0.8_writes.jsonl.gz,302550,064f4a55f9ab31e5175410118904713eac7360af4fc34f512fcda8bd0a9a8984
mosi/seed68/rate0.7_fixed0.95_observed_fit.jsonl.gz,341869,f1dcf26fa7796e639bdddeb001f37f4e5c183f06917a05d59a5f14c354a15444
mosi/seed68/rate0.7_fixed0.95_retention.jsonl.gz,1155640,c7da0255e4be33854d68e57f6ea9c1ff0e56a951bd6a7d4187148722a91dad10
mosi/seed68/rate0.7_fixed0.95_writes.jsonl.gz,303077,7b94e499761248c3a1d0ab79a0f2b12adff13a75958175077f59439eb1c75432
mosi/seed68/rate0.7_fixed0.9_observed_fit.jsonl.gz,341610,8d360c63af1f4ae554758ac41df8093afc56495c2121eb12aabb31de8f2f563c
mosi/seed68/rate0.7_fixed0.9_retention.jsonl.gz,1159687,7536c2d0ea0ab41709e2fdeac829012783335493b754abd7518fabbdbe8a261e
mosi/seed68/rate0.7_fixed0.9_writes.jsonl.gz,302721,ffd1b4a21c48ef157b4af4e0b1e66c852b49db923a6e99a39ded6539ef98b5f6
mosi/seed68/rate0.7_reference_observed_fit.jsonl.gz,297700,19756c69d3b7617dc597a69abd1055274014db74249665d9503dc2ffcb72a6ea
mosi/seed68/rate0.7_reference_retention.jsonl.gz,1116340,25d851eafda7eb5b5b0f6fae3ab9b9ce241290aa154fe4950b611e25595e5dee
mosi/seed68/rate0.7_reference_writes.jsonl.gz,266409,06ca0ff23f5c2c9a1a1510ae0adfc238ba8f2aee03bc6c1eae3a73176fb5614b
mosi/seed68/rate0_fixed0.8_observed_fit.jsonl.gz,789876,e7208a5f60ebc821e29ffb75e911782088a02dcc9f070696ea0ce4c94d5ecfdb
mosi/seed68/rate0_fixed0.8_retention.jsonl.gz,56,6e82d3b5c826c33f56697b8821350a1260ac2297177b62e21870c2cbff990e88
mosi/seed68/rate0_fixed0.8_writes.jsonl.gz,198261,683c525e8c66826751bd615b0a265ccbd98d01ca3580bc3e686dc92fe1081405
mosi/seed68/rate0_fixed0.95_observed_fit.jsonl.gz,790694,3da1fe7a31566238b3aa19af04fa6dc1a33acc777ec9e1744a96efc6b8694848
mosi/seed68/rate0_fixed0.95_retention.jsonl.gz,57,6dc5a456cdc3cff7cb200f1eb2d4d06c8e75c9c4273930ae19669d894b1d1e54
mosi/seed68/rate0_fixed0.95_writes.jsonl.gz,198292,fc36309484a9cca62f5eda60f31f8270447984d56370e403779e37e12b26e6b8
mosi/seed68/rate0_fixed0.9_observed_fit.jsonl.gz,790661,c919218d85381bc73f2d9a192213dc311825d9d57c2201d46893cd712c32b385
mosi/seed68/rate0_fixed0.9_retention.jsonl.gz,56,e09287036e75d8d2cdbb1f58528d9109fc28f2203c8bdfaff3ff29b432323ad2
mosi/seed68/rate0_fixed0.9_writes.jsonl.gz,198485,8d0517828bbb9d405afa02f84245e7a024bdd2e8fcf24d258e4dc3a71a678448
mosi/seed68/rate0_reference_observed_fit.jsonl.gz,686375,eb2e8d05512dfef266d84423700f3c5a8a2b34c8214dae98ef5f36278becbdcb
mosi/seed68/rate0_reference_retention.jsonl.gz,57,9b0f1d51f376efd0c63f51b192222a4448638663ddca28ec1cf32ed696b45b6f
mosi/seed68/rate0_reference_writes.jsonl.gz,154997,7c4beb781d347b43bd28d8f53cefa959b31d53121ba1ff264d4cfd68e2c96925
mosi/seed69/rate0.1_fixed0.8_observed_fit.jsonl.gz,715121,a179f105db7a817978b1059a8a0e5307957773665111d7b047d341cd7a78880a
mosi/seed69/rate0.1_fixed0.8_retention.jsonl.gz,212645,f59bf4920af2039a7c24e2ed96a7d8e8a6589b73996cf2cfc82c7060da050d6b
mosi/seed69/rate0.1_fixed0.8_writes.jsonl.gz,232220,7b1bc851b4725df9e6f1cff93e06dc44660bad0ebc29b67333b1b9b8ae35d7d0
mosi/seed69/rate0.1_fixed0.95_observed_fit.jsonl.gz,715998,ee18d060f2f2a11d82bcd2bf5c95c077b07b44722f7471fcc6e79da14d06a24a
mosi/seed69/rate0.1_fixed0.95_retention.jsonl.gz,210253,840fe03667c0ea3359b438cee66f1598bb62216f56b1a64e5a502347335fc5fb
mosi/seed69/rate0.1_fixed0.95_writes.jsonl.gz,232312,471c45636e601889e7edc005e7b5206e5e11a508c9f44fe9eb73c29540a1f33a
mosi/seed69/rate0.1_fixed0.9_observed_fit.jsonl.gz,715282,04c78460bef61c437cd0efc2f0f8e65c3a91ad943bfa874238f97e5e902f35d1
mosi/seed69/rate0.1_fixed0.9_retention.jsonl.gz,211522,bbda7b4bc3631d1a952888d4eaf819e19896be448d7f7abb778c820d5263ab41
mosi/seed69/rate0.1_fixed0.9_writes.jsonl.gz,232211,db934bea3f51d25fd6b52ff10518bf94b969458d0838bb75ecfbf1144fbcac46
mosi/seed69/rate0.1_reference_observed_fit.jsonl.gz,621643,7cae0d85e341f9de3370fc301e9349f2cd6d4d69856514a918661eb099ae77db
mosi/seed69/rate0.1_reference_retention.jsonl.gz,195360,4e48c16504d2600e03f504fd23aaf9b4e7ca9fcc1df0d44aabcb373fcf48c81b
mosi/seed69/rate0.1_reference_writes.jsonl.gz,192008,ed9938d83858008bb1577a5dcf9289f7959f5e3a3d5310af2f3d80941238cd5d
mosi/seed69/rate0.3_fixed0.8_observed_fit.jsonl.gz,573464,a676e6794bb8e502d86eb497e8c5d15530780dfe0acfbb08b0712ad38c29df15
mosi/seed69/rate0.3_fixed0.8_retention.jsonl.gz,602435,9e757e5fb8786dc99b77d71b7e8d0545e7487247cceed37e1b57341a8aa7a359
mosi/seed69/rate0.3_fixed0.8_writes.jsonl.gz,273748,5acc3a94cc74d205d94d8f258f29827e44a90493eaa91c8ff8a3ea18ae9fb42f
mosi/seed69/rate0.3_fixed0.95_observed_fit.jsonl.gz,574443,11a920df604a624391dd2e7a03d27e73b23fe2d713edd041cfd5c2a68fcafe78
mosi/seed69/rate0.3_fixed0.95_retention.jsonl.gz,597442,3280b5980dcb23ecc4c46e2612b75305961fccd5f7fd9cb15e1ce06be6d70cb7
mosi/seed69/rate0.3_fixed0.95_writes.jsonl.gz,273972,9721ace485aa6c09bb9048c87e4f144e585558afee6ac2f01788ecf606877228
mosi/seed69/rate0.3_fixed0.9_observed_fit.jsonl.gz,574434,476ab7323a57ae6e8cb1279f1905e53f3ea1bb26f96d4c05617e4cc8775570db
mosi/seed69/rate0.3_fixed0.9_retention.jsonl.gz,600177,0e2cb2914a3476cdb25111fc26522aec1e360ecf67996c6364813c53ae3200ee
mosi/seed69/rate0.3_fixed0.9_writes.jsonl.gz,273413,33ea16fb8c5e2d1949e44d4d19f067de587e3d6014e1e1fad1783adcaddac2df
mosi/seed69/rate0.3_reference_observed_fit.jsonl.gz,499492,1595965da5650d481befb434e88cddc7da162db1443b71fc9afa4c7001420bd5
mosi/seed69/rate0.3_reference_retention.jsonl.gz,563790,085535da2a2c62807a3a0a334671ba904b29f2f110e62cb542127cb446d3f7fa
mosi/seed69/rate0.3_reference_writes.jsonl.gz,235763,0d99ca4a53c707b1aad24a6e09134a5cc578a00cf0a7c2137d0f0afb6cf228c2
mosi/seed69/rate0.5_fixed0.8_observed_fit.jsonl.gz,416327,1cc8305a05fed5d1acc419958a637cad92852bb6175deb9adc18f6f85a26a4d5
mosi/seed69/rate0.5_fixed0.8_retention.jsonl.gz,1005106,91168fe77253171cfa95b4d86a24976440636b08bd62be1c730ecb07e840c7b1
mosi/seed69/rate0.5_fixed0.8_writes.jsonl.gz,297978,1d09bf53ae763bf71b27897705117a7e6e2975700a52e9fa332fcf608074c549
mosi/seed69/rate0.5_fixed0.95_observed_fit.jsonl.gz,417270,6d1c04799ea055d97c1b55722c040950b088058b9b2df469fc0daa11bc87c63e
mosi/seed69/rate0.5_fixed0.95_retention.jsonl.gz,998915,f6560f0ee8ab205a94355cc6e16c7973904d2bab4a7c6c2caf78472e6fadab70
mosi/seed69/rate0.5_fixed0.95_writes.jsonl.gz,298341,c4756901b84b59f53dfbbc6f350f356b977db383fb992ef7f19c89a43b585c4c
mosi/seed69/rate0.5_fixed0.9_observed_fit.jsonl.gz,416688,29ae5d1b76ee071518831d2e8804bdb685d8c7ceb925448c02736064364edf19
mosi/seed69/rate0.5_fixed0.9_retention.jsonl.gz,1002912,4719d28242100d115e1911bf3bd6fac782ba255f071d79fd9f26989c53525809
mosi/seed69/rate0.5_fixed0.9_writes.jsonl.gz,298262,eeb34ac89c0cd3ff40ddf8fa935c865ef2852da9a1686cbaa76a0ed3f16ad02c
mosi/seed69/rate0.5_reference_observed_fit.jsonl.gz,363417,04bb103f055ceb869725a09938ce0d813e129238f6a0d0ffca0f0b54e9e4bd7d
mosi/seed69/rate0.5_reference_retention.jsonl.gz,957190,d0a140cd5a85a8a7dcde24bf8aa0a9f20543267a13ef0db2d32933785c46f2aa
mosi/seed69/rate0.5_reference_writes.jsonl.gz,262008,c4442134708dc5805582576f2cd79ed8fd82c8a875630816f712b4cfbc6f756d
mosi/seed69/rate0.7_fixed0.8_observed_fit.jsonl.gz,340004,382c34f8f56129e70ad60521789c84a6397f5778a09cc2b7a89bb376e83e4bf9
mosi/seed69/rate0.7_fixed0.8_retention.jsonl.gz,1166440,eb17a128d7210c46c813b037169995ad30cea2f7b2e681d1afe6ef278f077769
mosi/seed69/rate0.7_fixed0.8_writes.jsonl.gz,304212,d8f6fb51b059118831b44105f8f0d5ecf74d5fd8bee372040f4d64894ce16599
mosi/seed69/rate0.7_fixed0.95_observed_fit.jsonl.gz,341213,bf68749ce32ac7bfea2f4a5f9af2e96af15afb4b9804d62eb305ce7e2fedec0f
mosi/seed69/rate0.7_fixed0.95_retention.jsonl.gz,1163331,0a5e03ff8cce089ec24f1b30efe3bc68a0dfd5cf613ea15058a40f16244aec3e
mosi/seed69/rate0.7_fixed0.95_writes.jsonl.gz,304751,e42ff9b19909526eb8abee201e2974cdb994e64e2f4084ba04f1fdf3777607dc
mosi/seed69/rate0.7_fixed0.9_observed_fit.jsonl.gz,340488,84b8cac9cf1b76c882ccca35500bfea5a5f0dc39096d71ced919a19b2d45d39b
mosi/seed69/rate0.7_fixed0.9_retention.jsonl.gz,1164887,87e692d4c52e00d446fa98c8e9ed4209e14d47139cb95f5f9da94d7f857bd01f
mosi/seed69/rate0.7_fixed0.9_writes.jsonl.gz,304133,9d0f5663e79785ba4270116a9a17597162fd4a8e44d80498e5307e7dfdefd671
mosi/seed69/rate0.7_reference_observed_fit.jsonl.gz,297411,1accfd31e0d1f342ba53120711664f415613ae88fde8ed97e0dca978086423fe
mosi/seed69/rate0.7_reference_retention.jsonl.gz,1123632,5e55b3f2c5da7b4d510924f4e461be123fb99a2c631baaa4c274e6fc636fde6a
mosi/seed69/rate0.7_reference_writes.jsonl.gz,268372,71995716555f916898ca68f6647b81a1a1defc7ff38bda4ad988b0b4dda855a2
mosi/seed69/rate0_fixed0.8_observed_fit.jsonl.gz,789196,e6180b27e6ce7c9d2a7c9f04c885117928ce2ffbf2aa76357e1ed33128af18da
mosi/seed69/rate0_fixed0.8_retention.jsonl.gz,56,119e9061825a226da9ca2a2436100aa8c7cc577991048d7c4801ffe966f6da12
mosi/seed69/rate0_fixed0.8_writes.jsonl.gz,198608,0737d15defc44d368f64b66f8bc28ee4606e510a581a3945d59ee38d14b35d67
mosi/seed69/rate0_fixed0.95_observed_fit.jsonl.gz,790399,30c1584eead5baa364f063c9bd76830d3c8adf991a927c96e422bbb73d7c9ef6
mosi/seed69/rate0_fixed0.95_retention.jsonl.gz,57,9cbdceb19542e44aee9ed285d22799d712608b4c213e7df8a55371379a78bc74
mosi/seed69/rate0_fixed0.95_writes.jsonl.gz,198635,f56eb3b835671455c8bc49f22b18318c67fa84e7d4b98928e1d22be26bef71d8
mosi/seed69/rate0_fixed0.9_observed_fit.jsonl.gz,790240,7c35287e9f58183ff0648efbef4f42ed03c886119c3197f721f09ec903393b40
mosi/seed69/rate0_fixed0.9_retention.jsonl.gz,56,d6258c7944c4871590550423294bf14ec1e4757ba41b60908a33c13c6e695402
mosi/seed69/rate0_fixed0.9_writes.jsonl.gz,198416,43d43888f61e92e24647d1508464a36314f744f3da5cb47e3bcddc3dd522b450
mosi/seed69/rate0_reference_observed_fit.jsonl.gz,685275,da113621c16afa5c13d77179f2badb055bacac59d78ed7ae795da1924d72cbd1
mosi/seed69/rate0_reference_retention.jsonl.gz,57,9b0f1d51f376efd0c63f51b192222a4448638663ddca28ec1cf32ed696b45b6f
mosi/seed69/rate0_reference_writes.jsonl.gz,155265,e28023a9858d67ccdb3d40c7f36240c67074ec68480ed2e596ed55b3bd64f541
mosi/seed70/rate0.1_fixed0.8_observed_fit.jsonl.gz,712217,0eff5a7c0280a9e262d611230bd5f51cab714f0bd28db2c845ca11e0cd7cd605
mosi/seed70/rate0.1_fixed0.8_retention.jsonl.gz,223380,fd160cf4fd1330ccab6e7e915bc1464871e49bfbba534723a4b8b716c997d9b7
mosi/seed70/rate0.1_fixed0.8_writes.jsonl.gz,234560,e64212d39e5cc40338de49fdcc6709f0b54e74046a035040219f05647801d841
mosi/seed70/rate0.1_fixed0.95_observed_fit.jsonl.gz,713253,9b32b22aa8031f813af63c4c595e044ff14f82dd8d3b6280dcbedd72880dfad6
mosi/seed70/rate0.1_fixed0.95_retention.jsonl.gz,220363,922110e2ecaf0a53b36dfdb3ec064def34f15a212c558fc7826a70a5e1d01b9c
mosi/seed70/rate0.1_fixed0.95_writes.jsonl.gz,234504,14f8d877157dacfe72ea92ce58419631f4737c35972f100e04238c51d977b79d
mosi/seed70/rate0.1_fixed0.9_observed_fit.jsonl.gz,712723,2a6f7a38f200f1fa66fa09ad57c86d62f249c1e614ad48c447ce68694b6f9d55
mosi/seed70/rate0.1_fixed0.9_retention.jsonl.gz,221949,c270f42c56a228ff520780302d073775200864e889ecb944aa73175ce71f46dc
mosi/seed70/rate0.1_fixed0.9_writes.jsonl.gz,234274,79bcd6431ae3f511cb162f86cb16e4d92817e697991d482c5e79beaca3571c61
mosi/seed70/rate0.1_reference_observed_fit.jsonl.gz,619566,b09abd1d88fc13d7eb3d00ab5e90d78ea9e6e93c26c4580383571f268691f2d5
mosi/seed70/rate0.1_reference_retention.jsonl.gz,205728,4a3db9f837dd744eb76865a690ab142773b3ef89eba5fa5cff6c4df8afbc675b
mosi/seed70/rate0.1_reference_writes.jsonl.gz,193781,0c9b48fe110cbb23510a2dd465a65a2e04949cae506de98382336bd3f4c2393b
mosi/seed70/rate0.3_fixed0.8_observed_fit.jsonl.gz,566172,e68f907cad0ada05372fc4596c8bcfac15cb14783e177f7f1eadf031be76abb1
mosi/seed70/rate0.3_fixed0.8_retention.jsonl.gz,631134,1d5dfb70aa7886548ce64800a8f3dc4b8b8023917cc005324a420ca60644dad1
mosi/seed70/rate0.3_fixed0.8_writes.jsonl.gz,275433,3a92aa9e4882be619c6296f6e80e07a5034f824ba3d02f764a64ee903716ce05
mosi/seed70/rate0.3_fixed0.95_observed_fit.jsonl.gz,566845,758dd0e2a7375ab96eba7d8985bbe4390516ed7c0b807f45842435968396a62d
mosi/seed70/rate0.3_fixed0.95_retention.jsonl.gz,625982,d293d210136e0c73c9efa0977dcfbea475552e071bcefe85fd7750bd070e6286
mosi/seed70/rate0.3_fixed0.95_writes.jsonl.gz,276193,418f1bf615d3edaa4cb6106237b8e45e4f1ceb1f6a54b1ec4e844f6e84bd693a
mosi/seed70/rate0.3_fixed0.9_observed_fit.jsonl.gz,566795,89991596f9c01cce6f98cc66c5962dd84c44a7571f8e78b5ca954cb61aa93407
mosi/seed70/rate0.3_fixed0.9_retention.jsonl.gz,628981,67d14618371952abf5b59bc1e389953aad6b0f28a53d9ff6461598dc94b68ad2
mosi/seed70/rate0.3_fixed0.9_writes.jsonl.gz,276140,219f218a09ef821a028fbb6a89e75ee72338ab57331e26908ab83ccb500adfde
mosi/seed70/rate0.3_reference_observed_fit.jsonl.gz,493350,023d8272e1c5c2d33d3d786796fd0b924d62f7125163fa306f7543fa7a2056f5
mosi/seed70/rate0.3_reference_retention.jsonl.gz,593656,830846cf99945bf560ea9222d43e328522d2e1bafa87bc3fec2a1b48f4098bc3
mosi/seed70/rate0.3_reference_writes.jsonl.gz,238238,5e036710456b6559463d936c5aab14a784783f6aabd05d14e655ca82448e8c19
mosi/seed70/rate0.5_fixed0.8_observed_fit.jsonl.gz,426596,5c8f8d4871c7bced5fc163c7b9b196a0b647bfe3153e7e379e1159dbc0b9b2dd
mosi/seed70/rate0.5_fixed0.8_retention.jsonl.gz,974708,e116bd56a4dd09dc28904127955dfd69ddedff15eb951daff4889eed5b2a5f2c
mosi/seed70/rate0.5_fixed0.8_writes.jsonl.gz,297225,595f9f424ac9d1e463648be6fe7b5445843ab840ed6aa0243363d9cc14e7f0be
mosi/seed70/rate0.5_fixed0.95_observed_fit.jsonl.gz,427630,7ff3b3a66026fdee618001616a8bb430cffabfed0d300a27996c333c4ec19ebc
mosi/seed70/rate0.5_fixed0.95_retention.jsonl.gz,968901,63c13bc419620e8e7b4a8779f94a814faae9b11754a0663967c3379962a59022
mosi/seed70/rate0.5_fixed0.95_writes.jsonl.gz,297050,7182cbeda0e8f0ec1bb2ab6e904a418432a2eeb7da76e442b8194e511b405ce3
mosi/seed70/rate0.5_fixed0.9_observed_fit.jsonl.gz,427499,42c15b5877bb807dffe8975aa22217f4503fcc5626ffcd8b76bf10e194618a6d
mosi/seed70/rate0.5_fixed0.9_retention.jsonl.gz,972307,1df45ecdd7e1adff8a880c72f73e70819c2d1e243c86747a966692eb55f9c9ec
mosi/seed70/rate0.5_fixed0.9_writes.jsonl.gz,297777,2a509bdff0dbf65622515af53a284246e6b00b86cff2957bd9b34902e50e3e78
mosi/seed70/rate0.5_reference_observed_fit.jsonl.gz,372254,332891dfbe564c785589cd29c32e2be749c72756c42de56eec04f2ba94c40268
mosi/seed70/rate0.5_reference_retention.jsonl.gz,929262,b4b11498c21ee569908605f7346e70eb031ec6a0b3981ff03bd72798f4784c4a
mosi/seed70/rate0.5_reference_writes.jsonl.gz,261231,108b0062129c289455106c1a0680e0b94a358a286a3a0ee099b7e0f18d87601c
mosi/seed70/rate0.7_fixed0.8_observed_fit.jsonl.gz,330120,341792facfc7413bf73a47057fb8f95994293861929a54fecb2eeed09761b572
mosi/seed70/rate0.7_fixed0.8_retention.jsonl.gz,1181043,b6541c5213cc67984004f88f5daea31c68a9237ab84601db46b48c403c8e6caf
mosi/seed70/rate0.7_fixed0.8_writes.jsonl.gz,304858,7b7a3a25e8002d1e48a74ad5fb055179eae0277e93c63ae103ccbca7924c6081
mosi/seed70/rate0.7_fixed0.95_observed_fit.jsonl.gz,330929,a17802e8819be1f4433f73e47c5a74814076a85ea8a06a00367fdde4d1e2e5f6
mosi/seed70/rate0.7_fixed0.95_retention.jsonl.gz,1177550,0b5c8ea628495518395c7bdec02f47f4eab75cc774f3d199ab89c69739ec50e8
mosi/seed70/rate0.7_fixed0.95_writes.jsonl.gz,305243,5b770a3fb7ea60eb660586411d8afd5ce921a251119ae09550454e0527379f4b
mosi/seed70/rate0.7_fixed0.9_observed_fit.jsonl.gz,330679,ef68f830d4bad3be8cc24f38697384ba304f52168c7e0da24b720f3ccda67e34
mosi/seed70/rate0.7_fixed0.9_retention.jsonl.gz,1179864,db917eb1d5a4bd60413144e7d8f59c936b27cbc7623c319f04ac69b2e464e94b
mosi/seed70/rate0.7_fixed0.9_writes.jsonl.gz,304974,c6ce2b20b5b7dad962faaf9905fd61af10f296db64b7525ef0bff6d8f28db72a
mosi/seed70/rate0.7_reference_observed_fit.jsonl.gz,288614,c52d64bd8aaa2c6b9d90f0b11f7a33966f0f9bcccd03aa48b28e002f0092a0c8
mosi/seed70/rate0.7_reference_retention.jsonl.gz,1139306,04d266465dbb0c6dadc11d53b6d704dcd3d3db3008789fff20e5495b7c6f9304
mosi/seed70/rate0.7_reference_writes.jsonl.gz,269541,8b9dc87b4b88a796248ce5562b7d116ef17d5c49e999f2a372b1f5fb7211e0d3
mosi/seed70/rate0_fixed0.8_observed_fit.jsonl.gz,789522,548d4c35f1a1c4fdd1b4a7efa1c0abaaf34ea9747a8b199b2fee501344bc1ccb
mosi/seed70/rate0_fixed0.8_retention.jsonl.gz,56,119e9061825a226da9ca2a2436100aa8c7cc577991048d7c4801ffe966f6da12
mosi/seed70/rate0_fixed0.8_writes.jsonl.gz,198665,37ce4833c91ebc53093b4c1a6e322ec9b4f9c601536e3d506bd45e0d5948e95f
mosi/seed70/rate0_fixed0.95_observed_fit.jsonl.gz,790937,07fb72e3078061a96018657fb41147b8dee4e8b6cc948cae6831b0ef48f53b70
mosi/seed70/rate0_fixed0.95_retention.jsonl.gz,57,9cbdceb19542e44aee9ed285d22799d712608b4c213e7df8a55371379a78bc74
mosi/seed70/rate0_fixed0.95_writes.jsonl.gz,199079,c30cc6a7b59b1b3ee3ff1e44addf05c4c4dada25df52bcf895bc732612d679d6
mosi/seed70/rate0_fixed0.9_observed_fit.jsonl.gz,790730,6e33fe3dba2b74a88521a18cdec9e57400f13d4f94a1b0e7544dba54464d1021
mosi/seed70/rate0_fixed0.9_retention.jsonl.gz,56,d6258c7944c4871590550423294bf14ec1e4757ba41b60908a33c13c6e695402
mosi/seed70/rate0_fixed0.9_writes.jsonl.gz,198766,5174d0e02f717e581670e28f6a4067a89bd6861ebc0c6cfc572c9c5344917a10
mosi/seed70/rate0_reference_observed_fit.jsonl.gz,685876,5f76e582e621f0edf29fd3615d848d61afa7594b8bde8f009c9d9f45018b0787
mosi/seed70/rate0_reference_retention.jsonl.gz,57,9b0f1d51f376efd0c63f51b192222a4448638663ddca28ec1cf32ed696b45b6f
mosi/seed70/rate0_reference_writes.jsonl.gz,155616,7fb5f16c38fcc46f50326737485d0f3212e78305481b333b1c4654b6fa896adc
