dataset,rate,mode,section,modality,metric,n_seeds,mean,sample_std
iemocap4,0,fixed0.8,current_observed_write_fit,audio,err_after,5,0.13554215481786033,0.008143085800598322
iemocap4,0,fixed0.8,current_observed_write_fit,text,err_after,5,0.20370595968918653,0.004594379116257259
iemocap4,0,fixed0.8,current_observed_write_fit,visual,err_after,5,0.1287431078400886,0.006690308606864353
iemocap4,0,fixed0.8,task,,accuracy,5,0.849798549556809,0.0037623263593646017
iemocap4,0,fixed0.8,task,,macro_f1,5,0.8469221329355962,0.004761460817039343
iemocap4,0,fixed0.8,task,,weighted_f1,5,0.8497367318545869,0.0035894271704329387
iemocap4,0,fixed0.9,current_observed_write_fit,audio,err_after,5,0.070710715922818,0.004269317830707254
iemocap4,0,fixed0.9,current_observed_write_fit,text,err_after,5,0.10654878981817081,0.0024223505161955843
iemocap4,0,fixed0.9,current_observed_write_fit,visual,err_after,5,0.06693815583053891,0.0035842603934910996
iemocap4,0,fixed0.9,task,,accuracy,5,0.8448025785656729,0.0045796203830403654
iemocap4,0,fixed0.9,task,,macro_f1,5,0.8416671782889392,0.006647666751659232
iemocap4,0,fixed0.9,task,,weighted_f1,5,0.8447139265169631,0.00470038108088801
iemocap4,0,fixed0.95,current_observed_write_fit,audio,err_after,5,0.03677191198480083,0.002221301552869803
iemocap4,0,fixed0.95,current_observed_write_fit,text,err_after,5,0.05548049445498631,0.0012609970525354643
iemocap4,0,fixed0.95,current_observed_write_fit,visual,err_after,5,0.034783695105215,0.0018810827052267822
iemocap4,0,fixed0.95,task,,accuracy,5,0.84464141821112,0.004428245500091526
iemocap4,0,fixed0.95,task,,macro_f1,5,0.8412779018740765,0.006073887137069591
iemocap4,0,fixed0.95,task,,weighted_f1,5,0.8445171450704827,0.004522328395387574
iemocap4,0,reference,current_observed_write_fit,audio,err_after,5,0.0017162201370061333,7.70518854147612e-05
iemocap4,0,reference,current_observed_write_fit,text,err_after,5,0.0025622680165603598,6.0197878205885264e-05
iemocap4,0,reference,current_observed_write_fit,visual,err_after,5,0.001679648159369458,8.8084097799179e-05
iemocap4,0,reference,task,,accuracy,5,0.8435132957292506,0.004464752675969378
iemocap4,0,reference,task,,macro_f1,5,0.8400724013267017,0.006084817745323809
iemocap4,0,reference,task,,weighted_f1,5,0.8433435504685555,0.004726734805001648
iemocap4,0.1,fixed0.8,current_observed_write_fit,audio,err_after,5,0.1371139779524593,0.007988624851778677
iemocap4,0.1,fixed0.8,current_observed_write_fit,text,err_after,5,0.20403480317705971,0.004407664476023791
iemocap4,0.1,fixed0.8,current_observed_write_fit,visual,err_after,5,0.1308738562987591,0.0059074884894607495
iemocap4,0.1,fixed0.8,retention,audio,err_decay,5,0.1623172158585505,0.012711028826585927
iemocap4,0.1,fixed0.8,retention,text,err_decay,5,0.2288103590336596,0.006586642135457952
iemocap4,0.1,fixed0.8,retention,visual,err_decay,5,0.16274678690035616,0.00803307055244175
iemocap4,0.1,fixed0.8,task,,accuracy,5,0.8435132957292506,0.0034845686237614075
iemocap4,0.1,fixed0.8,task,,macro_f1,5,0.8407086215357578,0.0052704448671299755
iemocap4,0.1,fixed0.8,task,,weighted_f1,5,0.843422807876397,0.0034434207241103984
iemocap4,0.1,fixed0.9,current_observed_write_fit,audio,err_after,5,0.07154592425831742,0.004161271469161085
iemocap4,0.1,fixed0.9,current_observed_write_fit,text,err_after,5,0.10664498119086133,0.002300658684597152
iemocap4,0.1,fixed0.9,current_observed_write_fit,visual,err_after,5,0.06802820469165552,0.003151835109929809
iemocap4,0.1,fixed0.9,retention,audio,err_decay,5,0.10294117391463557,0.00857481417414609
iemocap4,0.1,fixed0.9,retention,text,err_decay,5,0.13995429606026938,0.005783540478406002
iemocap4,0.1,fixed0.9,retention,visual,err_decay,5,0.10752049980947648,0.00638608157078698
iemocap4,0.1,fixed0.9,task,,accuracy,5,0.8422240128928284,0.004780788710456531
iemocap4,0.1,fixed0.9,task,,macro_f1,5,0.8393504124251792,0.00721775296821218
iemocap4,0.1,fixed0.9,task,,weighted_f1,5,0.8420938739634498,0.00465734930540822
iemocap4,0.1,fixed0.95,current_observed_write_fit,audio,err_after,5,0.037206843273901884,0.002159370786592513
iemocap4,0.1,fixed0.95,current_observed_write_fit,text,err_after,5,0.055499282310416606,0.0011933406938864524
iemocap4,0.1,fixed0.95,current_observed_write_fit,visual,err_after,5,0.03533980926831496,0.001651232180322674
iemocap4,0.1,fixed0.95,retention,audio,err_decay,5,0.07356428776433696,0.007301342191402202
iemocap4,0.1,fixed0.95,retention,text,err_decay,5,0.09471543424184774,0.005972575230827075
iemocap4,0.1,fixed0.95,retention,visual,err_decay,5,0.08036326748713918,0.006116501826534841
iemocap4,0.1,fixed0.95,task,,accuracy,5,0.8417405318291701,0.005302396092300456
iemocap4,0.1,fixed0.95,task,,macro_f1,5,0.8389522878298605,0.008025854436573129
iemocap4,0.1,fixed0.95,task,,weighted_f1,5,0.8415887144368907,0.0052740952176985965
iemocap4,0.1,reference,current_observed_write_fit,audio,err_after,5,0.001708060532545842,7.909482396964331e-05
iemocap4,0.1,reference,current_observed_write_fit,text,err_after,5,0.0025287278599731536,5.577509721032536e-05
iemocap4,0.1,reference,current_observed_write_fit,visual,err_after,5,0.0016703857293794205,7.616936296232066e-05
iemocap4,0.1,reference,retention,audio,err_decay,5,0.04862622571605197,0.007142481030514798
iemocap4,0.1,reference,retention,text,err_decay,5,0.052607952148123846,0.0069118451562391
iemocap4,0.1,reference,retention,visual,err_decay,5,0.05714867751910292,0.006125989738205755
iemocap4,0.1,reference,task,,accuracy,5,0.8393231265108784,0.006257298520005562
iemocap4,0.1,reference,task,,macro_f1,5,0.8364963248673959,0.00902168840403232
iemocap4,0.1,reference,task,,weighted_f1,5,0.8392412622259674,0.006191524175350635
iemocap4,0.3,fixed0.8,current_observed_write_fit,audio,err_after,5,0.14196970767028114,0.006875057813588649
iemocap4,0.3,fixed0.8,current_observed_write_fit,text,err_after,5,0.2048522587194577,0.0037964776857942924
iemocap4,0.3,fixed0.8,current_observed_write_fit,visual,err_after,5,0.13574046609879092,0.006696640441021054
iemocap4,0.3,fixed0.8,retention,audio,err_decay,5,0.20275916728377125,0.009991166774843104
iemocap4,0.3,fixed0.8,retention,text,err_decay,5,0.257806880605817,0.01025171117012639
iemocap4,0.3,fixed0.8,retention,visual,err_decay,5,0.19896297199505866,0.010627690225408886
iemocap4,0.3,fixed0.8,task,,accuracy,5,0.8253021756647865,0.007524652718729252
iemocap4,0.3,fixed0.8,task,,macro_f1,5,0.8176388382681608,0.007099433738929675
iemocap4,0.3,fixed0.8,task,,weighted_f1,5,0.8251969503052723,0.0067212920565480954
iemocap4,0.3,fixed0.9,current_observed_write_fit,audio,err_after,5,0.07408018216963344,0.0035912348706359106
iemocap4,0.3,fixed0.9,current_observed_write_fit,text,err_after,5,0.10688221322557312,0.0020112739023264653
iemocap4,0.3,fixed0.9,current_observed_write_fit,visual,err_after,5,0.07048313945035183,0.003573000041621428
iemocap4,0.3,fixed0.9,retention,audio,err_decay,5,0.15089664778541273,0.008723860876541109
iemocap4,0.3,fixed0.9,retention,text,err_decay,5,0.17759947779439522,0.012103864083656806
iemocap4,0.3,fixed0.9,retention,visual,err_decay,5,0.15018244416545146,0.008430659247484998
iemocap4,0.3,fixed0.9,task,,accuracy,5,0.8220789685737309,0.006987746458881156
iemocap4,0.3,fixed0.9,task,,macro_f1,5,0.8143676868125124,0.007608349804688392
iemocap4,0.3,fixed0.9,task,,weighted_f1,5,0.821925043097375,0.006163871495460966
iemocap4,0.3,fixed0.95,current_observed_write_fit,audio,err_after,5,0.03851433145410579,0.0018635377657790033
iemocap4,0.3,fixed0.95,current_observed_write_fit,text,err_after,5,0.05554997501771109,0.0010494390040231027
iemocap4,0.3,fixed0.95,current_observed_write_fit,visual,err_after,5,0.036585401836168055,0.0018743645690932084
iemocap4,0.3,fixed0.95,retention,audio,err_decay,5,0.12606228071899955,0.009032595960961504
iemocap4,0.3,fixed0.95,retention,text,err_decay,5,0.1379901873256933,0.013479519148195795
iemocap4,0.3,fixed0.95,retention,visual,err_decay,5,0.12721745025881806,0.00820846753894251
iemocap4,0.3,fixed0.95,task,,accuracy,5,0.821917808219178,0.006293513034574244
iemocap4,0.3,fixed0.95,task,,macro_f1,5,0.8138986041200351,0.007169494876263983
iemocap4,0.3,fixed0.95,task,,weighted_f1,5,0.8217278562593208,0.005569241537014293
iemocap4,0.3,reference,current_observed_write_fit,audio,err_after,5,0.0017095100868207828,7.297340823771487e-05
iemocap4,0.3,reference,current_observed_write_fit,text,err_after,5,0.0024575856518830844,4.277813277505906e-05
iemocap4,0.3,reference,current_observed_write_fit,visual,err_after,5,0.0016622209957236143,8.918293307541987e-05
iemocap4,0.3,reference,retention,audio,err_decay,5,0.10561232533158643,0.009886671862499146
iemocap4,0.3,reference,retention,text,err_decay,5,0.10226713775622015,0.015079960724263403
iemocap4,0.3,reference,retention,visual,err_decay,5,0.10828461388977945,0.00864943972472781
iemocap4,0.3,reference,task,,accuracy,5,0.8201450443190975,0.006678925313489781
iemocap4,0.3,reference,task,,macro_f1,5,0.8120208908150497,0.008110205210784796
iemocap4,0.3,reference,task,,weighted_f1,5,0.8199327737698938,0.005976467383895326
iemocap4,0.5,fixed0.8,current_observed_write_fit,audio,err_after,5,0.14530837465044144,0.006761852214715524
iemocap4,0.5,fixed0.8,current_observed_write_fit,text,err_after,5,0.206304828227848,0.004746643874712524
iemocap4,0.5,fixed0.8,current_observed_write_fit,visual,err_after,5,0.1413720547093362,0.00711320751604717
iemocap4,0.5,fixed0.8,retention,audio,err_decay,5,0.2347419086310257,0.010584105325134837
iemocap4,0.5,fixed0.8,retention,text,err_decay,5,0.2970265770257651,0.00706200136702891
iemocap4,0.5,fixed0.8,retention,visual,err_decay,5,0.23250269521437772,0.008357428811277863
iemocap4,0.5,fixed0.8,task,,accuracy,5,0.805157131345689,0.011696622842328289
iemocap4,0.5,fixed0.8,task,,macro_f1,5,0.7960652994771763,0.013332098023347132
iemocap4,0.5,fixed0.8,task,,weighted_f1,5,0.8053251089702531,0.011080983805172147
iemocap4,0.5,fixed0.9,current_observed_write_fit,audio,err_after,5,0.07567931397295881,0.003587586814169637
iemocap4,0.5,fixed0.9,current_observed_write_fit,text,err_after,5,0.10750124428581181,0.002505649490832591
iemocap4,0.5,fixed0.9,current_observed_write_fit,visual,err_after,5,0.07324900193492814,0.003877143700512829
iemocap4,0.5,fixed0.9,retention,audio,err_decay,5,0.19105941272305396,0.012305577575335262
iemocap4,0.5,fixed0.9,retention,text,err_decay,5,0.2251347887532941,0.005585007881874211
iemocap4,0.5,fixed0.9,retention,visual,err_decay,5,0.18953381273184414,0.007624497539115657
iemocap4,0.5,fixed0.9,task,,accuracy,5,0.8032232070910557,0.011779598270172218
iemocap4,0.5,fixed0.9,task,,macro_f1,5,0.7930922764353932,0.013105083601375057
iemocap4,0.5,fixed0.9,task,,weighted_f1,5,0.8033852632097809,0.011134525154106708
iemocap4,0.5,fixed0.95,current_observed_write_fit,audio,err_after,5,0.03930382894372304,0.0018731452693969087
iemocap4,0.5,fixed0.95,current_observed_write_fit,text,err_after,5,0.05580890265445539,0.0013090495638457787
iemocap4,0.5,fixed0.95,current_observed_write_fit,visual,err_after,5,0.03796478131984318,0.0020560691639764394
iemocap4,0.5,fixed0.95,retention,audio,err_decay,5,0.17115941236396676,0.01331527921971715
iemocap4,0.5,fixed0.95,retention,text,err_decay,5,0.19068398947113913,0.005428446439437968
iemocap4,0.5,fixed0.95,retention,visual,err_decay,5,0.1702177490652975,0.007649078120374691
iemocap4,0.5,fixed0.95,task,,accuracy,5,0.8017727639000806,0.013191543548545457
iemocap4,0.5,fixed0.95,task,,macro_f1,5,0.7915512057092725,0.015058762396436982
iemocap4,0.5,fixed0.95,task,,weighted_f1,5,0.8019734351143294,0.012424339227909777
iemocap4,0.5,reference,current_observed_write_fit,audio,err_after,5,0.0016840815652178584,6.900548146722604e-05
iemocap4,0.5,reference,current_observed_write_fit,text,err_after,5,0.0023917888550858317,6.468258056214468e-05
iemocap4,0.5,reference,current_observed_write_fit,visual,err_after,5,0.0016469563109268858,0.00010144302309427366
iemocap4,0.5,reference,retention,audio,err_decay,5,0.15568881082092637,0.014281038200243831
iemocap4,0.5,reference,retention,text,err_decay,5,0.16048352810614447,0.005724095127818922
iemocap4,0.5,reference,retention,visual,err_decay,5,0.15496580082512468,0.008021244477664672
iemocap4,0.5,reference,task,,accuracy,5,0.8009669621273167,0.013639251313304408
iemocap4,0.5,reference,task,,macro_f1,5,0.7904721366469749,0.015558600917154244
iemocap4,0.5,reference,task,,weighted_f1,5,0.8011808613274906,0.012850627693409002
iemocap4,0.7,fixed0.8,current_observed_write_fit,audio,err_after,5,0.14960373540892405,0.006423718759751198
iemocap4,0.7,fixed0.8,current_observed_write_fit,text,err_after,5,0.2070802540835674,0.0031437363143400655
iemocap4,0.7,fixed0.8,current_observed_write_fit,visual,err_after,5,0.14367681224355394,0.0051623953070216114
iemocap4,0.7,fixed0.8,retention,audio,err_decay,5,0.2769944079288603,0.005816327351488554
iemocap4,0.7,fixed0.8,retention,text,err_decay,5,0.3228613344897209,0.006911401699352171
iemocap4,0.7,fixed0.8,retention,visual,err_decay,5,0.2727110941079992,0.01517552052162551
iemocap4,0.7,fixed0.8,task,,accuracy,5,0.783883964544722,0.01622045142960336
iemocap4,0.7,fixed0.8,task,,macro_f1,5,0.7769999739018532,0.01533735671838662
iemocap4,0.7,fixed0.8,task,,weighted_f1,5,0.7845100930477525,0.01509547157553026
iemocap4,0.7,fixed0.9,current_observed_write_fit,audio,err_after,5,0.07783105799792697,0.003234832704451597
iemocap4,0.7,fixed0.9,current_observed_write_fit,text,err_after,5,0.10770281710007007,0.0016267914433234576
iemocap4,0.7,fixed0.9,current_observed_write_fit,visual,err_after,5,0.07421595949358648,0.00274151256333165
iemocap4,0.7,fixed0.9,retention,audio,err_decay,5,0.23954815987943628,0.009046690292313815
iemocap4,0.7,fixed0.9,retention,text,err_decay,5,0.2575137734994685,0.007734149870782782
iemocap4,0.7,fixed0.9,retention,visual,err_decay,5,0.2363061885744679,0.015659328334824925
iemocap4,0.7,fixed0.9,task,,accuracy,5,0.7806607574536664,0.017556495695920906
iemocap4,0.7,fixed0.9,task,,macro_f1,5,0.772949733160654,0.01647611652765965
iemocap4,0.7,fixed0.9,task,,weighted_f1,5,0.781223381430438,0.016228535015672486
iemocap4,0.7,fixed0.95,current_observed_write_fit,audio,err_after,5,0.04038911247503432,0.0016493547524814806
iemocap4,0.7,fixed0.95,current_observed_write_fit,text,err_after,5,0.0558365869618171,0.0008452315258150501
iemocap4,0.7,fixed0.95,current_observed_write_fit,visual,err_after,5,0.03840174574923728,0.0014362683604244384
iemocap4,0.7,fixed0.95,retention,audio,err_decay,5,0.22331898520180246,0.010666832591316514
iemocap4,0.7,fixed0.95,retention,text,err_decay,5,0.22706310726056123,0.008316254186490244
iemocap4,0.7,fixed0.95,retention,visual,err_decay,5,0.22091752966446776,0.01600155009704348
iemocap4,0.7,fixed0.95,task,,accuracy,5,0.7793714746172442,0.017831721413697862
iemocap4,0.7,fixed0.95,task,,macro_f1,5,0.7717460016437951,0.016934168597315256
iemocap4,0.7,fixed0.95,task,,weighted_f1,5,0.7799001584562281,0.016448118240612007
iemocap4,0.7,reference,current_observed_write_fit,audio,err_after,5,0.0016693000876043852,6.271378321376056e-05
iemocap4,0.7,reference,current_observed_write_fit,text,err_after,5,0.0023133625976450726,4.281975170848774e-05
iemocap4,0.7,reference,current_observed_write_fit,visual,err_after,5,0.0015983698566350334,6.436791699239665e-05
iemocap4,0.7,reference,retention,audio,err_decay,5,0.21133708806386126,0.012171999535482933
iemocap4,0.7,reference,retention,text,err_decay,5,0.20095615646508075,0.00888990998664833
iemocap4,0.7,reference,retention,visual,err_decay,5,0.20954459865876848,0.016401425253939866
iemocap4,0.7,reference,task,,accuracy,5,0.7769540692989525,0.018210050384677948
iemocap4,0.7,reference,task,,macro_f1,5,0.7692576422002391,0.01670481414452083
iemocap4,0.7,reference,task,,weighted_f1,5,0.7775017997827897,0.01681879306755703
iemocap4,all,fixed0.8,current_observed_write_fit,audio,err_after,5,0.14190759009999326,0.007146256236111745
iemocap4,all,fixed0.8,current_observed_write_fit,text,err_after,5,0.20519562077942388,0.004067601979282381
iemocap4,all,fixed0.8,current_observed_write_fit,visual,err_after,5,0.13608125943810576,0.006178669349210969
iemocap4,all,fixed0.8,task,,accuracy,5,0.8215310233682515,0.005854802858258053
iemocap4,all,fixed0.8,task,,macro_f1,5,0.8156669732237088,0.006068773741355561
iemocap4,all,fixed0.8,task,,weighted_f1,5,0.8216383384108523,0.005136499259396645
iemocap4,all,fixed0.9,current_observed_write_fit,audio,err_after,5,0.07396943886433092,0.0037204248792516376
iemocap4,all,fixed0.9,current_observed_write_fit,text,err_after,5,0.10705600912409743,0.0021358615255517286
iemocap4,all,fixed0.9,current_observed_write_fit,visual,err_after,5,0.07058289228021218,0.0033134282888744944
iemocap4,all,fixed0.9,task,,accuracy,5,0.8185979049153909,0.005928642392237244
iemocap4,all,fixed0.9,task,,macro_f1,5,0.8122854574245356,0.006595314642783082
iemocap4,all,fixed0.9,task,,weighted_f1,5,0.8186682976436014,0.005197044694269678
iemocap4,all,fixed0.95,current_observed_write_fit,audio,err_after,5,0.03843720562631317,0.0019282912187369356
iemocap4,all,fixed0.95,current_observed_write_fit,text,err_after,5,0.0556350482798773,0.0011118927581053512
iemocap4,all,fixed0.95,current_observed_write_fit,visual,err_after,5,0.0366150866557557,0.001742007125627264
iemocap4,all,fixed0.95,task,,accuracy,5,0.8178887993553586,0.006076194205159981
iemocap4,all,fixed0.95,task,,macro_f1,5,0.8114852002354079,0.006894157549790956
iemocap4,all,fixed0.95,task,,weighted_f1,5,0.8179414618674503,0.005343482319732054
iemocap4,all,reference,current_observed_write_fit,audio,err_after,5,0.0016974344818390004,7.016524773627225e-05
iemocap4,all,reference,current_observed_write_fit,text,err_after,5,0.0024507465962295004,4.988992283330614e-05
iemocap4,all,reference,current_observed_write_fit,visual,err_after,5,0.0016515162104068822,8.19500792686637e-05
iemocap4,all,reference,task,,accuracy,5,0.8161804995970992,0.0060714904403354865
iemocap4,all,reference,task,,macro_f1,5,0.8096638791712722,0.006875217162571091
iemocap4,all,reference,task,,weighted_f1,5,0.8162400495149393,0.005383628798706091
mosi,0,fixed0.8,current_observed_write_fit,audio,err_after,5,0.03121194620815285,0.004340019041477297
mosi,0,fixed0.8,current_observed_write_fit,text,err_after,5,0.14636639530579396,0.009592394080223669
mosi,0,fixed0.8,current_observed_write_fit,visual,err_after,5,0.05975659368464686,0.008330807539965243
mosi,0,fixed0.8,task,,accuracy,5,0.8689024390243902,0.004820545213671279
mosi,0,fixed0.8,task,,correlation,5,0.7971288280403888,0.005271481220186181
mosi,0,fixed0.8,task,,macro_f1,5,0.864213708029172,0.005617680609473324
mosi,0,fixed0.8,task,,mae,5,0.7684238910675049,0.05169853299200678
mosi,0,fixed0.8,task,,predicted_sign_count,5,2.0,0.0
mosi,0,fixed0.8,task,,prediction_std,5,1.2555054664611816,0.2213750143028377
mosi,0,fixed0.8,task,,weighted_f1,5,0.8681235861256885,0.005192319931216876
mosi,0,fixed0.9,current_observed_write_fit,audio,err_after,5,0.01565325584529635,0.0023432051156588285
mosi,0,fixed0.9,current_observed_write_fit,text,err_after,5,0.07569701730322198,0.005073755164977472
mosi,0,fixed0.9,current_observed_write_fit,visual,err_after,5,0.030589251911667115,0.004391977472864737
mosi,0,fixed0.9,task,,accuracy,5,0.8682926829268293,0.005124309851820593
mosi,0,fixed0.9,task,,correlation,5,0.7965348051417056,0.0052724612779622435
mosi,0,fixed0.9,task,,macro_f1,5,0.863651108658125,0.005885533804668341
mosi,0,fixed0.9,task,,mae,5,0.7692973375320434,0.05159430820974911
mosi,0,fixed0.9,task,,predicted_sign_count,5,2.0,0.0
mosi,0,fixed0.9,task,,prediction_std,5,1.2543835997581483,0.22088934988373968
mosi,0,fixed0.9,task,,weighted_f1,5,0.86755109715939,0.0054704044618437055
mosi,0,fixed0.95,current_observed_write_fit,audio,err_after,5,0.008031053786497695,0.0012273222587478147
mosi,0,fixed0.95,current_observed_write_fit,text,err_after,5,0.03927909224931356,0.0026387634825979014
mosi,0,fixed0.95,current_observed_write_fit,visual,err_after,5,0.01581657191800597,0.0022889136996393365
mosi,0,fixed0.95,task,,accuracy,5,0.8685975609756098,0.005744342585797799
mosi,0,fixed0.95,task,,correlation,5,0.7962293443342495,0.00527510806096532
mosi,0,fixed0.95,task,,macro_f1,5,0.8639776434934612,0.00654367382706495
mosi,0,fixed0.95,task,,mae,5,0.7697974443435669,0.051514819849352696
mosi,0,fixed0.95,task,,predicted_sign_count,5,2.0,0.0
mosi,0,fixed0.95,task,,prediction_std,5,1.2537632942199708,0.22061972317033243
mosi,0,fixed0.95,task,,weighted_f1,5,0.8678632536293991,0.006102418619910917
mosi,0,reference,current_observed_write_fit,audio,err_after,5,0.0006292991670857151,0.00016986513556997652
mosi,0,reference,current_observed_write_fit,text,err_after,5,0.0018527971866964272,9.223965295914003e-05
mosi,0,reference,current_observed_write_fit,visual,err_after,5,0.0010283448356646443,3.611356681162907e-05
mosi,0,reference,task,,accuracy,5,0.8685975609756098,0.005744342585797799
mosi,0,reference,task,,correlation,5,0.7959183568119824,0.005280163732890558
mosi,0,reference,task,,macro_f1,5,0.8639776434934612,0.00654367382706495
mosi,0,reference,task,,mae,5,0.7703336238861084,0.05141672917195231
mosi,0,reference,task,,predicted_sign_count,5,2.0,0.0
mosi,0,reference,task,,prediction_std,5,1.253101372718811,0.2203301022153018
mosi,0,reference,task,,weighted_f1,5,0.8678632536293991,0.006102418619910917
mosi,0.1,fixed0.8,current_observed_write_fit,audio,err_after,5,0.035160639281779434,0.003920259928321832
mosi,0.1,fixed0.8,current_observed_write_fit,text,err_after,5,0.14802745461793185,0.00866079932581901
mosi,0.1,fixed0.8,current_observed_write_fit,visual,err_after,5,0.06308226470853846,0.0076299848749744655
mosi,0.1,fixed0.8,retention,audio,err_decay,5,0.06568928475861427,0.011549768053899135
mosi,0.1,fixed0.8,retention,text,err_decay,5,0.16010944698957078,0.014574198345768341
mosi,0.1,fixed0.8,retention,visual,err_decay,5,0.07872437108482365,0.007260415305994459
mosi,0.1,fixed0.8,task,,accuracy,5,0.8472560975609756,0.011529067317798203
mosi,0.1,fixed0.8,task,,correlation,5,0.7538454844102307,0.014743375910653018
mosi,0.1,fixed0.8,task,,macro_f1,5,0.8419828082389681,0.012106202009267954
mosi,0.1,fixed0.8,task,,mae,5,0.8267241358757019,0.04206162561352697
mosi,0.1,fixed0.8,task,,predicted_sign_count,5,2.0,0.0
mosi,0.1,fixed0.8,task,,prediction_std,5,1.201936137676239,0.18816034960095152
mosi,0.1,fixed0.8,task,,weighted_f1,5,0.8464608517641973,0.011677449195206717
mosi,0.1,fixed0.9,current_observed_write_fit,audio,err_after,5,0.017755582661414325,0.0021282001592683405
mosi,0.1,fixed0.9,current_observed_write_fit,text,err_after,5,0.07652774200674577,0.004551987028601339
mosi,0.1,fixed0.9,current_observed_write_fit,visual,err_after,5,0.032365258902056424,0.003983640156981763
mosi,0.1,fixed0.9,retention,audio,err_decay,5,0.05317358685181787,0.008833026407697278
mosi,0.1,fixed0.9,retention,text,err_decay,5,0.09300078190937154,0.006968618286184806
mosi,0.1,fixed0.9,retention,visual,err_decay,5,0.052880926389409756,0.004681831598630929
mosi,0.1,fixed0.9,task,,accuracy,5,0.8478658536585366,0.01122265995079633
mosi,0.1,fixed0.9,task,,correlation,5,0.7529408436404323,0.015001410722377147
mosi,0.1,fixed0.9,task,,macro_f1,5,0.8426071935530365,0.011850147080928818
mosi,0.1,fixed0.9,task,,mae,5,0.82775958776474,0.042107021535099966
mosi,0.1,fixed0.9,task,,predicted_sign_count,5,2.0,0.0
mosi,0.1,fixed0.9,task,,prediction_std,5,1.2013531446456909,0.18774783310638246
mosi,0.1,fixed0.9,task,,weighted_f1,5,0.8470691233991986,0.011403894613739148
mosi,0.1,fixed0.95,current_observed_write_fit,audio,err_after,5,0.009136791441444919,0.001122182732088184
mosi,0.1,fixed0.95,current_observed_write_fit,text,err_after,5,0.03968394212430087,0.0023640936347108983
mosi,0.1,fixed0.95,current_observed_write_fit,visual,err_after,5,0.016747392115423327,0.0020623270965285617
mosi,0.1,fixed0.95,retention,audio,err_decay,5,0.04821159861278716,0.007738951898156242
mosi,0.1,fixed0.95,retention,text,err_decay,5,0.06013998660411394,0.0036438606937774344
mosi,0.1,fixed0.95,retention,visual,err_decay,5,0.04118811185579515,0.00413414808138864
mosi,0.1,fixed0.95,task,,accuracy,5,0.8490853658536586,0.011659343399983499
mosi,0.1,fixed0.95,task,,correlation,5,0.7524589841824738,0.015105617671376635
mosi,0.1,fixed0.95,task,,macro_f1,5,0.843826756651469,0.012352373568178535
mosi,0.1,fixed0.95,task,,mae,5,0.8283328890800477,0.042077457999462206
mosi,0.1,fixed0.95,task,,predicted_sign_count,5,2.0,0.0
mosi,0.1,fixed0.95,task,,prediction_std,5,1.2010165929794312,0.187518940244851
mosi,0.1,fixed0.95,task,,weighted_f1,5,0.8482705683899849,0.011873808422492308
mosi,0.1,reference,current_observed_write_fit,audio,err_after,5,0.0006262901740387946,0.00015197213905301157
mosi,0.1,reference,current_observed_write_fit,text,err_after,5,0.001833802411985943,7.398179292226006e-05
mosi,0.1,reference,current_observed_write_fit,visual,err_after,5,0.0010171327093018725,3.562239836795178e-05
mosi,0.1,reference,retention,audio,err_decay,5,0.04481478831780192,0.006993985144064422
mosi,0.1,reference,retention,text,err_decay,5,0.03062863969282388,0.002819715440503488
mosi,0.1,reference,retention,visual,err_decay,5,0.032389939370584854,0.004445357045288839
mosi,0.1,reference,task,,accuracy,5,0.848780487804878,0.01132571684207727
mosi,0.1,reference,task,,correlation,5,0.7519618704364015,0.01519330154701255
mosi,0.1,reference,task,,macro_f1,5,0.8435283048679112,0.012011782445154866
mosi,0.1,reference,task,,mae,5,0.8289300203323364,0.042015898508079026
mosi,0.1,reference,task,,predicted_sign_count,5,2.0,0.0
mosi,0.1,reference,task,,prediction_std,5,1.200644302368164,0.18727289060177363
mosi,0.1,reference,task,,weighted_f1,5,0.8479731209288482,0.011539862161874843
mosi,0.3,fixed0.8,current_observed_write_fit,audio,err_after,5,0.04199353977485465,0.004207920698220078
mosi,0.3,fixed0.8,current_observed_write_fit,text,err_after,5,0.15268281599104644,0.008449521037921657
mosi,0.3,fixed0.8,current_observed_write_fit,visual,err_after,5,0.07038667176175942,0.007141492328476015
mosi,0.3,fixed0.8,retention,audio,err_decay,5,0.09256801951897564,0.02245420570181934
mosi,0.3,fixed0.8,retention,text,err_decay,5,0.18320979278259325,0.008949227908321642
mosi,0.3,fixed0.8,retention,visual,err_decay,5,0.1162268529577398,0.0060394633489588906
mosi,0.3,fixed0.8,task,,accuracy,5,0.801219512195122,0.00967717698055114
mosi,0.3,fixed0.8,task,,correlation,5,0.6794268874768185,0.012500630576048723
mosi,0.3,fixed0.8,task,,macro_f1,5,0.7950653797251193,0.00963101185602024
mosi,0.3,fixed0.8,task,,mae,5,0.9346964597702027,0.018554681426996525
mosi,0.3,fixed0.8,task,,predicted_sign_count,5,2.0,0.0
mosi,0.3,fixed0.8,task,,prediction_std,5,1.0986332774162293,0.14512486629349955
mosi,0.3,fixed0.8,task,,weighted_f1,5,0.8005596007710071,0.009495750801781552
mosi,0.3,fixed0.9,current_observed_write_fit,audio,err_after,5,0.021225128461030224,0.0023297263339480917
mosi,0.3,fixed0.9,current_observed_write_fit,text,err_after,5,0.07882848544291601,0.004547647363840211
mosi,0.3,fixed0.9,current_observed_write_fit,visual,err_after,5,0.036283892286344994,0.0037205077067748974
mosi,0.3,fixed0.9,retention,audio,err_decay,5,0.0811780112732034,0.02406653239058716
mosi,0.3,fixed0.9,retention,text,err_decay,5,0.11593841083260935,0.008482929082018842
mosi,0.3,fixed0.9,retention,visual,err_decay,5,0.09250899881588522,0.008935785425670828
mosi,0.3,fixed0.9,task,,accuracy,5,0.798170731707317,0.010971374521613758
mosi,0.3,fixed0.9,task,,correlation,5,0.6783410671407724,0.012288690904676228
mosi,0.3,fixed0.9,task,,macro_f1,5,0.7919348411084108,0.010884730816378155
mosi,0.3,fixed0.9,task,,mae,5,0.935627794265747,0.018566328720405093
mosi,0.3,fixed0.9,task,,predicted_sign_count,5,2.0,0.0
mosi,0.3,fixed0.9,task,,prediction_std,5,1.0986990332603455,0.1452626339557549
mosi,0.3,fixed0.9,task,,weighted_f1,5,0.7975108014036918,0.010753599329648943
mosi,0.3,fixed0.95,current_observed_write_fit,audio,err_after,5,0.010921544613682858,0.0012515986210223273
mosi,0.3,fixed0.95,current_observed_write_fit,text,err_after,5,0.04081447583601522,0.002384633776885773
mosi,0.3,fixed0.95,current_observed_write_fit,visual,err_after,5,0.018807425332948238,0.0019243462998494814
mosi,0.3,fixed0.95,retention,audio,err_decay,5,0.07695484416325103,0.024910859845305233
mosi,0.3,fixed0.95,retention,text,err_decay,5,0.08307001581496068,0.009481293718258671
mosi,0.3,fixed0.95,retention,visual,err_decay,5,0.0821954140806372,0.010853399521095292
mosi,0.3,fixed0.95,task,,accuracy,5,0.7978658536585366,0.00997282148402202
mosi,0.3,fixed0.95,task,,correlation,5,0.6777810678387978,0.012184018347757576
mosi,0.3,fixed0.95,task,,macro_f1,5,0.7914989623604305,0.009996887070035888
mosi,0.3,fixed0.95,task,,mae,5,0.9360927700996399,0.01849747336737221
mosi,0.3,fixed0.95,task,,predicted_sign_count,5,2.0,0.0
mosi,0.3,fixed0.95,task,,prediction_std,5,1.0987338066101073,0.14529199837924475
mosi,0.3,fixed0.95,task,,weighted_f1,5,0.7971395553711985,0.009822116823531105
mosi,0.3,reference,current_observed_write_fit,audio,err_after,5,0.0006312168816476741,0.0001356306613299739
mosi,0.3,reference,current_observed_write_fit,text,err_after,5,0.0018206109942404433,6.874099762942446e-05
mosi,0.3,reference,current_observed_write_fit,visual,err_after,5,0.0010186150130391614,3.371411807445027e-05
mosi,0.3,reference,retention,audio,err_decay,5,0.07440684583094152,0.025830066398055098
mosi,0.3,reference,retention,text,err_decay,5,0.0535061338580483,0.011550092810100185
mosi,0.3,reference,retention,visual,err_decay,5,0.07489230892767812,0.01264064074735381
mosi,0.3,reference,task,,accuracy,5,0.7969512195121952,0.010134615938167484
mosi,0.3,reference,task,,correlation,5,0.6772131225673473,0.01208210495180467
mosi,0.3,reference,task,,macro_f1,5,0.7905263683634711,0.010167768157158988
mosi,0.3,reference,task,,mae,5,0.9365581631660461,0.018383901115757287
mosi,0.3,reference,task,,predicted_sign_count,5,2.0,0.0
mosi,0.3,reference,task,,prediction_std,5,1.098762571811676,0.14528902944761868
mosi,0.3,reference,task,,weighted_f1,5,0.7962037670482967,0.009982374364397554
mosi,0.5,fixed0.8,current_observed_write_fit,audio,err_after,5,0.0504829217599168,0.005266909548948731
mosi,0.5,fixed0.8,current_observed_write_fit,text,err_after,5,0.15366574858456844,0.009257161506204488
mosi,0.5,fixed0.8,current_observed_write_fit,visual,err_after,5,0.07864764921644106,0.006221983714783964
mosi,0.5,fixed0.8,retention,audio,err_decay,5,0.11747515378753016,0.021098987507304413
mosi,0.5,fixed0.8,retention,text,err_decay,5,0.20578479501132127,0.01928403606319687
mosi,0.5,fixed0.8,retention,visual,err_decay,5,0.15448230619665765,0.008004184436333099
mosi,0.5,fixed0.8,task,,accuracy,5,0.7634146341463415,0.015523353192806058
mosi,0.5,fixed0.8,task,,correlation,5,0.6140405868760003,0.028827989485587666
mosi,0.5,fixed0.8,task,,macro_f1,5,0.7550546441593358,0.015511861664805796
mosi,0.5,fixed0.8,task,,mae,5,1.0158897519111634,0.01936214164409306
mosi,0.5,fixed0.8,task,,predicted_sign_count,5,2.0,0.0
mosi,0.5,fixed0.8,task,,prediction_std,5,0.9961771965026855,0.09926631401413114
mosi,0.5,fixed0.8,task,,weighted_f1,5,0.762080415135038,0.015275198137009493
mosi,0.5,fixed0.9,current_observed_write_fit,audio,err_after,5,0.025391285728865502,0.0028694092043020218
mosi,0.5,fixed0.9,current_observed_write_fit,text,err_after,5,0.07931970121024269,0.004882287669972109
mosi,0.5,fixed0.9,current_observed_write_fit,visual,err_after,5,0.0404112136669061,0.003272839990035847
mosi,0.5,fixed0.9,retention,audio,err_decay,5,0.10437461572665674,0.022776230559742688
mosi,0.5,fixed0.9,retention,text,err_decay,5,0.1415606092764132,0.020575726746480706
mosi,0.5,fixed0.9,retention,visual,err_decay,5,0.13182930384822403,0.011359983974071028
mosi,0.5,fixed0.9,task,,accuracy,5,0.7640243902439025,0.017158703433238064
mosi,0.5,fixed0.9,task,,correlation,5,0.6127221644187087,0.02917631711380586
mosi,0.5,fixed0.9,task,,macro_f1,5,0.7557566335510452,0.01699849222976294
mosi,0.5,fixed0.9,task,,mae,5,1.0171216130256653,0.019094770300735465
mosi,0.5,fixed0.9,task,,predicted_sign_count,5,2.0,0.0
mosi,0.5,fixed0.9,task,,prediction_std,5,0.9963782429695129,0.09961689157231955
mosi,0.5,fixed0.9,task,,weighted_f1,5,0.7627330091769858,0.016808665238181062
mosi,0.5,fixed0.95,current_observed_write_fit,audio,err_after,5,0.013033951511464081,0.0015272177104729045
mosi,0.5,fixed0.95,current_observed_write_fit,text,err_after,5,0.04103332043463517,0.0025517329647269937
mosi,0.5,fixed0.95,current_observed_write_fit,visual,err_after,5,0.020903986789222163,0.0016945129248842256
mosi,0.5,fixed0.95,retention,audio,err_decay,5,0.09952957327009461,0.023678628005819453
mosi,0.5,fixed0.95,retention,text,err_decay,5,0.11025036588821277,0.022684639543516388
mosi,0.5,fixed0.95,retention,visual,err_decay,5,0.12240110118406726,0.013368458512418378
mosi,0.5,fixed0.95,task,,accuracy,5,0.7640243902439025,0.017158703433238064
mosi,0.5,fixed0.95,task,,correlation,5,0.6119921319343083,0.029344363731158254
mosi,0.5,fixed0.95,task,,macro_f1,5,0.7559744928127545,0.017147476568731546
mosi,0.5,fixed0.95,task,,mae,5,1.0178157448768617,0.019042084413476885
mosi,0.5,fixed0.95,task,,predicted_sign_count,5,2.0,0.0
mosi,0.5,fixed0.95,task,,prediction_std,5,0.996493649482727,0.09982643119331655
mosi,0.5,fixed0.95,task,,weighted_f1,5,0.7628558564441068,0.01689685272222994
mosi,0.5,reference,current_observed_write_fit,audio,err_after,5,0.0006332727294617548,8.182476832525428e-05
mosi,0.5,reference,current_observed_write_fit,text,err_after,5,0.0017463287379681307,6.846328663360269e-05
mosi,0.5,reference,current_observed_write_fit,visual,err_after,5,0.0009946685043208728,4.7423824098815694e-05
mosi,0.5,reference,retention,audio,err_decay,5,0.09648730054809188,0.024730090220641977
mosi,0.5,reference,retention,text,err_decay,5,0.08194382318548368,0.025511896376738303
mosi,0.5,reference,retention,visual,err_decay,5,0.1160163891332281,0.015183582705302347
mosi,0.5,reference,task,,accuracy,5,0.7643292682926829,0.01661515438224231
mosi,0.5,reference,task,,correlation,5,0.6112179130933563,0.029507710583969393
mosi,0.5,reference,task,,macro_f1,5,0.7563977817068932,0.016795512912889228
mosi,0.5,reference,task,,mae,5,1.0185763597488404,0.019019724655408615
mosi,0.5,reference,task,,predicted_sign_count,5,2.0,0.0
mosi,0.5,reference,task,,prediction_std,5,0.9966144323348999,0.10005633459186475
mosi,0.5,reference,task,,weighted_f1,5,0.7632160592176126,0.016454028635218134
mosi,0.7,fixed0.8,current_observed_write_fit,audio,err_after,5,0.058983607670441196,0.007105179831974797
mosi,0.7,fixed0.8,current_observed_write_fit,text,err_after,5,0.15569114845572016,0.006743896377209376
mosi,0.7,fixed0.8,current_observed_write_fit,visual,err_after,5,0.08533191280113006,0.00657410580334016
mosi,0.7,fixed0.8,retention,audio,err_decay,5,0.153538687109278,0.027449570209230004
mosi,0.7,fixed0.8,retention,text,err_decay,5,0.2328761026860684,0.015912867742688276
mosi,0.7,fixed0.8,retention,visual,err_decay,5,0.18940857962482677,0.011303930813947857
mosi,0.7,fixed0.8,task,,accuracy,5,0.7341463414634146,0.025361749198884658
mosi,0.7,fixed0.8,task,,correlation,5,0.5571567562893234,0.043944183182196644
mosi,0.7,fixed0.8,task,,macro_f1,5,0.7251795242302145,0.02846360791511936
mosi,0.7,fixed0.8,task,,mae,5,1.0712114095687866,0.0469278979075747
mosi,0.7,fixed0.8,task,,predicted_sign_count,5,2.0,0.0
mosi,0.7,fixed0.8,task,,prediction_std,5,0.9222377300262451,0.10362070768192955
mosi,0.7,fixed0.8,task,,weighted_f1,5,0.7328044158218189,0.026749696814068063
mosi,0.7,fixed0.9,current_observed_write_fit,audio,err_after,5,0.029362804303174065,0.003869973672444966
mosi,0.7,fixed0.9,current_observed_write_fit,text,err_after,5,0.07994032232967664,0.003613764864135242
mosi,0.7,fixed0.9,current_observed_write_fit,visual,err_after,5,0.04363516384868679,0.0034529513724127023
mosi,0.7,fixed0.9,retention,audio,err_decay,5,0.1378060653509976,0.028827248730807015
mosi,0.7,fixed0.9,retention,text,err_decay,5,0.1716504865081272,0.01832517472159871
mosi,0.7,fixed0.9,retention,visual,err_decay,5,0.16691093893627534,0.013560922690754127
mosi,0.7,fixed0.9,task,,accuracy,5,0.7338414634146342,0.027620504188662614
mosi,0.7,fixed0.9,task,,correlation,5,0.5548027779014314,0.045499806431287225
mosi,0.7,fixed0.9,task,,macro_f1,5,0.7246394207711269,0.031335434776031956
mosi,0.7,fixed0.9,task,,mae,5,1.0733527898788453,0.04769650931882769
mosi,0.7,fixed0.9,task,,predicted_sign_count,5,2.0,0.0
mosi,0.7,fixed0.9,task,,prediction_std,5,0.9234053373336792,0.10344252512980091
mosi,0.7,fixed0.9,task,,weighted_f1,5,0.7323632723759073,0.029359924960928506
mosi,0.7,fixed0.95,current_observed_write_fit,audio,err_after,5,0.014988297674969403,0.002056692665272023
mosi,0.7,fixed0.95,current_observed_write_fit,text,err_after,5,0.04122518747602991,0.0019041867665518905
mosi,0.7,fixed0.95,current_observed_write_fit,visual,err_after,5,0.02250799736687267,0.001797560035206352
mosi,0.7,fixed0.95,retention,audio,err_decay,5,0.1320919962269523,0.029624455177102466
mosi,0.7,fixed0.95,retention,text,err_decay,5,0.1424130476748883,0.020375799429526716
mosi,0.7,fixed0.95,retention,visual,err_decay,5,0.15790561582391516,0.014788011521165483
mosi,0.7,fixed0.95,task,,accuracy,5,0.7323170731707317,0.029727564038322853
mosi,0.7,fixed0.95,task,,correlation,5,0.5535226971482833,0.04635490418741917
mosi,0.7,fixed0.95,task,,macro_f1,5,0.7228577787779934,0.03383027314192537
mosi,0.7,fixed0.95,task,,mae,5,1.0745170831680297,0.048160248128754135
mosi,0.7,fixed0.95,task,,predicted_sign_count,5,2.0,0.0
mosi,0.7,fixed0.95,task,,prediction_std,5,0.9240115284919739,0.10329332529663021
mosi,0.7,fixed0.95,task,,weighted_f1,5,0.7307106672180073,0.0316746712265531
mosi,0.7,reference,current_observed_write_fit,audio,err_after,5,0.0006431217818033271,8.724572458839755e-05
mosi,0.7,reference,current_observed_write_fit,text,err_after,5,0.0016845006665763924,6.648641049052826e-05
mosi,0.7,reference,current_observed_write_fit,visual,err_after,5,0.0009675323285308753,7.315068937027259e-05
mosi,0.7,reference,retention,audio,err_decay,5,0.1283638805013155,0.030631142806146254
mosi,0.7,reference,retention,text,err_decay,5,0.11616334444297063,0.02273803515202927
mosi,0.7,reference,retention,visual,err_decay,5,0.15197024034949563,0.01581079179037615
mosi,0.7,reference,task,,accuracy,5,0.7295731707317074,0.03036560877558226
mosi,0.7,reference,task,,correlation,5,0.5521845339313857,0.04724775067888795
mosi,0.7,reference,task,,macro_f1,5,0.7202265301349696,0.03450586221093382
mosi,0.7,reference,task,,mae,5,1.075709581375122,0.048635448186658686
mosi,0.7,reference,task,,predicted_sign_count,5,2.0,0.0
mosi,0.7,reference,task,,prediction_std,5,0.9246264934539795,0.10310970436448304
mosi,0.7,reference,task,,weighted_f1,5,0.728062083529328,0.032324578535066165
mosi,all,fixed0.8,current_observed_write_fit,audio,err_after,5,0.043566530939028986,0.004627215210892885
mosi,all,fixed0.8,current_observed_write_fit,text,err_after,5,0.15128671259101217,0.008154271263150534
mosi,all,fixed0.8,current_observed_write_fit,visual,err_after,5,0.07144101843450316,0.007104415727531606
mosi,all,fixed0.8,task,,accuracy,5,0.8029878048780488,0.003458720195339476
mosi,all,fixed0.8,task,,correlation,5,0.6803197086185523,0.008144892703620855
mosi,all,fixed0.8,task,,macro_f1,5,0.7962992128765619,0.0035058085699508227
mosi,all,fixed0.8,task,,mae,5,0.9233891296386719,0.028224648775426943
mosi,all,fixed0.8,task,,predicted_sign_count,5,2.0,0.0
mosi,all,fixed0.8,task,,prediction_std,5,1.0948979616165162,0.1470000671041643
mosi,all,fixed0.8,task,,weighted_f1,5,0.80200577392355,0.0034112726554211387
mosi,all,fixed0.9,current_observed_write_fit,audio,err_after,5,0.021877611399956094,0.0025277583696310807
mosi,all,fixed0.9,current_observed_write_fit,text,err_after,5,0.07806265365856062,0.0043290141157681
mosi,all,fixed0.9,current_observed_write_fit,visual,err_after,5,0.03665695612313229,0.003724053332424971
mosi,all,fixed0.9,task,,accuracy,5,0.802439024390244,0.003613801704612702
mosi,all,fixed0.9,task,,correlation,5,0.6790683316486101,0.00844421292589936
mosi,all,fixed0.9,task,,macro_f1,5,0.7957178395283488,0.003823959962210057
mosi,all,fixed0.9,task,,mae,5,0.9246318244934082,0.028469141049759644
mosi,all,fixed0.9,task,,predicted_sign_count,5,2.0,0.0
mosi,all,fixed0.9,task,,prediction_std,5,1.0948438715934754,0.14696893248830636
mosi,all,fixed0.9,task,,weighted_f1,5,0.8014454607030347,0.003653431540426055
mosi,all,fixed0.95,current_observed_write_fit,audio,err_after,5,0.011222327805611792,0.0013434546388875234
mosi,all,fixed0.95,current_observed_write_fit,text,err_after,5,0.040407203624058946,0.002258304278441975
mosi,all,fixed0.95,current_observed_write_fit,visual,err_after,5,0.018956674704494473,0.0019318716397325048
mosi,all,fixed0.95,task,,accuracy,5,0.8023780487804878,0.004875189710916909
mosi,all,fixed0.95,task,,correlation,5,0.6783968450876225,0.008612831570753864
mosi,all,fixed0.95,task,,macro_f1,5,0.7956271268192218,0.00536051040771973
mosi,all,fixed0.95,task,,mae,5,0.9253111863136292,0.02857968308889754
mosi,all,fixed0.95,task,,predicted_sign_count,5,2.0,0.0
mosi,all,fixed0.95,task,,prediction_std,5,1.094803774356842,0.14692741259009567
mosi,all,fixed0.95,task,,weighted_f1,5,0.8013679802105393,0.005060837155914735
mosi,all,reference,current_observed_write_fit,audio,err_after,5,0.0006326401468074532,0.00012051080255362525
mosi,all,reference,current_observed_write_fit,text,err_after,5,0.0017876079994934672,5.473053283901852e-05
mosi,all,reference,current_observed_write_fit,visual,err_after,5,0.0010052586781714853,3.961609612804239e-05
mosi,all,reference,task,,accuracy,5,0.8016463414634146,0.00511341477956875
mosi,all,reference,task,,correlation,5,0.6776991593680947,0.008793761435112433
mosi,all,reference,task,,macro_f1,5,0.7949313257133412,0.005801789056327287
mosi,all,reference,task,,mae,5,0.9260215497016907,0.02867897202368914
mosi,all,reference,task,,predicted_sign_count,5,2.0,0.0
mosi,all,reference,task,,prediction_std,5,1.094749834537506,0.146867854945048
mosi,all,reference,task,,weighted_f1,5,0.800663656870697,0.005412054385527941
