group,rate,mode,n_seeds,mean,sd
one_missing,0.0,normal,0,,
one_missing,0.0,no_gap,0,,
one_missing,0.0,no_base,0,,
one_missing,0.0,base_to_gap,0,,
one_missing,0.0,gap_to_base,0,,
one_missing,0.0,move_base_to_gap,0,,
one_missing,0.0,move_gap_to_base,0,,
one_missing,0.0,swap,0,,
one_missing,0.1,normal,5,80.35111815225078,2.53459293918685
one_missing,0.1,no_gap,5,79.21843771838378,1.5379431809171882
one_missing,0.1,no_base,5,78.80888885041234,3.2842136771160404
one_missing,0.1,base_to_gap,5,80.03717053189197,2.3598119773402764
one_missing,0.1,gap_to_base,5,79.14911912687606,3.2716263321959747
one_missing,0.1,move_base_to_gap,5,79.77425438797034,1.9209765724260373
one_missing,0.1,move_gap_to_base,5,78.36931586448162,3.3062198645818444
one_missing,0.1,swap,5,80.08519866246404,2.5023065044844146
one_missing,0.2,normal,5,79.7324337460206,1.4822171358300216
one_missing,0.2,no_gap,5,78.12668330012382,1.9828970772821206
one_missing,0.2,no_base,5,77.75830101827147,1.513539591037946
one_missing,0.2,base_to_gap,5,79.4117700286,1.5273321799598292
one_missing,0.2,gap_to_base,5,78.52142746823893,1.1063235137244605
one_missing,0.2,move_base_to_gap,5,78.41446562983909,1.8619362292919879
one_missing,0.2,move_gap_to_base,5,77.1359703527036,1.872788927214575
one_missing,0.2,swap,5,79.6339573874313,1.3699594175848735
one_missing,0.3,normal,5,79.73567692381083,2.4719417444380762
one_missing,0.3,no_gap,5,79.03179722580296,3.3115740810800607
one_missing,0.3,no_base,5,78.97508703167645,2.4891158107892375
one_missing,0.3,base_to_gap,5,79.74795036617472,3.0793649310028157
one_missing,0.3,gap_to_base,5,79.48724559016107,2.3979403889072826
one_missing,0.3,move_base_to_gap,5,80.04085742683914,2.3784829588417926
one_missing,0.3,move_gap_to_base,5,78.56576918956048,2.8931865703190955
one_missing,0.3,swap,5,80.01475384610639,2.4452469813855946
one_missing,0.4,normal,5,78.7564814016068,2.428817750323309
one_missing,0.4,no_gap,5,78.21507643231384,2.209392961339653
one_missing,0.4,no_base,5,77.79516428457731,3.039392475198206
one_missing,0.4,base_to_gap,5,77.90413794904606,2.2246154707796086
one_missing,0.4,gap_to_base,5,78.34518149739704,2.8385627360152896
one_missing,0.4,move_base_to_gap,5,78.45659913952922,2.33868122329356
one_missing,0.4,move_gap_to_base,5,76.91440459160708,2.443635164606168
one_missing,0.4,swap,5,78.38466095536134,2.5716179175176856
one_missing,0.5,normal,5,79.75539219287482,0.910757391892623
one_missing,0.5,no_gap,5,78.07009366597379,0.9544292377675279
one_missing,0.5,no_base,5,78.37411016247034,1.0213077264956272
one_missing,0.5,base_to_gap,5,79.36231273720821,0.7232390261648601
one_missing,0.5,gap_to_base,5,79.78921355497565,1.1449647676240549
one_missing,0.5,move_base_to_gap,5,79.11999512672315,1.2920077632719522
one_missing,0.5,move_gap_to_base,5,78.13438823112955,1.0736758177178745
one_missing,0.5,swap,5,79.83124250852805,1.0052020025570343
one_missing,0.6,normal,5,78.13921932946717,5.839952700289221
one_missing,0.6,no_gap,5,78.23155156734612,5.769802944137488
one_missing,0.6,no_base,5,77.36186004549468,4.9456100500572395
one_missing,0.6,base_to_gap,5,78.02762406618488,4.838191583011249
one_missing,0.6,gap_to_base,5,77.61962003817594,6.075044501097408
one_missing,0.6,move_base_to_gap,5,78.37462580498922,5.096105387438402
one_missing,0.6,move_gap_to_base,5,76.31061676098822,5.367964558569713
one_missing,0.6,swap,5,78.56136013739092,5.4787042876566545
one_missing,0.7,normal,5,77.80089944789204,2.8346539119274894
one_missing,0.7,no_gap,5,77.5711077436378,3.35304439769787
one_missing,0.7,no_base,5,77.76163626413845,2.060414115112835
one_missing,0.7,base_to_gap,5,78.75340420825344,2.5862760590595486
one_missing,0.7,gap_to_base,5,77.58288428248649,1.6177644630668493
one_missing,0.7,move_base_to_gap,5,78.60204483307656,2.1327908415300514
one_missing,0.7,move_gap_to_base,5,77.48476244728691,3.0609805384144666
one_missing,0.7,swap,5,77.92881288833958,2.4362062435622103
AT,0.0,normal,0,,
AT,0.0,no_gap,0,,
AT,0.0,no_base,0,,
AT,0.0,base_to_gap,0,,
AT,0.0,gap_to_base,0,,
AT,0.0,move_base_to_gap,0,,
AT,0.0,move_gap_to_base,0,,
AT,0.0,swap,0,,
AT,0.1,normal,5,84.61605937534445,3.442993648030121
AT,0.1,no_gap,5,83.93655835337869,2.324479772811707
AT,0.1,no_base,5,83.45539329765849,1.8006042378401834
AT,0.1,base_to_gap,5,84.92769546736021,2.126569389665335
AT,0.1,gap_to_base,5,82.19661265561558,1.493590365123541
AT,0.1,move_base_to_gap,5,84.70240197557898,3.0919362642234067
AT,0.1,move_gap_to_base,5,82.30884222978925,1.7593261316705366
AT,0.1,swap,5,83.7865494866445,3.150733952841669
AT,0.2,normal,5,86.62988905380124,3.5988453162349696
AT,0.2,no_gap,5,86.49425664937888,4.366665521715318
AT,0.2,no_base,5,85.22222900098116,4.339737542496069
AT,0.2,base_to_gap,5,86.33410463459046,3.1310348999671063
AT,0.2,gap_to_base,5,85.62009035387166,3.2001014785184236
AT,0.2,move_base_to_gap,5,86.43384832537993,4.140117478266649
AT,0.2,move_gap_to_base,5,84.98621042036443,4.2338139011638924
AT,0.2,swap,5,86.89362044612106,3.5816088350141815
AT,0.3,normal,5,88.78620753991585,4.000059783072337
AT,0.3,no_gap,5,88.5873798088192,3.8669447831830355
AT,0.3,no_base,5,88.37477334277828,4.276417405919663
AT,0.3,base_to_gap,5,88.94651662652183,3.7250824895426358
AT,0.3,gap_to_base,5,88.56652650463086,3.8569706386458984
AT,0.3,move_base_to_gap,5,88.56652650463086,3.8569706386458984
AT,0.3,move_gap_to_base,5,88.36795910377467,4.369030658386312
AT,0.3,swap,5,88.56652650463086,3.8569706386458984
AT,0.4,normal,5,84.83774144250236,3.2365009018285584
AT,0.4,no_gap,5,84.66452090903307,3.162340909133894
AT,0.4,no_base,5,84.67761232322353,4.448992568831037
AT,0.4,base_to_gap,5,84.60322986545049,2.3894258277182616
AT,0.4,gap_to_base,5,84.28560489630385,4.040985508312038
AT,0.4,move_base_to_gap,5,84.89275786747473,3.519106940785097
AT,0.4,move_gap_to_base,5,84.9553054230639,4.757828232595268
AT,0.4,swap,5,84.60715005101619,2.9732669444097533
AT,0.5,normal,5,84.45436919748772,4.703634956935768
AT,0.5,no_gap,5,83.94408334334666,4.925387057057186
AT,0.5,no_base,5,83.90736019140087,4.859544241984757
AT,0.5,base_to_gap,5,84.39925801266183,4.582110495658085
AT,0.5,gap_to_base,5,85.0614316065317,6.104729281175981
AT,0.5,move_base_to_gap,5,84.5165274016025,5.550453406557448
AT,0.5,move_gap_to_base,5,83.37384462243044,4.76394649460396
AT,0.5,swap,5,84.45436919748772,4.703634956935768
AT,0.6,normal,5,87.94240627359795,5.199400841342594
AT,0.6,no_gap,5,89.15216027141365,4.921665973638834
AT,0.6,no_base,5,87.32359690664602,4.011072318852676
AT,0.6,base_to_gap,5,87.64957014779183,4.801744014063791
AT,0.6,gap_to_base,5,87.31711131967916,4.595853207935321
AT,0.6,move_base_to_gap,5,88.56376822249528,5.185622150289171
AT,0.6,move_gap_to_base,5,87.3061373930931,3.8400980874935065
AT,0.6,swap,5,88.26543309897218,5.437471325257637
AT,0.7,normal,5,92.24245442779888,0.9263088344382544
AT,0.7,no_gap,5,91.79893568239333,1.8220926792718373
AT,0.7,no_base,5,91.18769920682308,2.7598632899332944
AT,0.7,base_to_gap,5,92.12357693951401,2.3790679851916385
AT,0.7,gap_to_base,5,91.18769920682308,2.7598632899332944
AT,0.7,move_base_to_gap,5,92.24245442779888,0.9263088344382544
AT,0.7,move_gap_to_base,5,89.84320596437291,2.7947918684412247
AT,0.7,swap,5,92.24245442779888,0.9263088344382544
AV,0.0,normal,0,,
AV,0.0,no_gap,0,,
AV,0.0,no_base,0,,
AV,0.0,base_to_gap,0,,
AV,0.0,gap_to_base,0,,
AV,0.0,move_base_to_gap,0,,
AV,0.0,move_gap_to_base,0,,
AV,0.0,swap,0,,
AV,0.1,normal,5,66.86434883675891,8.05995247943951
AV,0.1,no_gap,5,63.48069066460327,6.18637247207448
AV,0.1,no_base,5,63.9376310048727,6.331672511119044
AV,0.1,base_to_gap,5,66.02639365004072,6.535987864088572
AV,0.1,gap_to_base,5,66.3111416655756,7.527797178236279
AV,0.1,move_base_to_gap,5,65.91185159819076,6.2834863245769785
AV,0.1,move_gap_to_base,5,63.06489085129741,7.573479035991212
AV,0.1,swap,5,67.74247616683468,6.112342871751189
AV,0.2,normal,5,66.76005097021752,2.7156049093093224
AV,0.2,no_gap,5,62.05981242725103,1.8984674743217378
AV,0.2,no_base,5,61.64083358789191,2.2178919065187643
AV,0.2,base_to_gap,5,66.49961588565803,1.0602355595280897
AV,0.2,gap_to_base,5,64.09096285264896,1.5864746794461926
AV,0.2,move_base_to_gap,5,62.88886825455303,1.1354658498280745
AV,0.2,move_gap_to_base,5,59.62037703724454,2.3040088819279765
AV,0.2,swap,5,66.07416956071707,1.6362026374497816
AV,0.3,normal,5,65.59101475317729,4.894686380134609
AV,0.3,no_gap,5,62.76519719935076,8.271420620779203
AV,0.3,no_base,5,62.780487615736995,4.532848978927329
AV,0.3,base_to_gap,5,66.76698973084032,5.7451884652788605
AV,0.3,gap_to_base,5,64.65259621317028,3.9113391907448585
AV,0.3,move_base_to_gap,5,66.36701224022283,4.590722534164657
AV,0.3,move_gap_to_base,5,60.882346859678904,6.67423488301366
AV,0.3,swap,5,66.49838057259896,4.668812260845601
AV,0.4,normal,5,62.09390204230292,6.445437256219076
AV,0.4,no_gap,5,60.065394764211575,4.048454206464172
AV,0.4,no_base,5,59.92013066333135,6.954572837414376
AV,0.4,base_to_gap,5,60.53368418531527,7.041021623060487
AV,0.4,gap_to_base,5,62.612341017047775,7.360435307818098
AV,0.4,move_base_to_gap,5,61.81034256828179,3.921876326893486
AV,0.4,move_gap_to_base,5,56.47433058720844,4.547118775536718
AV,0.4,swap,5,61.92342275408631,7.325270533941457
AV,0.5,normal,5,65.76075455673879,3.8717322312006153
AV,0.5,no_gap,5,60.23107592416397,4.511523442662674
AV,0.5,no_base,5,61.450811438454906,4.089813758329529
AV,0.5,base_to_gap,5,65.29179357489707,5.633913647386105
AV,0.5,gap_to_base,5,65.42110168607091,3.150332634726971
AV,0.5,move_base_to_gap,5,63.38880722527249,1.3976778775205296
AV,0.5,move_gap_to_base,5,60.71047627007599,5.169631763895861
AV,0.5,swap,5,66.08884997049906,5.5672730416753415
AV,0.6,normal,5,57.193091027846116,11.808665388940382
AV,0.6,no_gap,5,55.40616700186655,8.43257910227208
AV,0.6,no_base,5,54.27620127069186,9.126648102487811
AV,0.6,base_to_gap,5,57.777777061240755,8.251387651696838
AV,0.6,gap_to_base,5,56.32044834284745,11.43966668924102
AV,0.6,move_base_to_gap,5,56.745863685330825,7.076913297767345
AV,0.6,move_gap_to_base,5,49.79592357228747,11.440723851287133
AV,0.6,swap,5,58.035701288023226,11.758500492038422
AV,0.7,normal,5,56.4508443909575,3.6237136680587314
AV,0.7,no_gap,5,55.00952973841862,6.181788181987152
AV,0.7,no_base,5,54.87271920608855,7.308031895432522
AV,0.7,base_to_gap,5,59.33560622962849,2.9764356223613895
AV,0.7,gap_to_base,5,55.77337874287027,6.847595932456668
AV,0.7,move_base_to_gap,5,57.764421597470744,4.582350762673068
AV,0.7,move_gap_to_base,5,55.924529873551535,6.118113502950802
AV,0.7,swap,5,56.492874168139394,2.845992370229716
TV,0.0,normal,0,,
TV,0.0,no_gap,0,,
TV,0.0,no_base,0,,
TV,0.0,base_to_gap,0,,
TV,0.0,gap_to_base,0,,
TV,0.0,move_base_to_gap,0,,
TV,0.0,move_gap_to_base,0,,
TV,0.0,swap,0,,
TV,0.1,normal,5,88.54678786209209,2.9242795737436746
TV,0.1,no_gap,5,88.54678786209209,2.9242795737436746
TV,0.1,no_base,5,87.53964886962798,4.130476263545362
TV,0.1,base_to_gap,5,88.54678786209209,2.9242795737436746
TV,0.1,gap_to_base,5,87.53964886962798,4.130476263545362
TV,0.1,move_base_to_gap,5,87.81876239262587,4.041860888856611
TV,0.1,move_gap_to_base,5,87.53964886962798,4.130476263545362
TV,0.1,swap,5,87.81876239262587,4.041860888856611
TV,0.2,normal,5,87.03952454715018,2.531751068429521
TV,0.2,no_gap,5,86.76945730851288,2.621703501390636
TV,0.2,no_base,5,87.26021086287815,2.4002532249086186
TV,0.2,base_to_gap,5,86.73654953638302,2.1939928254727685
TV,0.2,gap_to_base,5,87.00411212577289,2.5073945406328098
TV,0.2,move_base_to_gap,5,87.09993496367812,2.7418143680453424
TV,0.2,move_gap_to_base,5,87.26021086287815,2.4002532249086186
TV,0.2,swap,5,87.30730589445332,2.582682807458174
TV,0.3,normal,5,85.64016188950825,3.002694960253468
TV,0.3,no_gap,5,85.86115815786822,3.2179150823886555
TV,0.3,no_base,5,85.89629089989737,3.514680444079573
TV,0.3,base_to_gap,5,84.55081723979755,4.332876196710383
TV,0.3,gap_to_base,5,85.89629089989737,3.514680444079573
TV,0.3,move_base_to_gap,5,85.87599591347437,2.989717517791312
TV,0.3,move_gap_to_base,5,86.4297904807791,4.309558619248868
TV,0.3,swap,5,85.87599591347437,2.989717517791312
TV,0.4,normal,5,89.19842862065619,2.4681909144563257
TV,0.4,no_gap,5,88.96159377886066,2.8485730018978197
TV,0.4,no_base,5,87.84994502024384,3.2751494308655604
TV,0.4,base_to_gap,5,88.5210032711956,2.665544150209114
TV,0.4,gap_to_base,5,87.8643803993831,3.280757360574853
TV,0.4,move_base_to_gap,5,88.29479327734478,3.2220134488447516
TV,0.4,move_gap_to_base,5,87.66975629072435,3.2315679630580862
TV,0.4,swap,5,88.51165745942635,3.1017992277945177
TV,0.5,normal,5,88.88916894900923,4.874195171615881
TV,0.5,no_gap,5,88.88916894900923,4.874195171615881
TV,0.5,no_base,5,88.65999156380697,4.352488166656921
TV,0.5,base_to_gap,5,88.3745137753334,5.1875720889582135
TV,0.5,gap_to_base,5,88.65999156380697,4.352488166656921
TV,0.5,move_base_to_gap,5,89.14170503420516,4.061208533621372
TV,0.5,move_gap_to_base,5,88.65999156380697,4.352488166656921
TV,0.5,swap,5,88.90648011461789,4.3610091032824725
TV,0.6,normal,5,85.99693489852041,5.723788435694793
TV,0.6,no_gap,5,85.99693489852041,5.723788435694793
TV,0.6,no_base,5,86.05914325141686,5.535766279912171
TV,0.6,base_to_gap,5,85.66495452864086,5.626698469780221
TV,0.6,gap_to_base,5,86.05914325141686,5.535766279912171
TV,0.6,move_base_to_gap,5,86.35910740756019,4.970672695116044
TV,0.6,move_gap_to_base,5,86.05914325141686,5.535766279912171
TV,0.6,swap,5,86.35910740756019,4.970672695116044
TV,0.7,normal,5,82.62365807958639,6.547967034307036
TV,0.7,no_gap,5,82.62365807958639,6.547967034307036
TV,0.7,no_base,5,83.07431120005083,6.793340620159007
TV,0.7,base_to_gap,5,83.16955654166698,5.653726230771505
TV,0.7,gap_to_base,5,82.62365807958639,6.547967034307036
TV,0.7,move_base_to_gap,5,83.10028047457612,6.284577285775928
TV,0.7,move_gap_to_base,5,83.07431120005083,6.793340620159007
TV,0.7,swap,5,83.10028047457612,6.284577285775928
