section,rate,mode,modality,metric,n_seeds,mean,sample_std,positive,zero,negative,sign_flip_p_two_sided
retention,0.1,fixed0.9,audio,decay_damage,5,0.009044602046214599,0.00031385263655430036,,,,
retention,0.1,fixed0.9,audio,err_decay,5,0.10294117391463557,0.00857481417414609,,,,
retention,0.1,fixed0.9,audio,err_post,5,0.3191379654822628,0.015247769565447634,,,,
retention,0.1,fixed0.9,audio,write_damage,5,0.21619679168242098,0.014032530319092979,,,,
retention,0.1,fixed0.9,text,decay_damage,5,0.010779532470776813,0.00046698303204406984,,,,
retention,0.1,fixed0.9,text,err_decay,5,0.13995429606026938,0.005783540478406002,,,,
retention,0.1,fixed0.9,text,err_post,5,0.31950690337049786,0.01122790509554981,,,,
retention,0.1,fixed0.9,text,write_damage,5,0.17955260728003608,0.014582434337290204,,,,
retention,0.1,fixed0.9,visual,decay_damage,5,0.009591742104738794,0.00024748792184348995,,,,
retention,0.1,fixed0.9,visual,err_decay,5,0.10752049980947648,0.00638608157078698,,,,
retention,0.1,fixed0.9,visual,err_post,5,0.31559588616093515,0.021842821584442375,,,,
retention,0.1,fixed0.9,visual,write_damage,5,0.20807538625611793,0.017207455949816444,,,,
retention,0.1,global,audio,decay_damage,5,0.016238716384927417,0.00044913485808656595,,,,
retention,0.1,global,audio,err_decay,5,0.05209657150055294,0.0064344769035201204,,,,
retention,0.1,global,audio,err_post,5,0.308861276980619,0.016138408532403697,,,,
retention,0.1,global,audio,write_damage,5,0.256764705475776,0.013940881229724453,,,,
retention,0.1,global,text,decay_damage,5,0.01645043576455288,0.0005934117858004529,,,,
retention,0.1,global,text,err_decay,5,0.05819389383450682,0.008061723241227071,,,,
retention,0.1,global,text,err_post,5,0.2819457757767304,0.01375385296635241,,,,
retention,0.1,global,text,write_damage,5,0.22375188209426652,0.015126845632642367,,,,
retention,0.1,global,visual,decay_damage,5,0.01604895992280341,0.000605186053661059,,,,
retention,0.1,global,visual,err_decay,5,0.0598239913752447,0.007303373894135851,,,,
retention,0.1,global,visual,err_post,5,0.30549067246093004,0.020685648458919386,,,,
retention,0.1,global,visual,write_damage,5,0.24566668090330568,0.016885792903184087,,,,
retention,0.1,global-minus-fixed0.9,audio,decay_damage,5,0.007194114338712819,0.00040454967855152007,5,0,0,
retention,0.1,global-minus-fixed0.9,audio,err_decay,5,-0.05084460241408263,0.005741434869066284,0,0,5,
retention,0.1,global-minus-fixed0.9,audio,err_post,5,-0.010276688501643838,0.0045498420518196876,0,0,5,
retention,0.1,global-minus-fixed0.9,audio,write_damage,5,0.040567913793355066,0.007755294358579464,5,0,0,
retention,0.1,global-minus-fixed0.9,text,decay_damage,5,0.005670903293776065,0.0003135162107687349,5,0,0,
retention,0.1,global-minus-fixed0.9,text,err_decay,5,-0.08176040222576256,0.005788860695524286,0,0,5,
retention,0.1,global-minus-fixed0.9,text,err_post,5,-0.037561127593767486,0.004186690650105633,0,0,5,
retention,0.1,global-minus-fixed0.9,text,write_damage,5,0.04419927481423046,0.0028700878048554114,5,0,0,
retention,0.1,global-minus-fixed0.9,visual,decay_damage,5,0.006457217818064619,0.0006034115415887929,5,0,0,
retention,0.1,global-minus-fixed0.9,visual,err_decay,5,-0.047696508434231774,0.002969815453392516,0,0,5,
retention,0.1,global-minus-fixed0.9,visual,err_post,5,-0.010105213700005111,0.003128559649535057,0,0,5,
retention,0.1,global-minus-fixed0.9,visual,write_damage,5,0.03759129464718774,0.005559235491996235,5,0,0,
retention,0.1,protected,audio,decay_damage,5,0.01710193227232103,0.00030146229481032964,,,,
retention,0.1,protected,audio,err_decay,5,0.03689685047485003,0.002952324445521106,,,,
retention,0.1,protected,audio,err_post,5,0.036957745073985915,0.0029569548177033208,,,,
retention,0.1,protected,audio,write_damage,5,6.089459913588707e-05,7.273983250359776e-06,,,,
retention,0.1,protected,text,decay_damage,5,0.017463999407619755,0.00046447779692232374,,,,
retention,0.1,protected,text,err_decay,5,0.044158678158809445,0.006658001093252895,,,,
retention,0.1,protected,text,err_post,5,0.04423404514710043,0.006648497571100139,,,,
retention,0.1,protected,text,write_damage,5,7.53669882909828e-05,1.1119213035760565e-05,,,,
retention,0.1,protected,visual,decay_damage,5,0.017038534817981926,0.0005299328587241195,,,,
retention,0.1,protected,visual,err_decay,5,0.039881212956662485,0.004709251340175283,,,,
retention,0.1,protected,visual,err_post,5,0.03993762678168148,0.004708861601810336,,,,
retention,0.1,protected,visual,write_damage,5,5.641382501899546e-05,1.1294736657703334e-05,,,,
retention,0.1,reference,audio,decay_damage,5,0.01734420100141962,0.0005100497032991699,,,,
retention,0.1,reference,audio,err_decay,5,0.04862622571605197,0.007142481030514798,,,,
retention,0.1,reference,audio,err_post,5,0.33358330690551763,0.01626338016203465,,,,
retention,0.1,reference,audio,write_damage,5,0.28495708137154363,0.015871580939078755,,,,
retention,0.1,reference,text,decay_damage,5,0.01719838740017647,0.0005162784328675515,,,,
retention,0.1,reference,text,err_decay,5,0.052607952148123846,0.0069118451562391,,,,
retention,0.1,reference,text,err_post,5,0.3050271959427545,0.016144544642764533,,,,
retention,0.1,reference,text,write_damage,5,0.2524192437649365,0.018104200093873254,,,,
retention,0.1,reference,visual,decay_damage,5,0.01689713186991672,0.0004356043900883903,,,,
retention,0.1,reference,visual,err_decay,5,0.05714867751910292,0.006125989738205755,,,,
retention,0.1,reference,visual,err_post,5,0.3325189632800372,0.023405525822699412,,,,
retention,0.1,reference,visual,write_damage,5,0.2753702858139852,0.02067215233286599,,,,
retention,0.3,fixed0.9,audio,decay_damage,5,0.008099838872647255,0.00036264030326709,,,,
retention,0.3,fixed0.9,audio,err_decay,5,0.15089664778541273,0.008723860876541109,,,,
retention,0.3,fixed0.9,audio,err_post,5,0.3213017335029979,0.017464221865925757,,,,
retention,0.3,fixed0.9,audio,write_damage,5,0.17040508579291144,0.010845581820981198,,,,
retention,0.3,fixed0.9,text,decay_damage,5,0.00981543211859966,0.00042840803003497654,,,,
retention,0.3,fixed0.9,text,err_decay,5,0.17759947779439522,0.012103864083656806,,,,
retention,0.3,fixed0.9,text,err_post,5,0.32816224135922123,0.016999101275890473,,,,
retention,0.3,fixed0.9,text,write_damage,5,0.15056276355724996,0.007886660723839522,,,,
retention,0.3,fixed0.9,visual,decay_damage,5,0.008846519105036584,0.000212814911151149,,,,
retention,0.3,fixed0.9,visual,err_decay,5,0.15018244416545146,0.008430659247484998,,,,
retention,0.3,fixed0.9,visual,err_post,5,0.31579569397089524,0.015290575434343525,,,,
retention,0.3,fixed0.9,visual,write_damage,5,0.16561324981513162,0.0119797913719582,,,,
retention,0.3,global,audio,decay_damage,5,0.012143793928320538,0.000517489991836363,,,,
retention,0.3,global,audio,err_decay,5,0.11286608493471595,0.007877026154398734,,,,
retention,0.3,global,audio,err_post,5,0.3057933775490557,0.015200447696775728,,,,
retention,0.3,global,audio,write_damage,5,0.19292729255933458,0.008032905303309194,,,,
retention,0.3,global,text,decay_damage,5,0.012986051735728529,0.0005256215817628837,,,,
retention,0.3,global,text,err_decay,5,0.11724314054566348,0.012125932965726637,,,,
retention,0.3,global,text,err_post,5,0.29416301661145894,0.015737612648447624,,,,
retention,0.3,global,text,write_damage,5,0.1769198759306638,0.005775192821752127,,,,
retention,0.3,global,visual,decay_damage,5,0.012282595962309864,0.0004509360918222191,,,,
retention,0.3,global,visual,err_decay,5,0.11517494596243091,0.008882069765163744,,,,
retention,0.3,global,visual,err_post,5,0.30201388971591275,0.013862287996493021,,,,
retention,0.3,global,visual,write_damage,5,0.18683894383758134,0.014840746397358343,,,,
retention,0.3,global-minus-fixed0.9,audio,decay_damage,5,0.004043955055673284,0.00016499787187899221,5,0,0,
retention,0.3,global-minus-fixed0.9,audio,err_decay,5,-0.03803056285069679,0.0034780456695730788,0,0,5,
retention,0.3,global-minus-fixed0.9,audio,err_post,5,-0.01550835595394221,0.0036937363053727917,0,0,5,
retention,0.3,global-minus-fixed0.9,audio,write_damage,5,0.022522206766423115,0.005138312554691702,5,0,0,
retention,0.3,global-minus-fixed0.9,text,decay_damage,5,0.003170619617128868,0.00017221411176199174,5,0,0,
retention,0.3,global-minus-fixed0.9,text,err_decay,5,-0.06035633724873173,0.004349252793385838,0,0,5,
retention,0.3,global-minus-fixed0.9,text,err_post,5,-0.03399922474776228,0.004505602682911678,0,0,5,
retention,0.3,global-minus-fixed0.9,text,write_damage,5,0.026357112373413833,0.00282069428203311,5,0,0,
retention,0.3,global-minus-fixed0.9,visual,decay_damage,5,0.00343607685727328,0.0003601296970445969,5,0,0,
retention,0.3,global-minus-fixed0.9,visual,err_decay,5,-0.03500749820302056,0.006057794946376007,0,0,5,
retention,0.3,global-minus-fixed0.9,visual,err_post,5,-0.013781804254982488,0.003945305664634757,0,0,5,
retention,0.3,global-minus-fixed0.9,visual,write_damage,5,0.02122569402244972,0.004561776403647158,5,0,0,
retention,0.3,protected,audio,decay_damage,5,0.014512183545924241,0.00031879896252978875,,,,
retention,0.3,protected,audio,err_decay,5,0.06705169506295972,0.003221911080554005,,,,
retention,0.3,protected,audio,err_post,5,0.06709469228626484,0.0032234871917020433,,,,
retention,0.3,protected,audio,write_damage,5,4.299722330512647e-05,1.0641203602858894e-05,,,,
retention,0.3,protected,text,decay_damage,5,0.015193775607473736,0.0003657560622198737,,,,
retention,0.3,protected,text,err_decay,5,0.08398901101274762,0.004197198585031578,,,,
retention,0.3,protected,text,err_post,5,0.08403859961187563,0.004197373103238334,,,,
retention,0.3,protected,text,write_damage,5,4.9588599127996e-05,5.908142807117536e-06,,,,
retention,0.3,protected,visual,decay_damage,5,0.01466590674935391,0.0005163196023260311,,,,
retention,0.3,protected,visual,err_decay,5,0.07009841356625054,0.007252457963797024,,,,
retention,0.3,protected,visual,err_post,5,0.07013443853136461,0.0072446621608562725,,,,
retention,0.3,protected,visual,write_damage,5,3.6024965114079975e-05,1.0031257996800855e-05,,,,
retention,0.3,reference,audio,decay_damage,5,0.01409659812318446,0.0005882431047440002,,,,
retention,0.3,reference,audio,err_decay,5,0.10561232533158643,0.009886671862499146,,,,
retention,0.3,reference,audio,err_post,5,0.33032979554586317,0.018362609447422195,,,,
retention,0.3,reference,audio,write_damage,5,0.22471747022577973,0.010029632820218796,,,,
retention,0.3,reference,text,decay_damage,5,0.014593009903056607,0.0006617749299451561,,,,
retention,0.3,reference,text,err_decay,5,0.10226713775622015,0.015079960724263403,,,,
retention,0.3,reference,text,err_post,5,0.3111707841050873,0.019644514075399137,,,,
retention,0.3,reference,text,write_damage,5,0.2089036463132989,0.008127291383993658,,,,
retention,0.3,reference,visual,decay_damage,5,0.013953425351635967,0.0005696259813253758,,,,
retention,0.3,reference,visual,err_decay,5,0.10828461388977945,0.00864943972472781,,,,
retention,0.3,reference,visual,err_post,5,0.3263432791675312,0.014796063017013862,,,,
retention,0.3,reference,visual,write_damage,5,0.2180586652305956,0.01604700898121252,,,,
retention,0.5,fixed0.9,audio,decay_damage,5,0.007480295940278851,0.00036018098552927465,,,,
retention,0.5,fixed0.9,audio,err_decay,5,0.19105941272305396,0.012305577575335262,,,,
retention,0.5,fixed0.9,audio,err_post,5,0.32629206456992466,0.01334513682728599,,,,
retention,0.5,fixed0.9,audio,write_damage,5,0.13523265182631725,0.00525247476090217,,,,
retention,0.5,fixed0.9,text,decay_damage,5,0.009090091713163854,0.00023245828155242935,,,,
retention,0.5,fixed0.9,text,err_decay,5,0.2251347887532941,0.005585007881874211,,,,
retention,0.5,fixed0.9,text,err_post,5,0.3514095999569103,0.012463396154529,,,,
retention,0.5,fixed0.9,text,write_damage,5,0.12627481122152517,0.010828067890556367,,,,
retention,0.5,fixed0.9,visual,decay_damage,5,0.008295361636354647,0.0003966380237501634,,,,
retention,0.5,fixed0.9,visual,err_decay,5,0.18953381273184414,0.007624497539115657,,,,
retention,0.5,fixed0.9,visual,err_post,5,0.3174303919771042,0.013739390701510583,,,,
retention,0.5,fixed0.9,visual,write_damage,5,0.1278965793146215,0.007426786574351094,,,,
retention,0.5,global,audio,decay_damage,5,0.009648684050554277,0.0005331318439886576,,,,
retention,0.5,global,audio,err_decay,5,0.1631032981396587,0.014029404230142747,,,,
retention,0.5,global,audio,err_post,5,0.3081030140695751,0.013225867366319687,,,,
retention,0.5,global,audio,write_damage,5,0.1449997159178747,0.004860066973497799,,,,
retention,0.5,global,text,decay_damage,5,0.010507941425057024,0.0001983709062249861,,,,
retention,0.5,global,text,err_decay,5,0.18577415796243016,0.007488276674795912,,,,
retention,0.5,global,text,err_post,5,0.32262421287496423,0.015962610301822992,,,,
retention,0.5,global,text,write_damage,5,0.13685005495466604,0.008823813984870742,,,,
retention,0.5,global,visual,decay_damage,5,0.009966437174468884,0.0003562217617736535,,,,
retention,0.5,global,visual,err_decay,5,0.163712916519555,0.007386290213632313,,,,
retention,0.5,global,visual,err_post,5,0.29951497524946585,0.014290892259954332,,,,
retention,0.5,global,visual,write_damage,5,0.13580205872369464,0.010067019468382097,,,,
retention,0.5,global-minus-fixed0.9,audio,decay_damage,5,0.002168388110275426,0.00019017782969165504,5,0,0,
retention,0.5,global-minus-fixed0.9,audio,err_decay,5,-0.027956114583395236,0.0027852720831224856,0,0,5,
retention,0.5,global-minus-fixed0.9,audio,err_post,5,-0.01818905050034959,0.002772146578446306,0,0,5,
retention,0.5,global-minus-fixed0.9,audio,write_damage,5,0.009767064091557453,0.004388237708679616,5,0,0,
retention,0.5,global-minus-fixed0.9,text,decay_damage,5,0.0014178497118931689,0.00011921409626422906,5,0,0,
retention,0.5,global-minus-fixed0.9,text,err_decay,5,-0.039360630790863944,0.006528824324073012,0,0,5,
retention,0.5,global-minus-fixed0.9,text,err_post,5,-0.028785387081946057,0.004875180635846683,0,0,5,
retention,0.5,global-minus-fixed0.9,text,write_damage,5,0.010575243733140885,0.002691344747554617,5,0,0,
retention,0.5,global-minus-fixed0.9,visual,decay_damage,5,0.0016710755381142378,0.0001234594319107467,5,0,0,
retention,0.5,global-minus-fixed0.9,visual,err_decay,5,-0.025820896212289147,0.0034288854305329994,0,0,5,
retention,0.5,global-minus-fixed0.9,visual,err_post,5,-0.017915416727638345,0.0025331260343892845,0,0,5,
retention,0.5,global-minus-fixed0.9,visual,write_damage,5,0.007905479409073138,0.0033613150233901957,5,0,0,
retention,0.5,protected,audio,decay_damage,5,0.012951738076304054,0.00046617893476864203,,,,
retention,0.5,protected,audio,err_decay,5,0.09560012972457158,0.008104600722817113,,,,
retention,0.5,protected,audio,err_post,5,0.09563081205842505,0.008102654648613114,,,,
retention,0.5,protected,audio,write_damage,5,3.068233385347217e-05,3.873521479065418e-06,,,,
retention,0.5,protected,text,decay_damage,5,0.013674027487059866,0.0003492341093071956,,,,
retention,0.5,protected,text,err_decay,5,0.13581972583550486,0.01029414432388408,,,,
retention,0.5,protected,text,err_post,5,0.13585716189982522,0.010293208881011835,,,,
retention,0.5,protected,text,write_damage,5,3.743606432035511e-05,3.2424996844428297e-06,,,,
retention,0.5,protected,visual,decay_damage,5,0.01340416233541171,0.0002949320109346232,,,,
retention,0.5,protected,visual,err_decay,5,0.10041768920142952,0.006065147113703034,,,,
retention,0.5,protected,visual,err_post,5,0.10044325558449634,0.006063441399824154,,,,
retention,0.5,protected,visual,write_damage,5,2.5566383066810747e-05,3.241973765272055e-06,,,,
retention,0.5,reference,audio,decay_damage,5,0.01162862406946197,0.000551802725333539,,,,
retention,0.5,reference,audio,err_decay,5,0.15568881082092637,0.014281038200243831,,,,
retention,0.5,reference,audio,err_post,5,0.3322348693774201,0.014141420269612688,,,,
retention,0.5,reference,audio,write_damage,5,0.17654605852394697,0.0054428404962395946,,,,
retention,0.5,reference,text,decay_damage,5,0.01209686633175878,0.0001108317249666065,,,,
retention,0.5,reference,text,err_decay,5,0.16048352810614447,0.005724095127818922,,,,
retention,0.5,reference,text,err_post,5,0.33159825640175056,0.016509423427118503,,,,
retention,0.5,reference,text,write_damage,5,0.17111472833236197,0.012580211918035352,,,,
retention,0.5,reference,visual,decay_damage,5,0.011580657767265464,0.0002641313427462415,,,,
retention,0.5,reference,visual,err_decay,5,0.15496580082512468,0.008021244477664672,,,,
retention,0.5,reference,visual,err_post,5,0.3227946095233476,0.015312700227729641,,,,
retention,0.5,reference,visual,write_damage,5,0.16782880871716943,0.010465160012950989,,,,
retention,0.7,fixed0.9,audio,decay_damage,5,0.0069751595133204945,0.0003348086544279636,,,,
retention,0.7,fixed0.9,audio,err_decay,5,0.23954815987943628,0.009046690292313815,,,,
retention,0.7,fixed0.9,audio,err_post,5,0.35227178054851194,0.009724384347514131,,,,
retention,0.7,fixed0.9,audio,write_damage,5,0.11272362063516371,0.004370743438529361,,,,
retention,0.7,fixed0.9,text,decay_damage,5,0.00872482392386019,0.000257739805298922,,,,
retention,0.7,fixed0.9,text,err_decay,5,0.2575137734994685,0.007734149870782782,,,,
retention,0.7,fixed0.9,text,err_post,5,0.36375737588009166,0.014722603965634155,,,,
retention,0.7,fixed0.9,text,write_damage,5,0.10624360239236151,0.009084983957609013,,,,
retention,0.7,fixed0.9,visual,decay_damage,5,0.0076287089421263835,0.0003738229427499029,,,,
retention,0.7,fixed0.9,visual,err_decay,5,0.2363061885744679,0.015659328334824925,,,,
retention,0.7,fixed0.9,visual,err_post,5,0.34076983312075093,0.019213825037824882,,,,
retention,0.7,fixed0.9,visual,write_damage,5,0.10446364456532581,0.005828970425565513,,,,
retention,0.7,global,audio,decay_damage,5,0.007958785947455513,0.0003259149664351721,,,,
retention,0.7,global,audio,err_decay,5,0.22019886825358942,0.01039604756073381,,,,
retention,0.7,global,audio,err_post,5,0.3342274775483079,0.007976166942801349,,,,
retention,0.7,global,audio,write_damage,5,0.11402860933043077,0.005395094059284043,,,,
retention,0.7,global,text,decay_damage,5,0.009255642044687413,0.0003440033946523122,,,,
retention,0.7,global,text,err_decay,5,0.23337647121151167,0.014632004800864486,,,,
retention,0.7,global,text,err_post,5,0.3411399707291696,0.018406531629996715,,,,
retention,0.7,global,text,write_damage,5,0.10776349955681794,0.006771868618734321,,,,
retention,0.7,global,visual,decay_damage,5,0.008360708423036487,0.00044288432935468604,,,,
retention,0.7,global,visual,err_decay,5,0.21890505817449807,0.016601955145931997,,,,
retention,0.7,global,visual,err_post,5,0.3236975200588271,0.01999485309045994,,,,
retention,0.7,global,visual,write_damage,5,0.10479246186994332,0.006199414453071523,,,,
retention,0.7,global-minus-fixed0.9,audio,decay_damage,5,0.000983626434135018,7.804376487469044e-05,5,0,0,
retention,0.7,global-minus-fixed0.9,audio,err_decay,5,-0.019349291625846858,0.0020909337060417052,0,0,5,
retention,0.7,global-minus-fixed0.9,audio,err_post,5,-0.018044303000204032,0.003200564541937359,0,0,5,
retention,0.7,global-minus-fixed0.9,audio,write_damage,5,0.0013049886952670674,0.0031162743736293857,3,0,2,
retention,0.7,global-minus-fixed0.9,text,decay_damage,5,0.0005308181208272238,0.00011829365545365147,5,0,0,
retention,0.7,global-minus-fixed0.9,text,err_decay,5,-0.024137302287956845,0.007609377698168782,0,0,5,
retention,0.7,global-minus-fixed0.9,text,err_post,5,-0.02261740515092211,0.004052064058753066,0,0,5,
retention,0.7,global-minus-fixed0.9,text,write_damage,5,0.0015198971644564212,0.0038670697328000627,4,0,1,
retention,0.7,global-minus-fixed0.9,visual,decay_damage,5,0.0007319994809101039,0.00015493006036369815,5,0,0,
retention,0.7,global-minus-fixed0.9,visual,err_decay,5,-0.017401130399969815,0.001634691514691115,0,0,5,
retention,0.7,global-minus-fixed0.9,visual,err_post,5,-0.017072313061923795,0.0025055844364815995,0,0,5,
retention,0.7,global-minus-fixed0.9,visual,write_damage,5,0.0003288173046175014,0.0016181276007239155,3,0,2,
retention,0.7,protected,audio,decay_damage,5,0.012631680820941224,0.00022535100281163782,,,,
retention,0.7,protected,audio,err_decay,5,0.128206437817252,0.005514708531054318,,,,
retention,0.7,protected,audio,err_post,5,0.12823347253954953,0.005511997720906861,,,,
retention,0.7,protected,audio,write_damage,5,2.7034722297529227e-05,3.5197329213672128e-06,,,,
retention,0.7,protected,text,decay_damage,5,0.01281833510942276,0.00030573021798207167,,,,
retention,0.7,protected,text,err_decay,5,0.17597377053088864,0.016500450129997003,,,,
retention,0.7,protected,text,err_post,5,0.1760014811872378,0.01650142687708169,,,,
retention,0.7,protected,text,write_damage,5,2.7710656349168236e-05,1.8358073896694536e-06,,,,
retention,0.7,protected,visual,decay_damage,5,0.013270958380756055,0.00014151670621109587,,,,
retention,0.7,protected,visual,err_decay,5,0.1313855929165066,0.010107537415689748,,,,
retention,0.7,protected,visual,err_post,5,0.1314079630610845,0.010107289281221838,,,,
retention,0.7,protected,visual,write_damage,5,2.2370144577897605e-05,3.6661101391857026e-06,,,,
retention,0.7,reference,audio,decay_damage,5,0.009465965675429342,0.00033756979971113815,,,,
retention,0.7,reference,audio,err_decay,5,0.21133708806386126,0.012171999535482933,,,,
retention,0.7,reference,audio,err_post,5,0.35681407432320417,0.011459850979303457,,,,
retention,0.7,reference,audio,write_damage,5,0.14547698618823454,0.005544873463250958,,,,
retention,0.7,reference,text,decay_damage,5,0.010583372520877871,0.00023329798770991455,,,,
retention,0.7,reference,text,err_decay,5,0.20095615646508075,0.00888990998664833,,,,
retention,0.7,reference,text,err_post,5,0.3429532335944127,0.017360793881367815,,,,
retention,0.7,reference,text,write_damage,5,0.14199707716154591,0.010624446706787,,,,
retention,0.7,reference,visual,decay_damage,5,0.009440929264104631,0.0005028597462077463,,,,
retention,0.7,reference,visual,err_decay,5,0.20954459865876848,0.016401425253939866,,,,
retention,0.7,reference,visual,err_post,5,0.3443782509578989,0.020706716851946774,,,,
retention,0.7,reference,visual,write_damage,5,0.13483365230651068,0.007024673570408402,,,,
task,0,fixed0.9,,accuracy,5,0.8448025785656729,0.0045796203830403654,,,,
task,0,fixed0.9,,macro_f1,5,0.8416671782889392,0.006647666751659232,,,,
task,0,fixed0.9,,weighted_f1,5,0.8447139265169631,0.00470038108088801,,,,
task,0,global,,accuracy,5,0.8435132957292506,0.004464752675969378,,,,
task,0,global,,macro_f1,5,0.8400724013267017,0.006084817745323809,,,,
task,0,global,,weighted_f1,5,0.8433435504685555,0.004726734805001648,,,,
task,0,global-minus-fixed0.9,,accuracy,5,-0.0012892828364222454,0.0023903943552282653,2,0,3,
task,0,global-minus-fixed0.9,,macro_f1,5,-0.001594776962237554,0.0027251722049228483,2,0,3,
task,0,global-minus-fixed0.9,,weighted_f1,5,-0.0013703760484076622,0.002411810196531715,2,0,3,
task,0,protected,,accuracy,5,0.8435132957292506,0.004464752675969378,,,,
task,0,protected,,macro_f1,5,0.8400724013267017,0.006084817745323809,,,,
task,0,protected,,weighted_f1,5,0.8433435504685555,0.004726734805001648,,,,
task,0,reference,,accuracy,5,0.8435132957292506,0.004464752675969378,,,,
task,0,reference,,macro_f1,5,0.8400724013267017,0.006084817745323809,,,,
task,0,reference,,weighted_f1,5,0.8433435504685555,0.004726734805001648,,,,
task,0.1,fixed0.9,,accuracy,5,0.8422240128928284,0.004780788710456531,,,,
task,0.1,fixed0.9,,macro_f1,5,0.8393504124251792,0.00721775296821218,,,,
task,0.1,fixed0.9,,weighted_f1,5,0.8420938739634498,0.00465734930540822,,,,
task,0.1,global,,accuracy,5,0.8396454472199839,0.006813672250317418,,,,
task,0.1,global,,macro_f1,5,0.8365298048576889,0.010370483297609237,,,,
task,0.1,global,,weighted_f1,5,0.8395522800067604,0.00681691465091699,,,,
task,0.1,global-minus-fixed0.9,,accuracy,5,-0.0025785656728444907,0.0026358464518607882,1,0,4,
task,0.1,global-minus-fixed0.9,,macro_f1,5,-0.0028206075674903188,0.003209915169811009,1,0,4,
task,0.1,global-minus-fixed0.9,,weighted_f1,5,-0.00254159395668947,0.002602153938146631,1,0,4,
task,0.1,protected,,accuracy,5,0.8393231265108784,0.005302396092300456,,,,
task,0.1,protected,,macro_f1,5,0.8365676778488359,0.008057609087893665,,,,
task,0.1,protected,,weighted_f1,5,0.8392432249910612,0.005312626529144801,,,,
task,0.1,reference,,accuracy,5,0.8393231265108784,0.006257298520005562,,,,
task,0.1,reference,,macro_f1,5,0.8364963248673959,0.00902168840403232,,,,
task,0.1,reference,,weighted_f1,5,0.8392412622259674,0.006191524175350635,,,,
task,0.3,fixed0.9,,accuracy,5,0.8220789685737309,0.006987746458881156,,,,
task,0.3,fixed0.9,,macro_f1,5,0.8143676868125124,0.007608349804688392,,,,
task,0.3,fixed0.9,,weighted_f1,5,0.821925043097375,0.006163871495460966,,,,
task,0.3,global,,accuracy,5,0.8211120064464142,0.0069317689500746245,,,,
task,0.3,global,,macro_f1,5,0.8133069162578069,0.007950686201608732,,,,
task,0.3,global,,weighted_f1,5,0.8208971047277079,0.006196226806270043,,,,
task,0.3,global-minus-fixed0.9,,accuracy,5,-0.0009669621273166396,0.0019238253644340108,1,1,3,
task,0.3,global-minus-fixed0.9,,macro_f1,5,-0.001060770554705437,0.0016006714335029403,2,0,3,
task,0.3,global-minus-fixed0.9,,weighted_f1,5,-0.0010279383696671029,0.001939759560625394,1,0,4,
task,0.3,protected,,accuracy,5,0.8193392425463336,0.007416003458400325,,,,
task,0.3,protected,,macro_f1,5,0.8119716417788124,0.007050063366664777,,,,
task,0.3,protected,,weighted_f1,5,0.8190914476526191,0.006652551231206236,,,,
task,0.3,reference,,accuracy,5,0.8201450443190975,0.006678925313489781,,,,
task,0.3,reference,,macro_f1,5,0.8120208908150497,0.008110205210784796,,,,
task,0.3,reference,,weighted_f1,5,0.8199327737698938,0.005976467383895326,,,,
task,0.5,fixed0.9,,accuracy,5,0.8032232070910557,0.011779598270172218,,,,
task,0.5,fixed0.9,,macro_f1,5,0.7930922764353932,0.013105083601375057,,,,
task,0.5,fixed0.9,,weighted_f1,5,0.8033852632097809,0.011134525154106708,,,,
task,0.5,global,,accuracy,5,0.8016116035455277,0.014609255030987367,,,,
task,0.5,global,,macro_f1,5,0.791542403656623,0.01661818439440884,,,,
task,0.5,global,,weighted_f1,5,0.801909645188636,0.013741884262963154,,,,
task,0.5,global-minus-fixed0.9,,accuracy,5,-0.0016116035455278287,0.0036484226986854863,2,0,3,
task,0.5,global-minus-fixed0.9,,macro_f1,5,-0.0015498727787701893,0.0043126928874442656,2,0,3,
task,0.5,global-minus-fixed0.9,,weighted_f1,5,-0.00147561802114482,0.0035480797335251846,2,0,3,
task,0.5,protected,,accuracy,5,0.8030620467365028,0.012399925261351398,,,,
task,0.5,protected,,macro_f1,5,0.7933280918837773,0.015897996827277112,,,,
task,0.5,protected,,weighted_f1,5,0.8031082067628988,0.011722040772704176,,,,
task,0.5,reference,,accuracy,5,0.8009669621273167,0.013639251313304408,,,,
task,0.5,reference,,macro_f1,5,0.7904721366469749,0.015558600917154244,,,,
task,0.5,reference,,weighted_f1,5,0.8011808613274906,0.012850627693409002,,,,
task,0.7,fixed0.9,,accuracy,5,0.7806607574536664,0.017556495695920906,,,,
task,0.7,fixed0.9,,macro_f1,5,0.772949733160654,0.01647611652765965,,,,
task,0.7,fixed0.9,,weighted_f1,5,0.781223381430438,0.016228535015672486,,,,
task,0.7,global,,accuracy,5,0.7800161160354553,0.020088559004541363,,,,
task,0.7,global,,macro_f1,5,0.7726475688665007,0.019424405107199394,,,,
task,0.7,global,,weighted_f1,5,0.7806610772642495,0.01854561472586146,,,,
task,0.7,global-minus-fixed0.9,,accuracy,5,-0.0006446414182111227,0.003922856227119463,2,1,2,
task,0.7,global-minus-fixed0.9,,macro_f1,5,-0.0003021642941532621,0.004102730250208259,3,0,2,
task,0.7,global-minus-fixed0.9,,weighted_f1,5,-0.0005623041661885653,0.0038816954160449646,2,0,3,
task,0.7,protected,,accuracy,5,0.7800161160354553,0.02097407749366699,,,,
task,0.7,protected,,macro_f1,5,0.7724936440932292,0.020458568002886358,,,,
task,0.7,protected,,weighted_f1,5,0.7803641160112592,0.01959455757829222,,,,
task,0.7,reference,,accuracy,5,0.7769540692989525,0.018210050384677948,,,,
task,0.7,reference,,macro_f1,5,0.7692576422002391,0.01670481414452083,,,,
task,0.7,reference,,weighted_f1,5,0.7775017997827897,0.01681879306755703,,,,
task,all,fixed0.9,,accuracy,5,0.8185979049153909,0.005928642392237244,,,,
task,all,fixed0.9,,macro_f1,5,0.8122854574245356,0.006595314642783082,,,,
task,all,fixed0.9,,weighted_f1,5,0.8186682976436014,0.005197044694269678,,,,
task,all,global,,accuracy,5,0.8171796937953264,0.007255438446016091,,,,
task,all,global,,macro_f1,5,0.8108198189930642,0.0083583668297598,,,,
task,all,global,,weighted_f1,5,0.8172727315311819,0.006538219214427897,,,,
task,all,global-minus-fixed0.9,,accuracy,5,-0.0014182111200644655,0.001965231417439992,1,0,4,0.1875
task,all,global-minus-fixed0.9,,macro_f1,5,-0.0014656384314713521,0.0020064187703852524,1,0,4,0.1875
task,all,global-minus-fixed0.9,,weighted_f1,5,-0.001395566112419524,0.001969811223252614,1,0,4,0.1875
task,all,protected,,accuracy,5,0.8170507655116842,0.006832134683653215,,,,
task,all,protected,,macro_f1,5,0.8108866913862713,0.007686503025624588,,,,
task,all,protected,,weighted_f1,5,0.8170301091772788,0.0061395219259655,,,,
task,all,reference,,accuracy,5,0.8161804995970992,0.0060714904403354865,,,,
task,all,reference,,macro_f1,5,0.8096638791712722,0.006875217162571091,,,,
task,all,reference,,weighted_f1,5,0.8162400495149393,0.005383628798706091,,,,
write_audit,0,fixed0.9,,applied_norm,5,8.297085376094657,0.3813073524292976,,,,
write_audit,0,fixed0.9,,global_norm,5,9.218983986158461,0.4236748465037457,,,,
write_audit,0,fixed0.9,,global_scale,5,1.0,0.0,,,,
write_audit,0,fixed0.9,,norm_mismatch,5,0.0,0.0,,,,
write_audit,0,fixed0.9,,original_norm,5,9.218983986158461,0.4236748465037457,,,,
write_audit,0,fixed0.9,,protected_norm,5,9.218983986158461,0.4236748465037457,,,,
write_audit,0,global,,applied_norm,5,9.539462314391212,0.43638869581315964,,,,
write_audit,0,global,,global_norm,5,9.539462314391212,0.43638869581315964,,,,
write_audit,0,global,,global_scale,5,1.0,0.0,,,,
write_audit,0,global,,norm_mismatch,5,0.0,0.0,,,,
write_audit,0,global,,original_norm,5,9.539462314391212,0.43638869581315964,,,,
write_audit,0,global,,protected_norm,5,9.539462314391212,0.43638869581315964,,,,
write_audit,0,global-minus-fixed0.9,,applied_norm,5,1.2423769382965553,0.05547627983600682,5,0,0,
write_audit,0,global-minus-fixed0.9,,global_norm,5,0.3204783282327515,0.014496780166305321,5,0,0,
write_audit,0,global-minus-fixed0.9,,global_scale,5,0.0,0.0,0,5,0,
write_audit,0,global-minus-fixed0.9,,norm_mismatch,5,0.0,0.0,0,5,0,
write_audit,0,global-minus-fixed0.9,,original_norm,5,0.3204783282327515,0.014496780166305321,5,0,0,
write_audit,0,global-minus-fixed0.9,,protected_norm,5,0.3204783282327515,0.014496780166305321,5,0,0,
write_audit,0,protected,,applied_norm,5,9.539462314391212,0.43638869581315964,,,,
write_audit,0,protected,,global_norm,5,9.539462314391212,0.43638869581315964,,,,
write_audit,0,protected,,global_scale,5,1.0,0.0,,,,
write_audit,0,protected,,norm_mismatch,5,0.0,0.0,,,,
write_audit,0,protected,,original_norm,5,9.539462314391212,0.43638869581315964,,,,
write_audit,0,protected,,protected_norm,5,9.539462314391212,0.43638869581315964,,,,
write_audit,0,reference,,applied_norm,5,9.539462314391212,0.43638869581315964,,,,
write_audit,0,reference,,global_norm,5,9.539462314391212,0.43638869581315964,,,,
write_audit,0,reference,,global_scale,5,1.0,0.0,,,,
write_audit,0,reference,,norm_mismatch,5,0.0,0.0,,,,
write_audit,0,reference,,original_norm,5,9.539462314391212,0.43638869581315964,,,,
write_audit,0,reference,,protected_norm,5,9.539462314391212,0.43638869581315964,,,,
write_audit,0.1,fixed0.9,,applied_norm,5,7.79212510167808,0.3479066411852788,,,,
write_audit,0.1,fixed0.9,,global_norm,5,8.559145024959163,0.38676418756824105,,,,
write_audit,0.1,fixed0.9,,global_scale,5,0.9858696974940016,0.0014705949958861335,,,,
write_audit,0.1,fixed0.9,,norm_mismatch,5,8.105133013990404e-08,8.278233200135277e-09,,,,
write_audit,0.1,fixed0.9,,original_norm,5,8.657916999591768,0.3865629453363942,,,,
write_audit,0.1,fixed0.9,,protected_norm,5,8.559145025613866,0.3867641902230775,,,,
write_audit,0.1,global,,applied_norm,5,8.82629333919546,0.40033642692928945,,,,
write_audit,0.1,global,,global_norm,5,8.826293338895876,0.40033642721068863,,,,
write_audit,0.1,global,,global_scale,5,0.9859135217712494,0.0014632618302054846,,,,
write_audit,0.1,global,,norm_mismatch,5,8.448814308326346e-08,7.59113959174862e-09,,,,
write_audit,0.1,global,,original_norm,5,8.92762190806323,0.39981868172833923,,,,
write_audit,0.1,global,,protected_norm,5,8.826293339751402,0.40033642705205286,,,,
write_audit,0.1,global-minus-fixed0.9,,applied_norm,5,1.0341682375173815,0.055198907006758904,5,0,0,
write_audit,0.1,global-minus-fixed0.9,,global_norm,5,0.2671483139367137,0.015463770748719243,5,0,0,
write_audit,0.1,global-minus-fixed0.9,,global_scale,5,4.3824277247828115e-05,2.0797583218815907e-05,5,0,0,
write_audit,0.1,global-minus-fixed0.9,,norm_mismatch,5,3.4368129433594234e-09,2.643515827869553e-09,5,0,0,
write_audit,0.1,global-minus-fixed0.9,,original_norm,5,0.2697049084714614,0.015199169936212363,5,0,0,
write_audit,0.1,global-minus-fixed0.9,,protected_norm,5,0.2671483141375365,0.015463767149426254,5,0,0,
write_audit,0.1,protected,,applied_norm,5,8.81494583756296,0.40136491416681136,,,,
write_audit,0.1,protected,,global_norm,5,8.814945836986604,0.40136491288230164,,,,
write_audit,0.1,protected,,global_scale,5,0.9860242510206944,0.001444735008833104,,,,
write_audit,0.1,protected,,norm_mismatch,5,8.391779243321692e-08,7.65613083614867e-09,,,,
write_audit,0.1,protected,,original_norm,5,8.914831252587625,0.40107561655646456,,,,
write_audit,0.1,protected,,protected_norm,5,8.814945837605585,0.40136491431520904,,,,
write_audit,0.1,reference,,applied_norm,5,8.955107560852282,0.3983400530931034,,,,
write_audit,0.1,reference,,global_norm,5,8.853169499635456,0.3988459248485736,,,,
write_audit,0.1,reference,,global_scale,5,0.9859085915491621,0.0014674789440759734,,,,
write_audit,0.1,reference,,norm_mismatch,5,8.459801062953558e-08,8.0194428248642e-09,,,,
write_audit,0.1,reference,,original_norm,5,8.955107560852282,0.3983400530931034,,,,
write_audit,0.1,reference,,protected_norm,5,8.85316950128527,0.39884592439634864,,,,
write_audit,0.3,fixed0.9,,applied_norm,5,6.853516273987296,0.3450268206238783,,,,
write_audit,0.3,fixed0.9,,global_norm,5,7.360371700103794,0.3896870494373049,,,,
write_audit,0.3,fixed0.9,,global_scale,5,0.9604280952745441,0.004021340052427773,,,,
write_audit,0.3,fixed0.9,,norm_mismatch,5,1.8496936867066105e-07,8.352670111458461e-09,,,,
write_audit,0.3,fixed0.9,,original_norm,5,7.6150182770809804,0.38336314942123056,,,,
write_audit,0.3,fixed0.9,,protected_norm,5,7.360371696570472,0.38968705137628085,,,,
write_audit,0.3,global,,applied_norm,5,7.540672490000724,0.4042866887751354,,,,
write_audit,0.3,global,,global_norm,5,7.540672490586685,0.4042866894081104,,,,
write_audit,0.3,global,,global_scale,5,0.9604966525879961,0.004023975958811053,,,,
write_audit,0.3,global,,norm_mismatch,5,1.8457267478432604e-07,8.433258706253497e-09,,,,
write_audit,0.3,global,,original_norm,5,7.800051981190896,0.39737662080834985,,,,
write_audit,0.3,global,,protected_norm,5,7.540672490556666,0.4042866861873088,,,,
write_audit,0.3,global-minus-fixed0.9,,applied_norm,5,0.687156216013429,0.06877607499437359,5,0,0,
write_audit,0.3,global-minus-fixed0.9,,global_norm,5,0.1803007904828906,0.01869511679698858,5,0,0,
write_audit,0.3,global-minus-fixed0.9,,global_scale,5,6.855731345201121e-05,3.4796861226394e-05,5,0,0,
write_audit,0.3,global-minus-fixed0.9,,norm_mismatch,5,-3.966938863350096e-10,3.470606151470746e-09,3,0,2,
write_audit,0.3,global-minus-fixed0.9,,original_norm,5,0.18503370410991593,0.0189762505663308,5,0,0,
write_audit,0.3,global-minus-fixed0.9,,protected_norm,5,0.18030079398619386,0.018695113565956014,5,0,0,
write_audit,0.3,protected,,applied_norm,5,7.509659677512019,0.40897571034117824,,,,
write_audit,0.3,protected,,global_norm,5,7.509659676697319,0.4089757075689741,,,,
write_audit,0.3,protected,,global_scale,5,0.9609265043773207,0.004026135820276096,,,,
write_audit,0.3,protected,,norm_mismatch,5,1.8372030074705914e-07,6.718388158187428e-09,,,,
write_audit,0.3,protected,,original_norm,5,7.762314641108252,0.4015794338405656,,,,
write_audit,0.3,protected,,protected_norm,5,7.509659677761323,0.4089757099393711,,,,
write_audit,0.3,reference,,applied_norm,5,7.868746797068947,0.3948678961820503,,,,
write_audit,0.3,reference,,global_norm,5,7.605813554884066,0.40156788910825175,,,,
write_audit,0.3,reference,,global_scale,5,0.9604898421161363,0.0039950735410806525,,,,
write_audit,0.3,reference,,norm_mismatch,5,1.8640395064780446e-07,7.043013984200368e-09,,,,
write_audit,0.3,reference,,original_norm,5,7.868746797068947,0.3948678961820503,,,,
write_audit,0.3,reference,,protected_norm,5,7.605813554998286,0.401567890462498,,,,
write_audit,0.5,fixed0.9,,applied_norm,5,5.905205483064596,0.3302041444412908,,,,
write_audit,0.5,fixed0.9,,global_norm,5,6.1864078813694015,0.3758003293770529,,,,
write_audit,0.5,fixed0.9,,global_scale,5,0.9371026466556319,0.005386452885220614,,,,
write_audit,0.5,fixed0.9,,norm_mismatch,5,2.1856257168157364e-07,1.1724726628886257e-08,,,,
write_audit,0.5,fixed0.9,,original_norm,5,6.561339591791152,0.36689350567322154,,,,
write_audit,0.5,fixed0.9,,protected_norm,5,6.186407880881301,0.3758003301189893,,,,
write_audit,0.5,global,,applied_norm,5,6.291707462744186,0.3926303696772851,,,,
write_audit,0.5,global,,global_norm,5,6.291707463843461,0.39263036930358436,,,,
write_audit,0.5,global,,global_scale,5,0.9371689046400627,0.00538603473582199,,,,
write_audit,0.5,global,,norm_mismatch,5,2.2441271833601159e-07,1.0882455399842026e-08,,,,
write_audit,0.5,global,,original_norm,5,6.670205037064826,0.38390343006643757,,,,
write_audit,0.5,global,,protected_norm,5,6.291707464400754,0.39263037095069586,,,,
write_audit,0.5,global-minus-fixed0.9,,applied_norm,5,0.38650197967958955,0.06893786264066062,5,0,0,
write_audit,0.5,global-minus-fixed0.9,,global_norm,5,0.10529958247405986,0.018498904840561263,5,0,0,
write_audit,0.5,global-minus-fixed0.9,,global_scale,5,6.625798443073982e-05,2.7705892458645698e-05,5,0,0,
write_audit,0.5,global-minus-fixed0.9,,norm_mismatch,5,5.850146654437952e-09,3.386484554120419e-09,5,0,0,
write_audit,0.5,global-minus-fixed0.9,,original_norm,5,0.10886544527367388,0.01915242639565948,5,0,0,
write_audit,0.5,global-minus-fixed0.9,,protected_norm,5,0.10529958351945243,0.01849890771751919,5,0,0,
write_audit,0.5,protected,,applied_norm,5,6.234707947076718,0.40197726540934786,,,,
write_audit,0.5,protected,,global_norm,5,6.234707950066856,0.4019772667146281,,,,
write_audit,0.5,protected,,global_scale,5,0.9377864013693921,0.00540869877277519,,,,
write_audit,0.5,protected,,norm_mismatch,5,2.2225484167924338e-07,1.368948935444932e-08,,,,
write_audit,0.5,protected,,original_norm,5,6.598604602284736,0.3943130518604536,,,,
write_audit,0.5,protected,,protected_norm,5,6.234707948255543,0.40197726421858715,,,,
write_audit,0.5,reference,,applied_norm,5,6.770903815407273,0.3808665472483583,,,,
write_audit,0.5,reference,,global_norm,5,6.383819607698556,0.390022751618885,,,,
write_audit,0.5,reference,,global_scale,5,0.9371486027397089,0.0053517901535016215,,,,
write_audit,0.5,reference,,norm_mismatch,5,2.2885665045353214e-07,9.734242559713192e-09,,,,
write_audit,0.5,reference,,original_norm,5,6.770903815407273,0.3808665472483583,,,,
write_audit,0.5,reference,,protected_norm,5,6.383819606156958,0.39002275097083244,,,,
write_audit,0.7,fixed0.9,,applied_norm,5,5.1539141812530636,0.257344034660539,,,,
write_audit,0.7,fixed0.9,,global_norm,5,5.276670425074395,0.2805947192445565,,,,
write_audit,0.7,fixed0.9,,global_scale,5,0.9199017525643807,0.006148593484077449,,,,
write_audit,0.7,fixed0.9,,norm_mismatch,5,2.2041816249381718e-07,1.3577875002019741e-08,,,,
write_audit,0.7,fixed0.9,,original_norm,5,5.726571462438483,0.28593782655496597,,,,
write_audit,0.7,fixed0.9,,protected_norm,5,5.2766704259135615,0.280594721280632,,,,
write_audit,0.7,global,,applied_norm,5,5.328295079040236,0.28888218255581016,,,,
write_audit,0.7,global,,global_norm,5,5.32829507880129,0.2888821838082791,,,,
write_audit,0.7,global,,global_scale,5,0.9199201891911692,0.006157292978831985,,,,
write_audit,0.7,global,,norm_mismatch,5,2.2634380556324812e-07,1.4082229002373367e-08,,,,
write_audit,0.7,global,,original_norm,5,5.778824969088414,0.29439148994565373,,,,
write_audit,0.7,global,,protected_norm,5,5.328295076390358,0.28888218037559704,,,,
write_audit,0.7,global-minus-fixed0.9,,applied_norm,5,0.17438089778717353,0.05056351137295277,5,0,0,
write_audit,0.7,global-minus-fixed0.9,,global_norm,5,0.05162465372689447,0.010490065568905227,5,0,0,
write_audit,0.7,global-minus-fixed0.9,,global_scale,5,1.8436626788620458e-05,1.413779100160301e-05,4,0,1,
write_audit,0.7,global-minus-fixed0.9,,norm_mismatch,5,5.925643069430956e-09,1.630162778079909e-09,5,0,0,
write_audit,0.7,global-minus-fixed0.9,,original_norm,5,0.052253506649931045,0.011779300962307187,5,0,0,
write_audit,0.7,global-minus-fixed0.9,,protected_norm,5,0.05162465047679614,0.01049006056142467,5,0,0,
write_audit,0.7,protected,,applied_norm,5,5.24354641999476,0.2929678677444813,,,,
write_audit,0.7,protected,,global_norm,5,5.243546419207526,0.292967868325709,,,,
write_audit,0.7,protected,,global_scale,5,0.9202852829768473,0.006169191762215349,,,,
write_audit,0.7,protected,,norm_mismatch,5,2.2067391973268014e-07,1.2079992052430152e-08,,,,
write_audit,0.7,protected,,original_norm,5,5.673895106553779,0.2990997719091546,,,,
write_audit,0.7,protected,,protected_norm,5,5.243546418574587,0.2929678690063268,,,,
write_audit,0.7,reference,,applied_norm,5,5.901260145549271,0.29327916212215693,,,,
write_audit,0.7,reference,,global_norm,5,5.437400725722767,0.2879371131036312,,,,
write_audit,0.7,reference,,global_scale,5,0.9199340638802909,0.006144841212069854,,,,
write_audit,0.7,reference,,norm_mismatch,5,2.285862592177272e-07,1.2037349626875789e-08,,,,
write_audit,0.7,reference,,original_norm,5,5.901260145549271,0.29327916212215693,,,,
write_audit,0.7,reference,,protected_norm,5,5.437400726842079,0.28793711255141297,,,,
write_audit,all,fixed0.9,,applied_norm,5,6.800369283215538,0.33010705315272837,,,,
write_audit,all,fixed0.9,,global_norm,5,7.320315803533044,0.3679163682892054,,,,
write_audit,all,fixed0.9,,global_scale,5,0.9606604383977116,0.003170168952445019,,,,
write_audit,all,fixed0.9,,norm_mismatch,5,1.410002865971912e-07,7.30805162783976e-09,,,,
write_audit,all,fixed0.9,,original_norm,5,7.555966063412169,0.36678562636938583,,,,
write_audit,all,fixed0.9,,protected_norm,5,7.320315803027532,0.36791636986198933,,,,
write_audit,all,global,,applied_norm,5,7.505286137074364,0.38058737594732006,,,,
write_audit,all,global,,global_norm,5,7.505286137303705,0.3805873762511735,,,,
write_audit,all,global,,global_scale,5,0.9606998536380955,0.003167480776382527,,,,
write_audit,all,global,,norm_mismatch,5,1.4396346835336984e-07,7.521774107378547e-09,,,,
write_audit,all,global,,original_norm,5,7.743233241959715,0.3795068786363099,,,,
write_audit,all,global,,protected_norm,5,7.505286137098079,0.38058737525256925,,,,
write_audit,all,global-minus-fixed0.9,,applied_norm,5,0.7049168538588259,0.05552110280565211,5,0,0,
write_audit,all,global-minus-fixed0.9,,global_norm,5,0.18497033377066202,0.014433018372182022,5,0,0,
write_audit,all,global-minus-fixed0.9,,global_scale,5,3.9415240383839923e-05,1.4226459634526998e-05,5,0,0,
write_audit,all,global-minus-fixed0.9,,norm_mismatch,5,2.9631817561786643e-09,1.337762441776739e-09,5,0,0,
write_audit,all,global-minus-fixed0.9,,original_norm,5,0.18726717854754674,0.01476674237651162,5,0,0,
write_audit,all,global-minus-fixed0.9,,protected_norm,5,0.18497033407054608,0.014433016164441745,5,0,0,
write_audit,all,protected,,applied_norm,5,7.4684644393075335,0.38409416353241477,,,,
write_audit,all,protected,,global_norm,5,7.468464439469903,0.3840941629625704,,,,
write_audit,all,protected,,global_scale,5,0.961004487948851,0.003174027014778547,,,,
write_audit,all,protected,,norm_mismatch,5,1.421133709184399e-07,7.0886626028908265e-09,,,,
write_audit,all,protected,,original_norm,5,7.697821583385121,0.3833739320544772,,,,
write_audit,all,protected,,protected_norm,5,7.46846443931765,0.3840941635242146,,,,
write_audit,all,reference,,applied_norm,5,7.807096126653797,0.37800215190506914,,,,
write_audit,all,reference,,global_norm,5,7.563933140466411,0.3792672623033885,,,,
write_audit,all,reference,,global_scale,5,0.9606962200570597,0.003154219803420502,,,,
write_audit,all,reference,,norm_mismatch,5,1.4568897418971988e-07,6.5092876681442155e-09,,,,
write_audit,all,reference,,original_norm,5,7.807096126653797,0.37800215190506914,,,,
write_audit,all,reference,,protected_norm,5,7.563933140734761,0.37926726237555947,,,,
write_fit,0,fixed0.9,audio,err_after,5,0.070710715922818,0.004269317830707254,,,,
write_fit,0,fixed0.9,audio,err_before,5,0.6935399601805586,0.04189633279658804,,,,
write_fit,0,fixed0.9,audio,err_original_after,5,0.001660303590542724,7.494352952258233e-05,,,,
write_fit,0,fixed0.9,audio,fit_gain,5,0.6228292442577406,0.03762708991066106,,,,
write_fit,0,fixed0.9,text,err_after,5,0.10654878981817081,0.0024223505161955843,,,,
write_fit,0,fixed0.9,text,err_before,5,1.0440238074508723,0.023851719215203945,,,,
write_fit,0,fixed0.9,text,err_original_after,5,0.002475151534043321,5.687991414115795e-05,,,,
write_fit,0,fixed0.9,text,fit_gain,5,0.9374750176327015,0.0214295433613633,,,,
write_fit,0,fixed0.9,visual,err_after,5,0.06693815583053891,0.0035842603934910996,,,,
write_fit,0,fixed0.9,visual,err_before,5,0.6563858991001765,0.035211447004465754,,,,
write_fit,0,fixed0.9,visual,err_original_after,5,0.0016273954534393247,8.491101714134597e-05,,,,
write_fit,0,fixed0.9,visual,fit_gain,5,0.5894477432696376,0.03162720887818858,,,,
write_fit,0,global,audio,err_after,5,0.0017162201370061333,7.70518854147612e-05,,,,
write_fit,0,global,audio,err_before,5,0.7203966699838174,0.0435905995779466,,,,
write_fit,0,global,audio,err_original_after,5,0.0017162201370061333,7.70518854147612e-05,,,,
write_fit,0,global,audio,fit_gain,5,0.7186804498468112,0.043532150532481835,,,,
write_fit,0,global,text,err_after,5,0.0025622680165603598,6.0197878205885264e-05,,,,
write_fit,0,global,text,err_before,5,1.084537528712797,0.024984192001918804,,,,
write_fit,0,global,text,err_original_after,5,0.0025622680165603598,6.0197878205885264e-05,,,,
write_fit,0,global,text,fit_gain,5,1.0819752606962365,0.02495079825876565,,,,
write_fit,0,global,visual,err_after,5,0.001679648159369458,8.8084097799179e-05,,,,
write_fit,0,global,visual,err_before,5,0.6807025506242766,0.03733187946323958,,,,
write_fit,0,global,visual,err_original_after,5,0.001679648159369458,8.8084097799179e-05,,,,
write_fit,0,global,visual,fit_gain,5,0.6790229024649072,0.03725466862546326,,,,
write_fit,0,global-minus-fixed0.9,audio,err_after,5,-0.06899449578581186,0.0042105689993529975,0,0,5,
write_fit,0,global-minus-fixed0.9,audio,err_before,5,0.026856709803258695,0.0017136056477106666,5,0,0,
write_fit,0,global-minus-fixed0.9,audio,err_original_after,5,5.5916546463409284e-05,3.1161595104245793e-06,5,0,0,
write_fit,0,global-minus-fixed0.9,audio,fit_gain,5,0.09585120558907059,0.005910943727176093,5,0,0,
write_fit,0,global-minus-fixed0.9,text,err_after,5,-0.10398652180161046,0.0023913120266182836,0,0,5,
write_fit,0,global-minus-fixed0.9,text,err_before,5,0.04051372126192474,0.0017290273722151096,5,0,0,
write_fit,0,global-minus-fixed0.9,text,err_original_after,5,8.711648251703866e-05,3.895071102736084e-06,5,0,0,
write_fit,0,global-minus-fixed0.9,text,fit_gain,5,0.1445002430635351,0.00372731218827193,5,0,0,
write_fit,0,global-minus-fixed0.9,visual,err_after,5,-0.06525850767116946,0.0035060967061850902,0,0,5,
write_fit,0,global-minus-fixed0.9,visual,err_before,5,0.0243166515241001,0.002363527411120645,5,0,0,
write_fit,0,global-minus-fixed0.9,visual,err_original_after,5,5.225270593013304e-05,3.910566792026006e-06,5,0,0,
write_fit,0,global-minus-fixed0.9,visual,fit_gain,5,0.08957515919526957,0.005717726102400387,5,0,0,
write_fit,0,protected,audio,err_after,5,0.0017162201370061333,7.70518854147612e-05,,,,
write_fit,0,protected,audio,err_before,5,0.7203966699838174,0.0435905995779466,,,,
write_fit,0,protected,audio,err_original_after,5,0.0017162201370061333,7.70518854147612e-05,,,,
write_fit,0,protected,audio,fit_gain,5,0.7186804498468112,0.043532150532481835,,,,
write_fit,0,protected,text,err_after,5,0.0025622680165603598,6.0197878205885264e-05,,,,
write_fit,0,protected,text,err_before,5,1.084537528712797,0.024984192001918804,,,,
write_fit,0,protected,text,err_original_after,5,0.0025622680165603598,6.0197878205885264e-05,,,,
write_fit,0,protected,text,fit_gain,5,1.0819752606962365,0.02495079825876565,,,,
write_fit,0,protected,visual,err_after,5,0.001679648159369458,8.8084097799179e-05,,,,
write_fit,0,protected,visual,err_before,5,0.6807025506242766,0.03733187946323958,,,,
write_fit,0,protected,visual,err_original_after,5,0.001679648159369458,8.8084097799179e-05,,,,
write_fit,0,protected,visual,fit_gain,5,0.6790229024649072,0.03725466862546326,,,,
write_fit,0,reference,audio,err_after,5,0.0017162201370061333,7.70518854147612e-05,,,,
write_fit,0,reference,audio,err_before,5,0.7203966699838174,0.0435905995779466,,,,
write_fit,0,reference,audio,err_original_after,5,0.0017162201370061333,7.70518854147612e-05,,,,
write_fit,0,reference,audio,fit_gain,5,0.7186804498468112,0.043532150532481835,,,,
write_fit,0,reference,text,err_after,5,0.0025622680165603598,6.0197878205885264e-05,,,,
write_fit,0,reference,text,err_before,5,1.084537528712797,0.024984192001918804,,,,
write_fit,0,reference,text,err_original_after,5,0.0025622680165603598,6.0197878205885264e-05,,,,
write_fit,0,reference,text,fit_gain,5,1.0819752606962365,0.02495079825876565,,,,
write_fit,0,reference,visual,err_after,5,0.001679648159369458,8.8084097799179e-05,,,,
write_fit,0,reference,visual,err_before,5,0.6807025506242766,0.03733187946323958,,,,
write_fit,0,reference,visual,err_original_after,5,0.001679648159369458,8.8084097799179e-05,,,,
write_fit,0,reference,visual,fit_gain,5,0.6790229024649072,0.03725466862546326,,,,
write_fit,0.1,fixed0.9,audio,err_after,5,0.07154592425831742,0.004161271469161085,,,,
write_fit,0.1,fixed0.9,audio,err_before,5,0.7018117654129339,0.04081686760510151,,,,
write_fit,0.1,fixed0.9,audio,err_original_after,5,0.001652214394164465,7.706569128595134e-05,,,,
write_fit,0.1,fixed0.9,audio,fit_gain,5,0.6302658411546164,0.03665564774412259,,,,
write_fit,0.1,fixed0.9,text,err_after,5,0.10664498119086133,0.002300658684597152,,,,
write_fit,0.1,fixed0.9,text,err_before,5,1.0452007992031997,0.022636059643108324,,,,
write_fit,0.1,fixed0.9,text,err_original_after,5,0.002444627115513366,5.272366565502311e-05,,,,
write_fit,0.1,fixed0.9,text,fit_gain,5,0.9385558180123383,0.020335549078403653,,,,
write_fit,0.1,fixed0.9,visual,err_after,5,0.06802820469165552,0.003151835109929809,,,,
write_fit,0.1,fixed0.9,visual,err_before,5,0.6671727777122332,0.030967884809828043,,,,
write_fit,0.1,fixed0.9,visual,err_original_after,5,0.0016193261439211015,7.335203765971803e-05,,,,
write_fit,0.1,fixed0.9,visual,fit_gain,5,0.5991445730205776,0.027816070072788558,,,,
write_fit,0.1,global,audio,err_after,5,0.008829735194003326,0.0006972369730350549,,,,
write_fit,0.1,global,audio,err_before,5,0.7259384419479202,0.04256033943155857,,,,
write_fit,0.1,global,audio,err_original_after,5,0.0017024721917764886,7.939501895453938e-05,,,,
write_fit,0.1,global,audio,fit_gain,5,0.7171087067539169,0.04283346923170082,,,,
write_fit,0.1,global,text,err_after,5,0.01228155172619477,0.0012401685454769794,,,,
write_fit,0.1,global,text,err_before,5,1.081686128317805,0.02367568431540946,,,,
write_fit,0.1,global,text,err_original_after,5,0.0025230678635756207,5.5735315474380385e-05,,,,
write_fit,0.1,global,text,fit_gain,5,1.06940457659161,0.02425964829187524,,,,
write_fit,0.1,global,visual,err_after,5,0.008704800024046621,0.001308550678022977,,,,
write_fit,0.1,global,visual,err_before,5,0.6887343522873357,0.032949599866356816,,,,
write_fit,0.1,global,visual,err_original_after,5,0.0016655966205575013,7.641552562576094e-05,,,,
write_fit,0.1,global,visual,fit_gain,5,0.6800295522632891,0.032431549868557674,,,,
write_fit,0.1,global-minus-fixed0.9,audio,err_after,5,-0.0627161890643141,0.0044709274596001665,0,0,5,
write_fit,0.1,global-minus-fixed0.9,audio,err_before,5,0.024126676534986367,0.0017613205764424815,5,0,0,
write_fit,0.1,global-minus-fixed0.9,audio,err_original_after,5,5.0257797612023646e-05,3.1731931180367424e-06,5,0,0,
write_fit,0.1,global-minus-fixed0.9,audio,fit_gain,5,0.08684286559930048,0.00622756516150008,5,0,0,
write_fit,0.1,global-minus-fixed0.9,text,err_after,5,-0.09436342946466657,0.003080677935452195,0,0,5,
write_fit,0.1,global-minus-fixed0.9,text,err_before,5,0.036485329114605225,0.0015010176924506744,5,0,0,
write_fit,0.1,global-minus-fixed0.9,text,err_original_after,5,7.844074806225505e-05,3.3885150405922765e-06,5,0,0,
write_fit,0.1,global-minus-fixed0.9,text,fit_gain,5,0.13084875857927175,0.0040535659299966624,5,0,0,
write_fit,0.1,global-minus-fixed0.9,visual,err_after,5,-0.0593234046676089,0.002837832568722533,0,0,5,
write_fit,0.1,global-minus-fixed0.9,visual,err_before,5,0.021561574575102615,0.0023109423910950425,5,0,0,
write_fit,0.1,global-minus-fixed0.9,visual,err_original_after,5,4.627047663639996e-05,4.180513936824005e-06,5,0,0,
write_fit,0.1,global-minus-fixed0.9,visual,fit_gain,5,0.08088497924271151,0.005036562298027876,5,0,0,
write_fit,0.1,protected,audio,err_after,5,0.01797814612666859,0.002504623361690314,,,,
write_fit,0.1,protected,audio,err_before,5,0.7227514612641165,0.043248459791453156,,,,
write_fit,0.1,protected,audio,err_original_after,5,0.0016996208927077135,7.954554873656615e-05,,,,
write_fit,0.1,protected,audio,fit_gain,5,0.7047733151374479,0.043858815943738014,,,,
write_fit,0.1,protected,text,err_after,5,0.02375278102553654,0.002096132262538786,,,,
write_fit,0.1,protected,text,err_before,5,1.0815206296763913,0.024289821484458792,,,,
write_fit,0.1,protected,text,err_original_after,5,0.002526737321878005,5.546895989651109e-05,,,,
write_fit,0.1,protected,text,fit_gain,5,1.0577678486508548,0.02524701937257649,,,,
write_fit,0.1,protected,visual,err_after,5,0.01818289842915153,0.0025741864376465206,,,,
write_fit,0.1,protected,visual,err_before,5,0.6836400185646527,0.033980207820999864,,,,
write_fit,0.1,protected,visual,err_original_after,5,0.0016602641234587973,7.772752208311719e-05,,,,
write_fit,0.1,protected,visual,fit_gain,5,0.6654571201355012,0.0323828581922848,,,,
write_fit,0.1,reference,audio,err_after,5,0.001708060532545842,7.909482396964331e-05,,,,
write_fit,0.1,reference,audio,err_before,5,0.7292214181014265,0.04218435958540583,,,,
write_fit,0.1,reference,audio,err_original_after,5,0.001708060532545842,7.909482396964331e-05,,,,
write_fit,0.1,reference,audio,fit_gain,5,0.7275133575688806,0.04211918092637803,,,,
write_fit,0.1,reference,text,err_after,5,0.0025287278599731536,5.577509721032536e-05,,,,
write_fit,0.1,reference,text,err_before,5,1.0850404384267935,0.02351738834374669,,,,
write_fit,0.1,reference,text,err_original_after,5,0.0025287278599731536,5.577509721032536e-05,,,,
write_fit,0.1,reference,text,fit_gain,5,1.0825117105668205,0.023483162186273845,,,,
write_fit,0.1,reference,visual,err_after,5,0.0016703857293794205,7.616936296232066e-05,,,,
write_fit,0.1,reference,visual,err_before,5,0.6917386498792126,0.03271852020537855,,,,
write_fit,0.1,reference,visual,err_original_after,5,0.0016703857293794205,7.616936296232066e-05,,,,
write_fit,0.1,reference,visual,fit_gain,5,0.6900682641498331,0.03265053921327855,,,,
write_fit,0.3,fixed0.9,audio,err_after,5,0.07408018216963344,0.0035912348706359106,,,,
write_fit,0.3,fixed0.9,audio,err_before,5,0.7268573121800116,0.035215459511555205,,,,
write_fit,0.3,fixed0.9,audio,err_original_after,5,0.0016533549567928703,7.081835302964092e-05,,,,
write_fit,0.3,fixed0.9,audio,fit_gain,5,0.6527771300103782,0.03162426258103058,,,,
write_fit,0.3,fixed0.9,text,err_after,5,0.10688221322557312,0.0020112739023264653,,,,
write_fit,0.3,fixed0.9,text,err_before,5,1.0480058819502005,0.01975384028802426,,,,
write_fit,0.3,fixed0.9,text,err_original_after,5,0.0023798407369039127,4.09674917624051e-05,,,,
write_fit,0.3,fixed0.9,text,fit_gain,5,0.9411236687246274,0.017742658900953865,,,,
write_fit,0.3,fixed0.9,visual,err_after,5,0.07048313945035183,0.003573000041621428,,,,
write_fit,0.3,fixed0.9,visual,err_before,5,0.6914308085569608,0.03505454017259308,,,,
write_fit,0.3,fixed0.9,visual,err_original_after,5,0.0016130823434173582,8.539894183471067e-05,,,,
write_fit,0.3,fixed0.9,visual,fit_gain,5,0.6209476691066089,0.03148155073170344,,,,
write_fit,0.3,global,audio,err_after,5,0.02244635098611766,0.001148190403632351,,,,
write_fit,0.3,global,audio,err_before,5,0.7459015505898433,0.03765190711187356,,,,
write_fit,0.3,global,audio,err_original_after,5,0.0016928261831247802,7.480988465570115e-05,,,,
write_fit,0.3,global,audio,fit_gain,5,0.7234551996037257,0.038022413876451375,,,,
write_fit,0.3,global,text,err_after,5,0.03280443561408278,0.0038705927954484666,,,,
write_fit,0.3,global,text,err_before,5,1.0768086075946735,0.021263042643025747,,,,
write_fit,0.3,global,text,err_original_after,5,0.0024411326727480603,4.3552603361688586e-05,,,,
write_fit,0.3,global,text,fit_gain,5,1.0440041719805906,0.024364368429703267,,,,
write_fit,0.3,global,visual,err_after,5,0.0226048421869208,0.002443497023177776,,,,
write_fit,0.3,global,visual,err_before,5,0.7084906899073122,0.03691655111079433,,,,
write_fit,0.3,global,visual,err_original_after,5,0.0016492366719774933,8.830653611030791e-05,,,,
write_fit,0.3,global,visual,fit_gain,5,0.6858858477203914,0.03832583237597311,,,,
write_fit,0.3,global-minus-fixed0.9,audio,err_after,5,-0.05163383118351578,0.004088268863078457,0,0,5,
write_fit,0.3,global-minus-fixed0.9,audio,err_before,5,0.019044238409831715,0.00263931310334606,5,0,0,
write_fit,0.3,global-minus-fixed0.9,audio,err_original_after,5,3.947122633191002e-05,4.992580401384544e-06,5,0,0,
write_fit,0.3,global-minus-fixed0.9,audio,fit_gain,5,0.07067806959334748,0.006590937808246765,5,0,0,
write_fit,0.3,global-minus-fixed0.9,text,err_after,5,-0.07407777761149034,0.005548875003598031,0,0,5,
write_fit,0.3,global-minus-fixed0.9,text,err_before,5,0.028802725644472994,0.0016745034966301716,5,0,0,
write_fit,0.3,global-minus-fixed0.9,text,err_original_after,5,6.129193584414744e-05,3.421128202452031e-06,5,0,0,
write_fit,0.3,global-minus-fixed0.9,text,fit_gain,5,0.10288050325596335,0.00707610028323212,5,0,0,
write_fit,0.3,global-minus-fixed0.9,visual,err_after,5,-0.04787829726343103,0.005290794022681385,0,0,5,
write_fit,0.3,global-minus-fixed0.9,visual,err_before,5,0.01705988135035146,0.00264199315570558,5,0,0,
write_fit,0.3,global-minus-fixed0.9,visual,err_original_after,5,3.615432856013522e-05,4.673506170800882e-06,5,0,0,
write_fit,0.3,global-minus-fixed0.9,visual,fit_gain,5,0.06493817861378248,0.007557274805161049,5,0,0,
write_fit,0.3,protected,audio,err_after,5,0.04582948559687151,0.003438267344059011,,,,
write_fit,0.3,protected,audio,err_before,5,0.7370436204060605,0.039502803967418745,,,,
write_fit,0.3,protected,audio,err_original_after,5,0.0016830338755464498,7.66823507280237e-05,,,,
write_fit,0.3,protected,audio,fit_gain,5,0.691214134809189,0.04036667436730039,,,,
write_fit,0.3,protected,text,err_after,5,0.06570075434175145,0.007508302878342747,,,,
write_fit,0.3,protected,text,err_before,5,1.0760613931426637,0.02296614881616971,,,,
write_fit,0.3,protected,text,err_original_after,5,0.0024477688438857073,4.4942170009680254e-05,,,,
write_fit,0.3,protected,text,fit_gain,5,1.010360638800912,0.028639824633987773,,,,
write_fit,0.3,protected,visual,err_after,5,0.047060480039742385,0.0036419225952553087,,,,
write_fit,0.3,protected,visual,err_before,5,0.6962201688363903,0.037957099197487354,,,,
write_fit,0.3,protected,visual,err_original_after,5,0.0016328538794769985,8.962532618023576e-05,,,,
write_fit,0.3,protected,visual,fit_gain,5,0.6491596887966479,0.039299694844333356,,,,
write_fit,0.3,reference,audio,err_after,5,0.0017095100868207828,7.297340823771487e-05,,,,
write_fit,0.3,reference,audio,err_before,5,0.7552519258894377,0.0363039292198319,,,,
write_fit,0.3,reference,audio,err_original_after,5,0.0017095100868207828,7.297340823771487e-05,,,,
write_fit,0.3,reference,audio,fit_gain,5,0.7535424158026169,0.03623957536259269,,,,
write_fit,0.3,reference,text,err_after,5,0.0024575856518830844,4.277813277505906e-05,,,,
write_fit,0.3,reference,text,err_before,5,1.0861363407094866,0.02066075985719236,,,,
write_fit,0.3,reference,text,err_original_after,5,0.0024575856518830844,4.277813277505906e-05,,,,
write_fit,0.3,reference,text,fit_gain,5,1.0836787550576035,0.020628565554551975,,,,
write_fit,0.3,reference,visual,err_after,5,0.0016622209957236143,8.918293307541987e-05,,,,
write_fit,0.3,reference,visual,err_before,5,0.7161562463949679,0.03701638325423162,,,,
write_fit,0.3,reference,visual,err_original_after,5,0.0016622209957236143,8.918293307541987e-05,,,,
write_fit,0.3,reference,visual,fit_gain,5,0.7144940253992442,0.03693052099745414,,,,
write_fit,0.5,fixed0.9,audio,err_after,5,0.07567931397295881,0.003587586814169637,,,,
write_fit,0.5,fixed0.9,audio,err_before,5,0.7427594695321196,0.03521060183182438,,,,
write_fit,0.5,fixed0.9,audio,err_original_after,5,0.0016295142281455887,6.582659587883738e-05,,,,
write_fit,0.5,fixed0.9,audio,fit_gain,5,0.6670801555591608,0.03162303385643015,,,,
write_fit,0.5,fixed0.9,text,err_after,5,0.10750124428581181,0.002505649490832591,,,,
write_fit,0.5,fixed0.9,text,err_before,5,1.0545828747197312,0.024521355869060308,,,,
write_fit,0.5,fixed0.9,text,err_original_after,5,0.0023173329039417015,6.122248534178551e-05,,,,
write_fit,0.5,fixed0.9,text,fit_gain,5,0.9470816304339194,0.022015776007273717,,,,
write_fit,0.5,fixed0.9,visual,err_after,5,0.07324900193492814,0.003877143700512829,,,,
write_fit,0.5,fixed0.9,visual,err_before,5,0.7188242826039236,0.03800272509101681,,,,
write_fit,0.5,fixed0.9,visual,err_original_after,5,0.001599711100104276,9.584503191734392e-05,,,,
write_fit,0.5,fixed0.9,visual,fit_gain,5,0.6455752806689955,0.03412558341297988,,,,
write_fit,0.5,global,audio,err_after,5,0.03815280443558535,0.0022173013555587045,,,,
write_fit,0.5,global,audio,err_before,5,0.755628179720288,0.03758425157082212,,,,
write_fit,0.5,global,audio,err_original_after,5,0.00165646555317768,7.00127273042525e-05,,,,
write_fit,0.5,global,audio,fit_gain,5,0.7174753752847026,0.03903736864713359,,,,
write_fit,0.5,global,text,err_after,5,0.05687223779261448,0.005395365216362959,,,,
write_fit,0.5,global,text,err_before,5,1.0749951455890019,0.026289412503125328,,,,
write_fit,0.5,global,text,err_original_after,5,0.0023607406979038177,6.47324391652927e-05,,,,
write_fit,0.5,global,text,fit_gain,5,1.0181229077963874,0.029473969809066074,,,,
write_fit,0.5,global,visual,err_after,5,0.03902711479283551,0.0011491484900210637,,,,
write_fit,0.5,global,visual,err_before,5,0.7300998107264879,0.0404095686817699,,,,
write_fit,0.5,global,visual,err_original_after,5,0.0016240086827331347,0.00010032646295380986,,,,
write_fit,0.5,global,visual,fit_gain,5,0.6910726959336524,0.041184609329687975,,,,
write_fit,0.5,global-minus-fixed0.9,audio,err_after,5,-0.03752650953737346,0.005251663320194337,0,0,5,
write_fit,0.5,global-minus-fixed0.9,audio,err_before,5,0.012868710188168398,0.002674170430902652,5,0,0,
write_fit,0.5,global-minus-fixed0.9,audio,err_original_after,5,2.6951325032091577e-05,4.84770837300114e-06,5,0,0,
write_fit,0.5,global-minus-fixed0.9,audio,fit_gain,5,0.05039521972554188,0.007876106333732279,5,0,0,
write_fit,0.5,global-minus-fixed0.9,text,err_after,5,-0.05062900649319734,0.006926289821812076,0,0,5,
write_fit,0.5,global-minus-fixed0.9,text,err_before,5,0.02041227086927071,0.0025039086595018884,5,0,0,
write_fit,0.5,global-minus-fixed0.9,text,err_original_after,5,4.340779396211601e-05,5.132013810953069e-06,5,0,0,
write_fit,0.5,global-minus-fixed0.9,text,fit_gain,5,0.07104127736246797,0.00936873983149657,5,0,0,
write_fit,0.5,global-minus-fixed0.9,visual,err_after,5,-0.034221887142092636,0.0047070337401974045,0,0,5,
write_fit,0.5,global-minus-fixed0.9,visual,err_before,5,0.011275528122564294,0.0025689129393432443,5,0,0,
write_fit,0.5,global-minus-fixed0.9,visual,err_original_after,5,2.429758262885869e-05,4.878058174525129e-06,5,0,0,
write_fit,0.5,global-minus-fixed0.9,visual,fit_gain,5,0.045497415264656935,0.007234104297304977,5,0,0,
write_fit,0.5,protected,audio,err_after,5,0.072748367791879,0.0034600859531038787,,,,
write_fit,0.5,protected,audio,err_before,5,0.7408391430176974,0.041222856644989946,,,,
write_fit,0.5,protected,audio,err_original_after,5,0.001632841775718466,7.426703462067098e-05,,,,
write_fit,0.5,protected,audio,fit_gain,5,0.6680907752258183,0.043389393676909575,,,,
write_fit,0.5,protected,text,err_after,5,0.10917318340570821,0.009321605265470151,,,,
write_fit,0.5,protected,text,err_before,5,1.0722560272722537,0.029025738466864626,,,,
write_fit,0.5,protected,text,err_original_after,5,0.002361950184686328,6.685290419958682e-05,,,,
write_fit,0.5,protected,text,fit_gain,5,0.9630828438665454,0.03506528291173779,,,,
write_fit,0.5,protected,visual,err_after,5,0.0764506802497192,0.0017184911735745377,,,,
write_fit,0.5,protected,visual,err_before,5,0.7130661701791123,0.03990578783635627,,,,
write_fit,0.5,protected,visual,err_original_after,5,0.0015972822012572869,0.00010054597234455219,,,,
write_fit,0.5,protected,visual,fit_gain,5,0.6366154899293932,0.03916591776822486,,,,
write_fit,0.5,reference,audio,err_after,5,0.0016840815652178584,6.900548146722604e-05,,,,
write_fit,0.5,reference,audio,err_before,5,0.7706345664729988,0.03682281017310564,,,,
write_fit,0.5,reference,audio,err_original_after,5,0.0016840815652178584,6.900548146722604e-05,,,,
write_fit,0.5,reference,audio,fit_gain,5,0.768950484907781,0.03675679473836543,,,,
write_fit,0.5,reference,text,err_after,5,0.0023917888550858317,6.468258056214468e-05,,,,
write_fit,0.5,reference,text,err_before,5,1.0915004335687575,0.025516651550286186,,,,
write_fit,0.5,reference,text,err_original_after,5,0.0023917888550858317,6.468258056214468e-05,,,,
write_fit,0.5,reference,text,fit_gain,5,1.0891086447136715,0.02545801129773819,,,,
write_fit,0.5,reference,visual,err_after,5,0.0016469563109268858,0.00010144302309427366,,,,
write_fit,0.5,reference,visual,err_before,5,0.7428627135266515,0.04089036523892632,,,,
write_fit,0.5,reference,visual,err_original_after,5,0.0016469563109268858,0.00010144302309427366,,,,
write_fit,0.5,reference,visual,fit_gain,5,0.7412157572157245,0.04078957915994191,,,,
write_fit,0.7,fixed0.9,audio,err_after,5,0.07783105799792697,0.003234832704451597,,,,
write_fit,0.7,fixed0.9,audio,err_before,5,0.7640941233525653,0.03173749150812755,,,,
write_fit,0.7,fixed0.9,audio,err_original_after,5,0.0016145779204472083,6.270419637307954e-05,,,,
write_fit,0.7,fixed0.9,audio,fit_gain,5,0.6862630653546383,0.02850266877931667,,,,
write_fit,0.7,fixed0.9,text,err_after,5,0.10770281710007007,0.0016267914433234576,,,,
write_fit,0.7,fixed0.9,text,err_before,5,1.0570644595241427,0.01588974927879168,,,,
write_fit,0.7,fixed0.9,text,err_original_after,5,0.0022430706406477447,4.092091255033382e-05,,,,
write_fit,0.7,fixed0.9,text,fit_gain,5,0.9493616424240727,0.014262995581877115,,,,
write_fit,0.7,fixed0.9,visual,err_after,5,0.07421595949358648,0.00274151256333165,,,,
write_fit,0.7,fixed0.9,visual,err_before,5,0.7285390377212209,0.026915291098231306,,,,
write_fit,0.7,fixed0.9,visual,err_original_after,5,0.0015544778992021275,6.135796542761904e-05,,,,
write_fit,0.7,fixed0.9,visual,fit_gain,5,0.6543230782276344,0.024173785768573923,,,,
write_fit,0.7,global,audio,err_after,5,0.054863817477340766,0.0030524917420933734,,,,
write_fit,0.7,global,audio,err_before,5,0.771193978801347,0.034017205514444884,,,,
write_fit,0.7,global,audio,err_original_after,5,0.0016295993633249429,6.665511754680984e-05,,,,
write_fit,0.7,global,audio,fit_gain,5,0.7163301613240062,0.03516116482231872,,,,
write_fit,0.7,global,text,err_after,5,0.08240756475925048,0.01043300371499827,,,,
write_fit,0.7,global,text,err_before,5,1.0695929599756058,0.01775804327021166,,,,
write_fit,0.7,global,text,err_original_after,5,0.0022694533527562854,4.436485619767683e-05,,,,
write_fit,0.7,global,text,fit_gain,5,0.9871853952163553,0.02530194998457009,,,,
write_fit,0.7,global,visual,err_after,5,0.05444968172722267,0.0024761036740755457,,,,
write_fit,0.7,global,visual,err_before,5,0.7337588318172187,0.027175545244755087,,,,
write_fit,0.7,global,visual,err_original_after,5,0.0015659879874284912,6.173404818143028e-05,,,,
write_fit,0.7,global,visual,fit_gain,5,0.679309150089996,0.025168698041251263,,,,
write_fit,0.7,global-minus-fixed0.9,audio,err_after,5,-0.02296724052058621,0.005130979388105009,0,0,5,
write_fit,0.7,global-minus-fixed0.9,audio,err_before,5,0.0070998554487816,0.002345441189154376,5,0,0,
write_fit,0.7,global-minus-fixed0.9,audio,err_original_after,5,1.5021442877734486e-05,4.295233346069647e-06,5,0,0,
write_fit,0.7,global-minus-fixed0.9,audio,fit_gain,5,0.03006709596936783,0.007240768886287815,5,0,0,
write_fit,0.7,global-minus-fixed0.9,text,err_after,5,-0.02529525234081959,0.011339758227831653,0,0,5,
write_fit,0.7,global-minus-fixed0.9,text,err_before,5,0.012528500451462986,0.0026351735483462076,5,0,0,
write_fit,0.7,global-minus-fixed0.9,text,err_original_after,5,2.6382712108540418e-05,5.127439880309697e-06,5,0,0,
write_fit,0.7,global-minus-fixed0.9,text,fit_gain,5,0.03782375279228258,0.013766658266590905,5,0,0,
write_fit,0.7,global-minus-fixed0.9,visual,err_after,5,-0.0197662777663638,0.001453226261031531,0,0,5,
write_fit,0.7,global-minus-fixed0.9,visual,err_before,5,0.005219794095997843,0.0014372555247463606,5,0,0,
write_fit,0.7,global-minus-fixed0.9,visual,err_original_after,5,1.1510088226363708e-05,2.3061853710974867e-06,5,0,0,
write_fit,0.7,global-minus-fixed0.9,visual,fit_gain,5,0.02498607186236166,0.0027502293936692286,5,0,0,
write_fit,0.7,protected,audio,err_after,5,0.09773524469939145,0.00361338754079963,,,,
write_fit,0.7,protected,audio,err_before,5,0.7495047082201551,0.037699607161503654,,,,
write_fit,0.7,protected,audio,err_original_after,5,0.0015894543153903797,7.215163586935016e-05,,,,
write_fit,0.7,protected,audio,fit_gain,5,0.6517694635207637,0.037446365958118795,,,,
write_fit,0.7,protected,text,err_after,5,0.15128226029621528,0.017986727454430387,,,,
write_fit,0.7,protected,text,err_before,5,1.0663587489501367,0.0218720995336299,,,,
write_fit,0.7,protected,text,err_original_after,5,0.0022668320754925557,5.022248431027823e-05,,,,
write_fit,0.7,protected,text,fit_gain,5,0.9150764886539214,0.03502583686221946,,,,
write_fit,0.7,protected,visual,err_after,5,0.09793060075368692,0.004527823742693465,,,,
write_fit,0.7,protected,visual,err_before,5,0.7088834786386798,0.026932884574537335,,,,
write_fit,0.7,protected,visual,err_original_after,5,0.0015206306820947698,6.133660122403189e-05,,,,
write_fit,0.7,protected,visual,fit_gain,5,0.6109528778849929,0.022746733656394527,,,,
write_fit,0.7,reference,audio,err_after,5,0.0016693000876043852,6.271378321376056e-05,,,,
write_fit,0.7,reference,audio,err_before,5,0.791934566338212,0.03167550522627984,,,,
write_fit,0.7,reference,audio,err_original_after,5,0.0016693000876043852,6.271378321376056e-05,,,,
write_fit,0.7,reference,audio,fit_gain,5,0.7902652662506077,0.03161444801100211,,,,
write_fit,0.7,reference,text,err_after,5,0.0023133625976450726,4.281975170848774e-05,,,,
write_fit,0.7,reference,text,err_before,5,1.0920779816426074,0.016320978332097568,,,,
write_fit,0.7,reference,text,err_original_after,5,0.0023133625976450726,4.281975170848774e-05,,,,
write_fit,0.7,reference,text,fit_gain,5,1.0897646190449624,0.01628015141877347,,,,
write_fit,0.7,reference,visual,err_after,5,0.0015983698566350334,6.436791699239665e-05,,,,
write_fit,0.7,reference,visual,err_before,5,0.750972367175165,0.028413368733846978,,,,
write_fit,0.7,reference,visual,err_original_after,5,0.0015983698566350334,6.436791699239665e-05,,,,
write_fit,0.7,reference,visual,fit_gain,5,0.7493739973185299,0.02834982986800985,,,,
write_fit,all,fixed0.9,audio,err_after,5,0.07396943886433092,0.0037204248792516376,,,,
write_fit,all,fixed0.9,audio,err_before,5,0.7258125261316378,0.03649794953454169,,,,
write_fit,all,fixed0.9,audio,err_original_after,5,0.0016419930180185712,6.825014512701337e-05,,,,
write_fit,all,fixed0.9,audio,fit_gain,5,0.6518430872673069,0.03277755956424042,,,,
write_fit,all,fixed0.9,text,err_after,5,0.10705600912409743,0.0021358615255517286,,,,
write_fit,all,fixed0.9,text,err_before,5,1.0497755645696294,0.020962421493525667,,,,
write_fit,all,fixed0.9,text,err_original_after,5,0.002372004586210009,4.735925091919551e-05,,,,
write_fit,all,fixed0.9,text,fit_gain,5,0.9427195554455319,0.018826650755895177,,,,
write_fit,all,fixed0.9,visual,err_after,5,0.07058289228021218,0.0033134282888744944,,,,
write_fit,all,fixed0.9,visual,err_before,5,0.6924705611389029,0.032517911262063104,,,,
write_fit,all,fixed0.9,visual,err_original_after,5,0.0016027985880168376,7.83469405434445e-05,,,,
write_fit,all,fixed0.9,visual,fit_gain,5,0.6218876688586908,0.029204491119562494,,,,
write_fit,all,global,audio,err_after,5,0.02520178564601065,0.000865324280861109,,,,
write_fit,all,global,audio,err_before,5,0.7438117642086431,0.03864914875186486,,,,
write_fit,all,global,audio,err_original_after,5,0.001679516685682005,7.151304531124852e-05,,,,
write_fit,all,global,audio,fit_gain,5,0.7186099785626325,0.039432126582404074,,,,
write_fit,all,global,text,err_after,5,0.03738561158174057,0.0039477401101820535,,,,
write_fit,all,global,text,err_before,5,1.0775240740379766,0.022278221499862794,,,,
write_fit,all,global,text,err_original_after,5,0.0024313325207088285,4.967815623233001e-05,,,,
write_fit,all,global,text,fit_gain,5,1.040138462456236,0.024473767862224813,,,,
write_fit,all,global,visual,err_after,5,0.025293217378079012,0.0011499929095275824,,,,
write_fit,all,global,visual,err_before,5,0.7083572470725262,0.03420326684097645,,,,
write_fit,all,global,visual,err_original_after,5,0.0016368956244132158,8.100575729915778e-05,,,,
write_fit,all,global,visual,fit_gain,5,0.6830640296944472,0.034185207474668536,,,,
write_fit,all,global-minus-fixed0.9,audio,err_after,5,-0.04876765321832028,0.00451874950583534,0,0,5,
write_fit,all,global-minus-fixed0.9,audio,err_before,5,0.017999238077005354,0.002193480328623368,5,0,0,
write_fit,all,global-minus-fixed0.9,audio,err_original_after,5,3.75236676634338e-05,3.955341962356477e-06,5,0,0,
write_fit,all,global-minus-fixed0.9,audio,fit_gain,5,0.06676689129532565,0.0066699458560153775,5,0,0,
write_fit,all,global-minus-fixed0.9,text,err_after,5,-0.06967039754235685,0.0053131674106503815,0,0,5,
write_fit,all,global-minus-fixed0.9,text,err_before,5,0.02774850946834733,0.00149425221299656,5,0,0,
write_fit,all,global-minus-fixed0.9,text,err_original_after,5,5.9327934498819517e-05,2.9186326406709553e-06,5,0,0,
write_fit,all,global-minus-fixed0.9,text,fit_gain,5,0.09741890701070416,0.006552982754575915,5,0,0,
write_fit,all,global-minus-fixed0.9,visual,err_after,5,-0.04528967490213316,0.0034358447109016942,0,0,5,
write_fit,all,global-minus-fixed0.9,visual,err_before,5,0.01588668593362326,0.0021001503598194735,5,0,0,
write_fit,all,global-minus-fixed0.9,visual,err_original_after,5,3.409703639637812e-05,3.564860362917315e-06,5,0,0,
write_fit,all,global-minus-fixed0.9,visual,fit_gain,5,0.061176360835756435,0.005428869080957093,5,0,0,
write_fit,all,protected,audio,err_after,5,0.047201492870363335,0.001317259111198185,,,,
write_fit,all,protected,audio,err_before,5,0.7341071205783694,0.04073906597214982,,,,
write_fit,all,protected,audio,err_original_after,5,0.0016642341992738285,7.33475655297665e-05,,,,
write_fit,all,protected,audio,fit_gain,5,0.686905627708006,0.04154253538970896,,,,
write_fit,all,protected,text,err_after,5,0.07049424941715436,0.0070051498644809074,,,,
write_fit,all,protected,text,err_before,5,1.0761468655508486,0.02400459872458254,,,,
write_fit,all,protected,text,err_original_after,5,0.002433111288500591,5.099336170180888e-05,,,,
write_fit,all,protected,text,fit_gain,5,1.005652616133694,0.02792624855257654,,,,
write_fit,all,protected,visual,err_after,5,0.048260861526333895,0.0020817451671744304,,,,
write_fit,all,protected,visual,err_before,5,0.6965024773686224,0.034343188071896805,,,,
write_fit,all,protected,visual,err_original_after,5,0.001618135809131462,8.127961594632477e-05,,,,
write_fit,all,protected,visual,fit_gain,5,0.6482416158422885,0.033382550033919794,,,,
write_fit,all,reference,audio,err_after,5,0.0016974344818390004,7.016524773627225e-05,,,,
write_fit,all,reference,audio,err_before,5,0.7534878293571785,0.037619404904108734,,,,
write_fit,all,reference,audio,err_original_after,5,0.0016974344818390004,7.016524773627225e-05,,,,
write_fit,all,reference,audio,fit_gain,5,0.7517903948753395,0.037557134953621875,,,,
write_fit,all,reference,text,err_after,5,0.0024507465962295004,4.988992283330614e-05,,,,
write_fit,all,reference,text,err_before,5,1.0878585446120883,0.021811245996473827,,,,
write_fit,all,reference,text,err_original_after,5,0.0024507465962295004,4.988992283330614e-05,,,,
write_fit,all,reference,text,fit_gain,5,1.085407798015859,0.021772316851781808,,,,
write_fit,all,reference,visual,err_after,5,0.0016515162104068822,8.19500792686637e-05,,,,
write_fit,all,reference,visual,err_before,5,0.7164865055200547,0.03450908628338723,,,,
write_fit,all,reference,visual,err_original_after,5,0.0016515162104068822,8.19500792686637e-05,,,,
write_fit,all,reference,visual,fit_gain,5,0.7148349893096478,0.03443056239227247,,,,
