seed,rate,pattern,n,base_zero_fraction,gap_zero_fraction,base_norm_valid_count,base_norm_mean,base_norm_median,base_norm_p90,gap_norm_valid_count,gap_norm_mean,gap_norm_median,gap_norm_p90,difference_norm_valid_count,difference_norm_mean,difference_norm_median,difference_norm_p90,sum_norm_valid_count,sum_norm_mean,sum_norm_median,sum_norm_p90,cosine_valid_count,cosine_mean,cosine_median,cosine_p90,relative_difference_valid_count,relative_difference_mean,relative_difference_median,relative_difference_p90,gap_base_norm_ratio_valid_count,gap_base_norm_ratio_mean,gap_base_norm_ratio_median,gap_base_norm_ratio_p90,centered_base_norm_valid_count,centered_base_norm_mean,centered_base_norm_median,centered_base_norm_p90,centered_gap_norm_valid_count,centered_gap_norm_mean,centered_gap_norm_median,centered_gap_norm_p90,centered_cosine_valid_count,centered_cosine_mean,centered_cosine_median,centered_cosine_p90
66,0.0,AT,0,,,,,,,,,,,,,,,,,,,,,,,,,,,,,,,,,,,,,,,,,,
66,0.0,AV,0,,,,,,,,,,,,,,,,,,,,,,,,,,,,,,,,,,,,,,,,,,
66,0.0,TV,0,,,,,,,,,,,,,,,,,,,,,,,,,,,,,,,,,,,,,,,,,,
66,0.1,AT,50,0.08,0.08,50,8.850055729799179,9.347897571200857,11.310757234510113,50,6.03074798974982,6.412608048958932,7.468469454888827,50,7.688212919937029,7.913288283583075,10.663272648505117,50,13.048158554800757,13.633210680825062,16.070628379099187,46,0.5187227853222476,0.5393568701208453,0.6620462440647148,46,0.5141014522714977,0.5034343659895415,0.626889960576361,46,0.6986494410391879,0.7107887177046825,0.8711763032684174,50,4.7583688988085235,4.445738528275402,7.841070464557587,50,3.2997554921092798,3.1191989017614805,5.260512922290128,50,0.3522846299906899,0.4652835315797792,0.8022863286315871
66,0.1,AV,55,0.03636363636363636,0.03636363636363636,55,9.482071349167589,9.283827983415508,13.387942868702018,55,6.113214081108526,5.895937083709274,8.027096314624133,55,8.00897895829321,7.984088957778784,9.993762421616779,55,13.727824100120534,13.334372854201375,19.35891152138466,53,0.5003645480885897,0.5321412963000342,0.7144573357291728,53,0.5271612401945717,0.5166935311120019,0.6366784636879462,53,0.6488682905013865,0.644689531265869,0.7549676028724011,55,4.646256671111772,4.27872128121676,7.343441589271893,55,3.5861159006813543,3.5101770029826524,5.796921289388472,55,0.6646797503003201,0.7649607985336374,0.9252511596885012
66,0.1,TV,60,0.0,0.0,60,9.755050212475608,10.024910642350644,12.651231196348704,60,5.194875072444087,4.998943909737553,6.103598541170722,60,8.81074823462732,8.61200509251545,11.582001714288566,60,12.956708714659966,13.263395465903097,15.697054762076341,60,0.43817432653752075,0.4548134429061578,0.5539161093365532,60,0.5892659483477792,0.595636155838168,0.6611627285268408,60,0.550590565859917,0.5544751164541643,0.6914056008799583,60,4.990846468672297,4.844212074867532,7.441391799333912,60,1.8026444012144962,1.6335232068637782,2.7316714405392117,60,0.22007002427393457,0.28529485949734024,0.5442551652602596
66,0.2,AT,77,0.025974025974025976,0.025974025974025976,77,8.995786015028193,9.23365567050468,11.678044150096238,77,5.967109086835045,6.194672341503054,7.154113688320571,77,7.496013346797424,7.3504084010935555,10.509320650249235,77,13.277258727997967,13.651629666233156,16.299669879133788,75,0.5494203114851037,0.6005342091814972,0.7373597016429017,75,0.5008577735718863,0.48360260934151905,0.6264952222630575,75,0.6744146428520048,0.6657024308376855,0.8363911489705377,77,4.818041832158256,4.2499250843124345,7.760732372529053,77,3.0277541758804176,2.843206969989861,5.021457322518383,77,0.37572197707542143,0.47157009521889537,0.8568927172710373
66,0.2,AV,93,0.03225806451612903,0.03225806451612903,93,9.140298050860201,9.283201473636666,12.0687181727333,93,5.730879199449343,5.668241356281746,8.025024097990396,93,7.761990217546649,7.929401574098989,9.647894867945322,93,13.075617956182517,13.332052450152512,17.96385945769595,90,0.48025052945751806,0.5451736358179926,0.7068456371028423,90,0.543177749411553,0.5219007247411533,0.6763947206411269,90,0.6251941492448373,0.6284234579800089,0.7436274495771693,93,4.85397550513794,4.476558683944863,7.588254841719911,93,3.637071142449405,3.5215822646867814,5.171373680005248,93,0.7142758647440975,0.7614187362041338,0.9246089832652642
66,0.2,TV,85,0.023529411764705882,0.023529411764705882,85,9.702613427831714,10.095091639734585,12.21228407498751,85,4.962039162058739,5.168963431996095,5.960005784652355,85,8.611887377245871,8.736157901048227,10.92758664606952,85,12.836919307624322,13.705478403440898,15.110601186959634,83,0.4665502242520789,0.46913777990900796,0.5699660745262017,83,0.5877348895114752,0.5929185453924303,0.6560907554975615,83,0.5251523707308206,0.49577290284021963,0.6958977511536293,85,4.53569427178927,4.240577733153985,6.8772705545116635,85,1.8062817855714324,1.5978748858655933,2.496306854475683,85,0.22028142180665386,0.343923887614701,0.5611472636222236
66,0.3,AT,100,0.02,0.02,100,9.016297182796032,9.029159095749623,11.801889553560569,100,5.9624663534628475,6.246534236005181,7.191387041062924,100,7.445826423139555,7.361163186066451,10.084928380304898,100,13.365230577969411,13.660411002885294,16.56809266088105,98,0.57215741463764,0.6043166356084985,0.7107380145713396,98,0.4936828810628,0.49246192795296634,0.5974668703815003,98,0.676800053256757,0.6672906991406538,0.8207971281849065,100,4.812823944895752,4.765692502413898,7.16062933782877,100,2.9268875895601347,2.70680653699874,4.472187073573279,100,0.4430592688468348,0.5675974998499952,0.8075241329518051
66,0.3,AV,114,0.06140350877192982,0.06140350877192982,114,8.432014259113132,8.472283513078512,11.970844372550015,114,5.256445101438313,5.176364447139435,7.89853689270109,114,7.3195536912405865,7.86375420305051,9.313214058448734,114,11.91474144838467,11.818816231538134,18.266334200513345,107,0.4581184436615493,0.5050069815994688,0.716157076237459,107,0.5549748630906352,0.5512398250696314,0.7006734209892684,107,0.61883781994963,0.6284812268920503,0.7378830205943088,114,5.130730408276025,4.853785992859144,7.283407820163002,114,3.8388996058309433,3.9147351740383707,5.5442541181782,114,0.6878964649200501,0.757671390212153,0.9200487840848414
66,0.3,TV,77,0.025974025974025976,0.025974025974025976,77,9.263280379111807,9.0345716971212,12.48792662688691,77,4.974039625616248,5.139698972943122,6.138996614792354,77,8.24961002451561,7.878666412202775,11.470005157488414,77,12.416518729480657,13.060696245880969,15.30116829266833,75,0.46724005675323876,0.47468820144145046,0.5993481583189363,75,0.5771242281772273,0.5788417756604143,0.6692425838993799,75,0.5531538536901123,0.5481374906438684,0.7172276466650094,77,4.716039896874816,4.390699680223006,7.295956705017998,77,1.8042117941679883,1.6015830236332624,2.584852582291111,77,0.25193199193884963,0.2685230006427905,0.6639382333687249
66,0.4,AT,97,0.041237113402061855,0.041237113402061855,97,8.252120002994124,8.612414965619557,10.682155825308074,97,5.502941167359715,6.083658102879273,6.813299793859577,97,6.874040629198755,6.938176848193761,9.829804950769356,97,12.259105268805568,13.056191139911437,15.066416741512029,93,0.5622294829715176,0.584997454115406,0.7368019943156812,93,0.5048153368183165,0.4878870072484752,0.6244916528563837,93,0.6743133260249955,0.69868945013503,0.8661248934936135,97,4.901303736381154,4.509322668836442,7.182830495436148,97,3.0648175949799614,2.8204144441593355,4.819522081739394,97,0.40815373640789154,0.4737754192192041,0.859741878712531
66,0.4,AV,90,0.022222222222222223,0.022222222222222223,90,9.19312938326307,9.396805658920517,12.419271649062198,90,5.729852789406658,5.888778313192864,7.78166281042429,90,7.761910759289309,7.879833957738658,9.481174389191066,90,13.175354623594508,13.21523546886829,18.098706773002878,88,0.4913278907372077,0.5706404623256549,0.6979864941306926,88,0.543006433902881,0.5176795002609359,0.6848312085192049,88,0.6203080042900534,0.6403698924062295,0.7477858845696225,90,5.155034074661531,4.829316315334291,7.914825574015103,90,3.850502012834062,3.848397746427483,6.118523573243376,90,0.7096602939439185,0.7908971367614044,0.9443453850488732
66,0.4,TV,100,0.05,0.05,100,8.855978931211112,9.145817846656078,11.723738332699792,100,4.074502942231475,4.6792518802881276,5.534323266760421,100,8.06550906694711,8.287901374451764,10.781017801519443,100,11.313748168234456,11.868544032727,14.437240589368862,95,0.4288121206696919,0.45569309352356047,0.5443762932332523,95,0.6338705596481368,0.6108721242209757,0.7715830841553735,95,0.46898829713831724,0.47906044018085847,0.6744116813435165,100,5.074607087366296,4.485582299091448,7.6555890780629126,100,1.9822093045567584,1.71904500156112,3.8442077781410444,100,0.3280318139735984,0.4280773646837135,0.5813918990917101
66,0.5,AT,76,0.05263157894736842,0.05263157894736842,76,8.4063965581786,8.525829142513139,11.22675982603268,76,5.358622140803903,5.924384635544448,6.929383713547303,76,6.958341347564342,7.298086898249518,9.85388703537205,76,12.291738973803476,12.943934431937084,15.780109805248351,72,0.5570736375435759,0.5675060270514665,0.7283447930530261,72,0.5102068975537138,0.5052961322199008,0.6226601181956335,72,0.6459788638323379,0.6658573767441094,0.8381351602328417,76,5.038203459221218,4.672224022996474,7.5884099093302275,76,2.971792883101454,2.6919743297660634,4.6416179031178295,76,0.43010915038895037,0.45551934764990687,0.8235223970466596
66,0.5,AV,84,0.0,0.0,84,9.34226915708019,9.248753143764425,12.318272597462787,84,5.566592421315046,5.667395735412652,7.780475823865989,84,7.548907897382959,7.7504177218382875,9.322823211663916,84,13.351333218287586,13.091571034343886,18.18448061955229,84,0.5501712976198155,0.6181427639065378,0.7230119363221805,84,0.5207889251646401,0.5104060596806461,0.6760088533165461,84,0.5899207413873702,0.5908437574643087,0.7354149763338796,84,4.836704220602546,4.212781446585147,7.485256644635941,84,3.2213378512308863,2.8814849399426974,5.112499832156652,84,0.6057728655567061,0.6457541915031855,0.9053214344746783
66,0.5,TV,89,0.011235955056179775,0.011235955056179775,89,8.946891299633865,9.047741280704113,11.984917599890911,89,4.251145253780254,4.539080126186672,5.279881142622846,89,8.12398388065127,8.232640465051958,11.046057757976781,89,11.490663435367903,11.74977478940682,14.823062565148843,88,0.4381026090805545,0.4470538812452627,0.5386717758556627,88,0.6176363397535694,0.6161843023487348,0.6752889255351816,88,0.4872814742510968,0.47694127280238263,0.6590127220496058,89,5.00796816029809,4.8470103415298285,7.272797499617947,89,1.6281147119974622,1.4275063717216383,2.473502071984782,89,0.2181192765191489,0.298726611615013,0.5706572361973526
66,0.6,AT,61,0.04918032786885246,0.04918032786885246,61,8.42641981215908,8.2979366628621,11.888723778183236,61,5.439634278699343,5.794308073551908,6.635397046264561,61,6.964330181455103,7.008032769537583,9.93018907097689,61,12.366396021889805,12.968227860829002,16.367052988815267,58,0.5732622634070718,0.5820658471853832,0.7106332988119524,58,0.49875798374980046,0.5018489235672825,0.5876630203695224,58,0.6583778871143314,0.6682239126132041,0.8032335226776152,61,4.920699507745383,4.702199745329807,7.165601046641009,61,2.6875285209596886,2.4108716313185443,4.72618059623874,61,0.4224774834880957,0.475909300504126,0.8097764207757117
66,0.6,AV,64,0.0625,0.0625,64,8.406192124396707,8.415237291529998,11.11730657865779,64,4.621593141074557,4.836353211701619,6.980984510611827,64,7.142881486429502,7.638708253530632,8.833735732854489,64,11.528034862579553,11.591252614075742,16.68603320363649,60,0.487001484461825,0.539180264039167,0.6975308104235158,60,0.5670660552323353,0.5538258437150315,0.6851600865134675,60,0.5466050430124854,0.5741759062129506,0.6586966494528202,64,4.868383797515721,4.420999315569003,7.179757256855725,64,3.265814938249183,3.171199759967492,4.882677516947802,64,0.6758024568867518,0.7506385826786843,0.9386631463565225
66,0.6,TV,78,0.038461538461538464,0.038461538461538464,78,8.401228055884392,8.84036605076422,11.81268572881833,78,3.7003699937024894,4.160180226525988,5.058590322772812,78,7.654103814364,7.855225184835913,10.851090866743665,78,10.563915751594749,11.657869572156798,14.080381474037127,75,0.44035916818912313,0.43474721483590006,0.5618255460200948,75,0.6396620624511303,0.6222713580824926,0.7459070903963384,75,0.44278089988417035,0.4627691327671613,0.6237804565731571,78,5.288507889302802,4.978388633163895,7.165381375218074,78,1.785808864755931,1.5291575383449059,3.468031722818448,78,0.3128146021829408,0.32140907013258835,0.5895555013632721
66,0.7,AT,37,0.0,0.0,37,8.992711873603216,9.04055478449892,11.086481714410473,37,5.673848440553924,5.742514520654943,6.710546774409601,37,7.138649405693077,7.507314433888284,9.403289442484576,37,13.213527612789079,13.435994450903584,15.90429736209589,37,0.6083087718545684,0.6211934396925861,0.7758489068301013,37,0.48071701046843424,0.4855151846352843,0.5860029874367542,37,0.6460116100270178,0.6125853975680527,0.8198113673123476,37,4.5339999297447005,3.9748101753170646,6.650151023234059,37,2.6418838905204645,2.4391053931930733,3.7875294792290206,37,0.42794507801375625,0.4501617788824575,0.8077847626337211
66,0.7,AV,37,0.05405405405405406,0.05405405405405406,37,8.103228731287686,8.613100638197572,10.996348599830668,37,4.791397908374683,5.37092404341588,7.303895444526407,37,6.274821314055933,7.217341971866089,8.207131944663896,37,11.752167652939772,12.291254164750114,17.31607696707915,35,0.6084457673699379,0.6534513236087779,0.8207194730163092,35,0.5040439471005757,0.47690035627816585,0.6615332334847366,35,0.5832069927446977,0.6044259339435789,0.7596851171807633,37,5.06931933250373,4.448176451714745,7.520720618809533,37,3.3958781305636627,3.3923731226133174,5.750831088885571,37,0.598869361210999,0.6922392105396479,0.9266754210743887
66,0.7,TV,46,0.021739130434782608,0.021739130434782608,46,8.817990667133977,9.241901220179098,11.538878474965259,46,3.779627306426264,4.173456257397275,5.065246600978593,46,8.036419952835942,8.18708282063987,10.444573948108491,46,11.0245681673576,11.695675870117512,14.1607561779091,45,0.43811384599755004,0.4538096235664319,0.5826192072693308,45,0.6546220801670933,0.6247920499216153,0.7576881034219461,45,0.4227620248686323,0.43031474401222414,0.6053912560330278,46,4.661681039123444,4.183717499200741,7.1795541336103295,46,1.7076085527173834,1.4402980418358933,3.3868939321578777,46,0.3058309954943509,0.3694442964205412,0.6519289964365058
67,0.0,AT,0,,,,,,,,,,,,,,,,,,,,,,,,,,,,,,,,,,,,,,,,,,
67,0.0,AV,0,,,,,,,,,,,,,,,,,,,,,,,,,,,,,,,,,,,,,,,,,,
67,0.0,TV,0,,,,,,,,,,,,,,,,,,,,,,,,,,,,,,,,,,,,,,,,,,
67,0.1,AT,55,0.12727272727272726,0.12727272727272726,55,10.612352330247267,11.469118699033165,16.06041695973094,55,6.271634671920857,7.165978645506717,8.97010530548642,55,8.986111165563084,10.255237664806296,13.924943417306288,55,14.956088168485941,16.290327747699802,21.809388332405856,48,0.5338486393936207,0.5203008689611052,0.7602338158611573,48,0.531515099118753,0.5567839991894326,0.6293881442756378,48,0.6102322326589074,0.5727204765870835,0.8281870771590053,55,7.917145569406029,7.652240997882521,13.61017972506972,55,3.9157275531393614,3.3587816360431644,5.475268820774559,55,0.40551035364077004,0.5412734389017081,0.7992960713091499
67,0.1,AV,59,0.05084745762711865,0.05084745762711865,59,11.92581297975674,12.497380081961223,16.70452477369849,59,9.550935026990638,10.151219993475252,12.916068448348922,59,6.212613556206863,6.4022884358774,7.664676532103477,59,20.688543795553137,22.242459089210058,29.441787717005216,56,0.8392404869149314,0.8686064311069865,0.9032644714661098,56,0.30073524315104455,0.28334027205906637,0.40016600268561575,56,0.8027594799693868,0.8003264323129726,0.9351372176050168,59,8.656132953597858,7.937036841997166,13.420597522513441,59,7.707570225004209,6.928670690463371,12.655087344544842,59,0.9036876778530357,0.946760777348635,0.9890399958352007
67,0.1,TV,58,0.034482758620689655,0.034482758620689655,58,11.110755139512237,10.495934107083848,16.78936142565933,58,2.6873735742842304,2.47480707586155,4.364539154604577,58,10.863664317129194,10.168900090593333,17.02357510864286,58,12.024829257058324,11.894477882298002,16.96882847687922,56,0.1991335038293193,0.19742371633092404,0.6461876517405218,56,0.7796143257231272,0.8003669662944553,0.9186803280853666,56,0.26209679629200827,0.24915188888797474,0.41110049653944236,58,7.976236192185523,7.961556081873304,12.514459785084298,58,2.0583110857540508,1.7262415945892187,3.432626744040344,58,0.034092951459163315,-0.05115907436328504,0.7786097411600339
67,0.2,AT,75,0.02666666666666667,0.02666666666666667,75,11.062911317351265,10.27587967378344,15.884927935173371,75,7.1644625897851,7.139294703273953,9.036440692745057,75,9.122900272183013,9.29676691460749,13.399976161054292,75,16.280881223421616,16.330429410591243,20.873166042832693,73,0.5832655176339363,0.5750571782439153,0.8227293158061287,73,0.48717576217165115,0.5107424839396324,0.6091930748649591,73,0.6881468890436647,0.6626020891365347,0.9372867687913394,75,7.348796046429144,7.1384226155669745,11.793026504561608,75,3.6249040926648814,3.168973611175832,5.88969270209745,75,0.3388649171563471,0.46055103585973306,0.8687689037424088
67,0.2,AV,92,0.03260869565217391,0.03260869565217391,92,11.101149920136121,11.123626844212744,15.749882014719713,92,8.633833615623578,8.546966804674714,12.987943076582791,92,6.134680141721883,6.302969266963089,7.906487774855556,92,18.887006958194426,17.918275841900666,28.121792073843416,89,0.7901571518961192,0.8555217614063587,0.9034296030228819,89,0.34202877958076827,0.3023545809218009,0.46999457479343276,89,0.7583191960292497,0.7628232038921317,0.9134671733799412,92,7.965570058676894,7.862389068581366,13.187687757614645,92,7.014901278831245,6.626136645970295,11.876968518704814,92,0.8702957944876384,0.9132422689478799,0.9806176675349164
67,0.2,TV,81,0.08641975308641975,0.08641975308641975,81,10.687119291157357,10.785342378641014,15.925359057769226,81,2.1081372725542535,2.0335465957232532,3.6767340116905696,81,10.65392318268841,10.995583470617023,15.667684793607656,81,11.178163255878017,11.773844343829582,16.05421124743825,74,0.10873050767092049,0.02958715632570623,0.5749095300691093,74,0.8234569372855226,0.8505972692283675,0.9209698640367586,74,0.21558987639011493,0.1972158469457834,0.34298702196065217,81,8.050415903077567,7.766995969107924,12.424268252122555,81,1.617160736084239,1.4739297282610908,2.884377697841841,81,-0.07413003800574983,-0.15813723674516336,0.6746704286266025
67,0.3,AT,95,0.042105263157894736,0.042105263157894736,95,11.101421034437214,10.668571274009368,16.417180250461524,95,6.897519197834304,7.011427475824516,9.004435076115872,95,8.760311219189967,8.942170079312206,13.499173039692913,95,16.277024242011542,16.406130398008823,22.54186555126153,91,0.6191381694219414,0.6214854176414366,0.7897686620219623,91,0.4734017586145141,0.4986440399036683,0.5890244896758684,91,0.6607704778921728,0.6396696727880286,0.8718363513926046,95,7.573649226803148,6.993432111959592,12.273393064342512,95,3.7220264138932335,3.3271170562382344,6.008927092095178,95,0.46289383893433494,0.5654366580087349,0.82425155525455
67,0.3,AV,99,0.030303030303030304,0.030303030303030304,99,11.156672931408792,10.455388517286217,16.54308983819854,99,8.608868900090206,8.343113532383699,12.846390924627833,99,6.0610172155717095,6.196413269084682,8.057175865073326,99,18.94414730270613,17.066578521875464,28.62236697328553,96,0.810019923081212,0.8517830755224423,0.9068176867129008,96,0.32463648716591464,0.30224580146595925,0.4461277851986727,96,0.7694435546830553,0.7631388774269023,0.8893590914275,99,7.771819367081674,8.04908610971758,12.123393647428164,99,6.674719206689976,6.611406983296587,11.462622057843001,99,0.8557326076188752,0.9118187355550169,0.9830781494685908
67,0.3,TV,89,0.07865168539325842,0.07865168539325842,89,10.568536595928256,11.154020464837359,15.886057006400058,89,2.316802449159433,2.234674081325496,4.079203108174301,89,10.261251688672425,11.167450462067068,15.36276071960478,89,11.391145415026243,11.625037074913198,16.963660938052595,82,0.21203659580249115,0.14704285194954989,0.7053461169478632,82,0.787395110265709,0.8255498806545232,0.9174485092237202,82,0.24665038720682075,0.2173615402849668,0.44537674422112583,89,7.924455366390377,7.657969051133975,12.435101019034528,89,1.8329432109258312,1.5658711676798163,3.1136283715411914,89,0.010839682197553857,-0.17214566313176607,0.797424221410246
67,0.4,AT,86,0.011627906976744186,0.011627906976744186,86,10.767622875363562,10.464975911601893,15.245077785505213,86,6.627431061745355,7.093051212394101,8.35910280721942,86,8.61538701515197,8.4752053428159,12.818028570105241,86,15.684354259355558,15.991400251370337,20.775208371101762,85,0.5739861745469446,0.6200897705485467,0.8203568758660199,85,0.500450526093469,0.5048256890671634,0.6275837740968316,85,0.6378890398884789,0.5876559736890412,0.9394918867300343,86,6.180761325896058,5.609547978542201,10.076606851447695,86,3.594303468750228,3.1945171737307367,5.7321319772258255,86,0.5800270892390788,0.6508303483414765,0.8891517758137149
67,0.4,AV,89,0.033707865168539325,0.033707865168539325,89,10.462012733130468,9.84652341593606,16.05740669275031,89,7.8471604165827955,7.247499089569571,12.134123404890005,89,5.902625830122912,6.128573502232475,7.25075295086652,89,17.478402401138254,16.14239451471035,27.047667254709566,86,0.7801621972253772,0.8219770035359248,0.9069579593603575,86,0.34768589684214574,0.3259611082344542,0.4725122807586686,86,0.7382285610755853,0.7347244854841222,0.8594294140325989,89,6.715245271523593,6.132335737403503,12.049459559233204,89,5.639333505579248,5.514294081366512,9.610762518842765,89,0.8499036852281135,0.8935051427185126,0.9794679185031393
67,0.4,TV,81,0.04938271604938271,0.04938271604938271,81,10.67815322953912,10.469831144503365,15.746710574118062,81,1.9083635423193266,1.852935198419028,2.7990530711563437,81,10.489191967651418,10.478961763933539,15.72871227261856,81,11.226196167991885,11.291612338672886,15.83454822596425,77,0.1792760910568162,0.09684123403907134,0.5642454663555381,77,0.8266223891268301,0.8489901621790403,0.9231544109551368,77,0.19272131306456483,0.1756640018387642,0.3115924958491544,81,7.223149945310589,6.976778459457979,11.386029712003223,81,1.3436850451860132,1.106727543235771,2.2009169533181248,81,0.04540282229136314,0.07042586035229703,0.6973416613459174
67,0.5,AT,77,0.05194805194805195,0.05194805194805195,77,9.949552466534966,9.582381742967026,15.173753478417789,77,6.034190270059005,6.6827932761311475,8.344131183261469,77,7.75679074922753,7.859844146553348,12.67797976704705,77,14.575601287073988,15.267658221765968,20.141138003449957,73,0.5875347651307292,0.6326694789474661,0.8411778612010802,73,0.4957813246629173,0.4921272660403692,0.6395743036415437,73,0.6249737548427697,0.6293189013657757,0.8983195667464804,77,7.188632613679778,7.006768011101907,11.049634372766196,77,4.030552458547933,3.6541976256853976,5.528913972992437,77,0.5834546573709215,0.6483396000168494,0.858014471626406
67,0.5,AV,80,0.0125,0.0125,80,10.771856953569877,9.978257917183644,15.3572177104462,80,8.218604372473738,8.236002446149111,12.805725660553055,80,5.856400311082483,6.044760268248572,7.73964164377081,80,18.208903554875224,17.123789577507264,27.84959315514339,79,0.7899103111498879,0.8336601797300343,0.9197556286325841,79,0.33762019424425566,0.3184786161078616,0.4450380799048489,79,0.7488038117786898,0.7528159984284799,0.920535952868868,80,7.099480860255738,6.830010970657792,12.010413864905734,80,6.0253023700299195,5.460848949709865,11.000993343921044,80,0.8092030432681456,0.9087701473570955,0.9832480295833824
67,0.5,TV,78,0.038461538461538464,0.038461538461538464,78,10.250079804819904,9.390736538033703,15.413502842146562,78,2.111761984224814,1.9570103770484772,3.2095501681181764,78,9.922802811123162,9.500396646268317,15.51391267131632,78,11.024298483471439,10.370453759993946,16.576690268305335,75,0.23289379976152333,0.1515707113615118,0.6679464006524376,75,0.7954706067254672,0.8156658600864223,0.9131230505113833,75,0.2266777381693066,0.21557954853403216,0.37822739307979897,78,7.718780604001931,7.174316642730158,12.436488608922248,78,1.6409088852423994,1.4288520724763525,2.639924641292815,78,0.08351035809712955,-0.07675223730373855,0.7565462473864486
67,0.6,AT,67,0.07462686567164178,0.07462686567164178,67,9.557190810391614,9.823221887602603,14.397262091306011,67,5.974911658221148,6.656382948230803,8.009236874914873,67,7.399215332812381,7.647984712445294,12.15140573687677,67,14.145487068643519,15.159533314890316,20.081259246464068,62,0.6184219558897933,0.6373617654306845,0.8592776554483413,62,0.48084408468990436,0.5021039848064711,0.6395333471589856,62,0.6493010344188168,0.6144256578811881,0.9372586009238107,67,7.409131880773344,6.624138773524454,11.694180289255932,67,3.753342982301787,3.4034607889256354,5.202272579664829,67,0.4860447233619335,0.6336112663287988,0.8436032549206772
67,0.6,AV,64,0.0625,0.0625,64,9.817990323516234,9.549835800461885,15.405796759528771,64,7.721904245645773,8.46814390027751,12.251046914025574,64,5.150011056475193,5.677181297788899,7.20027570119872,64,16.861357603966027,17.354905190650978,26.297168535220887,60,0.7725382455597051,0.8621801824241032,0.9282833009039805,60,0.3361109817847708,0.27940764790775696,0.5391406178347223,60,0.7595308322866151,0.8090613861805134,0.9406538391395459,64,7.830681990587975,6.905184171402656,12.167109491368564,64,6.838070990022028,5.970155148022863,11.917436031281024,64,0.8473601978438545,0.9060732905877388,0.9811358788830165
67,0.6,TV,58,0.034482758620689655,0.034482758620689655,58,10.204048841849133,9.727673897123147,15.503666103046143,58,1.9100963486156488,1.691017609369026,3.271097581315722,58,9.939608505647413,9.16842052643899,15.401237369104578,58,10.86226415563617,10.663457872119057,15.872680469318494,56,0.22500734542500508,0.1419854414127726,0.6477923575234936,56,0.8040264665633259,0.8314812271300036,0.918145027484873,56,0.2186132395127486,0.17583982503433193,0.39089223159535236,58,7.592924314072427,7.355536943183518,11.998059119147031,58,1.4248861699325825,1.1550402696645472,2.571559409324255,58,0.09264963745867602,0.07617766493280162,0.7070492344115569
67,0.7,AT,44,0.0,0.0,44,10.944062253657757,11.675017539479015,15.376337952479522,44,6.129199210495111,6.278372703473638,7.710169123451379,44,8.696777076522267,9.343454508965948,12.60971262689031,44,15.474550026958763,15.745836084192419,20.214843183186243,44,0.6208208318519326,0.6233992771288726,0.8174466344868709,44,0.49109184691867824,0.4926729027828395,0.623605112152294,44,0.604926998484689,0.537498893476889,0.862376855067384,44,7.47802941860213,6.904434227743236,12.641305392909162,44,3.2760167866576277,2.9492270513954475,5.070751846477085,44,0.4459853163663369,0.5271287833792078,0.8409872793131709
67,0.7,AV,52,0.019230769230769232,0.019230769230769232,52,9.965738503120347,9.618412405461838,14.821611646910974,52,7.6197193164405235,7.655655236864542,11.886942299403563,52,5.402368517768066,5.913929511343875,7.374501995869888,52,16.83990146204382,16.583755399065222,25.66028329394676,51,0.7828569981768682,0.8515124792957307,0.9412033008839222,51,0.3369311751678393,0.3068523829903146,0.5193024651929888,51,0.7495683275578839,0.7767547794031658,0.9283633655033263,52,7.34183378504681,6.877074399961803,12.042197922380835,52,6.345426501950005,5.438206145316084,10.562443093081201,52,0.8608539805813861,0.9076543235428671,0.979421268399928
67,0.7,TV,38,0.02631578947368421,0.02631578947368421,38,8.587342769641369,9.191083007530063,11.75833830808186,38,1.756790327884202,1.581031945090281,3.1456823244316645,38,8.444391120441788,9.176382129736304,11.885595554369873,38,9.141748825683559,9.944496134394063,12.297396218768899,37,0.20564967676856002,0.16303805258363105,0.6041369379260263,37,0.8152653698124469,0.8448683580700995,0.9504920743735654,37,0.22257666845716284,0.2051828364243777,0.3696525038944837,38,6.67273188187216,6.240065975252694,10.09257865211498,38,1.459740613587574,1.256663771560361,2.5749670459225293,38,0.09720894453263872,0.18020594752584002,0.6534307766048407
68,0.0,AT,0,,,,,,,,,,,,,,,,,,,,,,,,,,,,,,,,,,,,,,,,,,
68,0.0,AV,0,,,,,,,,,,,,,,,,,,,,,,,,,,,,,,,,,,,,,,,,,,
68,0.0,TV,0,,,,,,,,,,,,,,,,,,,,,,,,,,,,,,,,,,,,,,,,,,
68,0.1,AT,47,0.06382978723404255,0.06382978723404255,47,10.499391547058988,10.82900478654211,13.75647933175055,47,8.92406108863169,8.926436019695819,11.7244464297931,47,6.258969630549995,6.504633677636622,8.667717085282112,47,18.435024464070562,18.333808026188446,24.43670761230776,44,0.7964565841148071,0.8121037903795177,0.8813187992926506,44,0.32534364908370755,0.3149707399706866,0.4024284047864434,44,0.8520560485493451,0.8365537313439227,0.9597453357493668,47,7.574206227648185,7.732396705722597,9.786864356889382,47,5.772742156676269,5.312456292389956,8.446130575056321,47,0.7619266138009927,0.7970440505205546,0.9337517958510987
68,0.1,AV,53,0.07547169811320754,0.07547169811320754,53,9.507291457722753,9.40812241441877,13.617383020116048,53,4.949181012875539,5.04527741943636,7.504818996001821,53,8.02076603604484,8.18367560748765,11.381446949123669,53,12.872041895364932,12.557750871891665,18.982904949808468,49,0.5135563016505073,0.513849051240637,0.7030309465662786,49,0.563791703423786,0.5758172611805302,0.6672466858892665,49,0.5225151874389024,0.4939601580417818,0.6968559998422356,53,6.735407223971502,6.768010181006914,9.921801574122478,53,4.27393782402068,3.7529666424742936,7.12332987536196,53,0.6752570708278101,0.6765303387022663,0.9154820487727885
68,0.1,TV,71,0.056338028169014086,0.056338028169014086,71,9.707959187817705,9.939089439565434,12.573545431205117,71,2.6045104710106792,2.66667527330759,3.5677946714725848,71,9.023987685061728,9.296508113910999,11.309963167228767,71,11.014437947411986,11.112357489976295,14.126637559983553,67,0.3994577802344181,0.40262838058117995,0.5542137119560975,67,0.7344242476234164,0.7366727788574055,0.7862564809871696,67,0.2723145976712586,0.26559512142444885,0.35286704323537355,71,6.921317163706642,7.078523289944962,9.618815322493202,71,1.436104626573963,1.2788399866554692,2.282292694287928,71,0.3705492195366631,0.4262249088512625,0.7266211575760329
68,0.2,AT,79,0.05063291139240506,0.05063291139240506,79,10.196294381796038,10.434479994991364,13.569905998173969,79,8.650226023791104,8.585540515916263,11.39466845794589,79,5.95866985909474,6.161937382366646,8.17016165531244,79,17.91738252372824,17.96462574017859,23.871531509385672,75,0.803243432394353,0.8143825979416237,0.8952451235687696,75,0.31850306177251836,0.31854077128967223,0.40627010282189613,75,0.8497696442677082,0.8446871628123532,0.9561674136096677,79,7.10273745217025,7.123133221823161,9.446392054958956,79,5.3594679950213155,5.064552853060493,7.438618454114609,79,0.7447141065752271,0.7807100730841895,0.9388162772750789
68,0.2,AV,86,0.03488372093023256,0.03488372093023256,86,10.555927903735368,10.281539525998255,14.56801282594959,86,5.471793088640769,5.436518737260997,8.472067525025274,86,8.662115098500701,8.422112107144116,11.33379752475839,86,14.419938756900864,13.95745757472482,20.606979591471614,83,0.5380930930606035,0.5573938826470298,0.7051358344525126,83,0.5583605385540773,0.5559222103341334,0.6772152141955685,83,0.5109453823344846,0.5051615338169151,0.6626532763530241,86,7.419989698027382,7.064143523362015,11.307519825865633,86,4.579010347551667,4.264051682026746,7.726516226610045,86,0.6545843153660023,0.6863632121121397,0.8948245054916737
68,0.2,TV,94,0.02127659574468085,0.02127659574468085,94,10.233878507442336,10.51196892701596,13.324557886567112,94,2.6629075988751323,2.6394511235766007,3.4336969187436255,94,9.488335734631216,9.610732956095951,12.32997884019773,94,11.58348461035509,11.781962803416477,14.817473727725378,92,0.4012390509881809,0.40964473434151366,0.5311063287897969,92,0.7340610222510671,0.7446864217649513,0.7950815103839787,92,0.26693444525977816,0.2570042853363447,0.3435009132421623,94,7.143178940066545,6.927938262643922,10.328990484302551,94,1.3361901318378742,1.2272729937828002,2.100349748183637,94,0.40285497479353854,0.46501861557643825,0.7649724602637815
68,0.3,AT,93,0.03225806451612903,0.03225806451612903,93,10.039436443615251,9.947827061393488,13.583233759736537,93,8.550680949569582,8.335210853115113,11.90895676922904,93,6.076264675214867,6.147422371894436,8.398113943912692,93,17.61922090958617,17.115312453628416,24.35074963949869,90,0.7799873556498949,0.8036022098240766,0.8708759696954973,90,0.34078912466781686,0.3223680556571077,0.4290905762319899,90,0.8447437180857433,0.8618179316242864,0.9579379126575023,93,6.762068340864803,6.628991999853372,10.720973798807476,93,5.528843961858933,4.975288248637835,9.352355200180154,93,0.7654826913355239,0.794649282081518,0.956568513030229
68,0.3,AV,92,0.043478260869565216,0.043478260869565216,92,9.774896226697221,9.740625301447306,13.057202384260144,92,5.073916559724429,4.786886069642726,7.798520563085335,92,8.240586890463122,8.150870611655037,10.672883108756817,92,13.231969109142453,13.068585783219348,18.364899090977882,88,0.5052077410869928,0.49771395748709335,0.6911928368492615,88,0.568269825325268,0.5793595212824505,0.6815476521581554,88,0.516709097940681,0.5005649128670425,0.7284763318129069,92,6.694515945096507,7.151873036742691,9.448692885789187,92,4.263280315500415,4.008796683898119,7.155186587454316,92,0.6641270678984977,0.7125733648403754,0.9109697228724694
68,0.3,TV,97,0.07216494845360824,0.07216494845360824,97,9.5802675241914,9.834716876254975,13.306049947832376,97,2.5346334867001334,2.6124116521624225,3.493971276746739,97,8.953749693186067,9.258348376482303,12.264617824514282,97,10.814203449284618,11.130503513869645,15.082270474391501,90,0.3809791085629786,0.37892582598436775,0.5294473969305454,90,0.7388156087101319,0.7415206696169965,0.7845529699341437,90,0.2699277001752898,0.2617541075698643,0.3587563480557384,97,6.7776434848316205,6.943741124858938,9.26932836771082,97,1.421074376619459,1.2757197294174834,2.1804807648588582,97,0.3332405147660265,0.39475492678286034,0.6916998102670626
68,0.4,AT,92,0.021739130434782608,0.021739130434782608,92,10.034934234959245,9.676794463544294,13.565555372623688,92,8.300089361441358,8.110750200863347,11.482942007979531,92,6.057302071419154,6.085755685871753,8.498336927537185,92,17.36729095621481,16.881052400913084,24.060048602460963,90,0.7896420237845353,0.7935992530214654,0.8940235781102175,90,0.3362794750726676,0.3327239128794759,0.43803673683715766,90,0.8208785079392263,0.8268480868238467,0.9223003059037127,92,6.851168424108298,6.9969796463225,9.702652785866416,92,5.235129015156174,4.825035785420749,7.550621173701227,92,0.7322251161299534,0.7335552025122034,0.9341268484026378
68,0.4,AV,89,0.02247191011235955,0.02247191011235955,89,10.090004735794516,9.495535622127226,13.853781091312468,89,5.270373687656897,5.089493407716572,7.756305810012429,89,8.165821804402615,8.053663137508488,10.421820992246191,89,13.876037456162646,12.754988151225186,19.812844255391163,87,0.5610912031780644,0.5645975013010409,0.7240128014447447,87,0.5444325518385683,0.548471361331914,0.6568968449974811,87,0.5189564560020842,0.5204961216401298,0.6623540605276206,89,6.768979750562721,6.569805813344395,10.98471969211775,89,4.227066832281973,3.6098095996711863,6.915486068575245,89,0.6660500522556926,0.7013894854374878,0.8741536995477172
68,0.4,TV,104,0.038461538461538464,0.038461538461538464,104,9.837918270049908,9.853374500045188,13.604014469749059,104,2.3509012356847547,2.5695399346070626,2.965386124864916,104,9.182929052870684,9.18398058195572,12.664678395616853,104,10.994693049873442,11.014972028183077,14.919781737796136,100,0.39949377007609355,0.3954430770793718,0.553472152646513,100,0.7521543169724489,0.7440015489302063,0.802513649981002,100,0.245398042705491,0.252330556952683,0.32717464951100733,104,6.803895627424387,6.684594489487935,9.685206083640093,104,1.2291585606618356,1.110307579285831,2.0673440625705086,104,0.36531986618532564,0.3920892748600211,0.686981057699249
68,0.5,AT,88,0.03409090909090909,0.03409090909090909,88,9.772974372623578,9.766689931694865,12.555411649485581,88,8.058927904997155,8.039841163462256,10.982142047701814,88,6.030451351486963,6.04016088701184,8.39010666396766,88,16.850250220160795,16.93072194173451,22.478466945071535,85,0.779017273016184,0.7839173545619463,0.8763734247547712,85,0.3433063198907039,0.33887424505941466,0.4451855433016676,85,0.8221482561196037,0.8287265775475229,0.9434954007251568,88,6.515138763044723,6.577457171706479,9.496386732973026,88,4.828330314274774,4.680124516810214,6.941496168371529,88,0.7172697728437908,0.746074482045173,0.9136687430697041
68,0.5,AV,83,0.07228915662650602,0.07228915662650602,83,8.781084436192064,9.265124460351537,12.319208136390255,83,4.6909404913849375,4.856831487192518,7.47211132480423,83,7.111392576948163,7.853244440617512,9.423097352184742,83,12.16916744864101,12.73865564279994,17.951825472435036,77,0.5496695162905217,0.5487292750235274,0.7401174892141426,77,0.54997060842264,0.538674693021721,0.6952003380172658,77,0.5247580066018233,0.5407199331465503,0.6857157693850605,83,6.6579145116660206,6.350366621751573,9.193283477090004,83,4.295681491480355,4.174232303578666,6.666507004352787,83,0.6672587224716227,0.7203900353741005,0.8861695056710276
68,0.5,TV,86,0.06976744186046512,0.06976744186046512,86,9.241082746779625,9.496319125276429,12.593039880702523,86,2.214592898862044,2.486000472326939,2.986720348750827,86,8.632845232151276,8.891217969252333,11.8425358231355,86,10.338426992051785,10.503377478003877,13.845965766617514,80,0.3807211712848588,0.38214611436524215,0.5173556842648314,80,0.7544769854195271,0.74295300272399,0.8165146547009278,80,0.24680414466603443,0.23932934044419815,0.35601455670284193,86,7.002190772762768,6.580340734665729,9.527521405538257,86,1.2792640310557664,1.1169356688281171,1.9695589622466159,86,0.362137314947046,0.3878363965038327,0.7024182877147923
68,0.6,AT,70,0.04285714285714286,0.04285714285714286,70,9.322701934061033,9.236577224512292,12.430600850307782,70,7.396641553825459,7.76766148295042,10.617930657912895,70,5.781483174495843,5.981076336446194,8.674448407056063,70,15.797903240224299,16.1880622165268,21.882150792040317,67,0.7667982388305523,0.7842944018778696,0.90083056336167,67,0.3608973773417598,0.34767256700199095,0.4642501604080726,67,0.7838260682715241,0.8105104687458735,0.9341112815920859,70,6.432153578548987,6.242578821147601,9.350790306316075,70,4.659363749470932,4.345488193293519,6.665806898266968,70,0.7215809677209506,0.7705283856747559,0.9051010713645258
68,0.6,AV,44,0.06818181818181818,0.06818181818181818,44,9.15006295015364,9.887812227546018,12.39885696332345,44,4.686633425629997,4.775935663262278,8.036268138629522,44,7.431203966868784,7.801549198387711,9.639753647922179,44,12.574614481974727,12.63842444145526,19.124693030374203,41,0.49543506157438216,0.5550977319608082,0.7524933194664325,41,0.5863827453781951,0.5382485228546783,0.9647396205522414,41,0.48019369260443273,0.5259660145172547,0.7085681376137924,44,6.998855124714876,6.694452916421907,9.796064367093404,44,4.411807690846331,4.2224589100871075,7.093097669853636,44,0.6585062709388507,0.6967172085205547,0.9066530329148045
68,0.6,TV,64,0.046875,0.046875,64,9.086777283811932,9.202650361845631,12.58954244027789,64,2.1988279628488128,2.4537359834429107,2.6962847555127634,64,8.424488882731946,8.73457961046325,11.519005937534878,64,10.20507833770737,10.556176899205305,14.040917775241734,61,0.403846692955826,0.4297910433737006,0.5438281501667899,61,0.7478632398006627,0.7454686395718694,0.8113968064089464,61,0.24682889413138487,0.24559046921872266,0.32631485379990416,64,6.291787630786727,6.42259904079466,8.704358842724837,64,1.1459868188723124,0.9825260218005173,1.9768769338608687,64,0.38353252835296214,0.4063727196906115,0.6610931908658886
68,0.7,AT,44,0.045454545454545456,0.045454545454545456,44,8.315824461080949,8.792277741832304,10.452382930571195,44,6.533619201527208,7.007324825149915,8.455134608112399,44,5.256896839976913,5.2350967006273805,7.757806455403362,44,13.977946412865622,15.037398555073358,17.97038300572654,42,0.7539705551367708,0.7632429018949809,0.8961222656446929,42,0.3609898893206992,0.3581345962333871,0.4616656349487089,42,0.7777072327851126,0.7785425961746524,0.9045679566591623,44,5.671967420742839,5.632775430273518,7.692940198941329,44,3.786885471345191,3.7895089766690546,5.243747306349463,44,0.6592294601567286,0.6707794815935296,0.9126639451011909
68,0.7,AV,45,0.08888888888888889,0.08888888888888889,45,8.474999476699255,8.913919233291692,12.48994868867101,45,4.2333600372405105,4.176281969039765,7.608981119588032,45,6.994674055924593,7.952213744845992,9.813244490579445,45,11.456553610070943,11.084497652619213,19.091546273672602,41,0.510690106591508,0.4780319655542356,0.7371482979564953,41,0.5808163741255301,0.5869086121876516,0.691884953106273,41,0.4852126574903116,0.4804666313670434,0.6871126157392557,45,6.314445697949282,6.428076912137853,8.699899324715048,45,3.7882372506813846,3.295521428397035,6.284154176469213,45,0.6198420554465897,0.6421198482145161,0.8746169981065843
68,0.7,TV,42,0.047619047619047616,0.047619047619047616,42,8.764447701062451,8.602068885885318,12.235586085222003,42,2.094931832811643,2.3754993196378824,2.6846511212596122,42,8.087559512311634,7.951062554881689,11.097106544834602,42,9.873257393040914,9.666363692807687,13.782047895661302,40,0.42683768160020075,0.41786772481413437,0.5695575567060753,40,0.7458313047093721,0.7352521057189529,0.7979186362915016,40,0.24553556950536864,0.2555697953935137,0.3208645907059607,42,5.856622721708557,5.680664439427227,9.024969782257902,42,1.0538134897197942,0.9843423399791305,1.7616193446795254,42,0.3973136190291389,0.38114836185428513,0.7281945136808529
69,0.0,AT,0,,,,,,,,,,,,,,,,,,,,,,,,,,,,,,,,,,,,,,,,,,
69,0.0,AV,0,,,,,,,,,,,,,,,,,,,,,,,,,,,,,,,,,,,,,,,,,,
69,0.0,TV,0,,,,,,,,,,,,,,,,,,,,,,,,,,,,,,,,,,,,,,,,,,
69,0.1,AT,48,0.0625,0.0625,48,11.047059036937577,11.266844494533027,14.620764689413699,48,7.909429707869897,7.9095146743884746,9.884841790431063,48,8.703765864964119,8.600364972744472,13.513999920612802,48,17.05356293011221,17.16881167316859,22.354878562791605,45,0.6116410334057297,0.6591585937661032,0.7787432861498106,45,0.4551894470736857,0.43234296078054274,0.6197601499789118,45,0.7300336515152931,0.7470454152091058,0.8873998553100241,48,8.271251859954619,7.705493654133068,12.645749818731888,48,4.951363573691572,4.711514699404728,7.264486976200393,48,0.5167561331597859,0.5665811525247261,0.7955602789341228
69,0.1,AV,56,0.05357142857142857,0.05357142857142857,56,11.04172835223183,11.03082851770391,14.793108838192566,56,8.42082211971515,8.56153817596547,11.849661141725722,56,7.030030529308567,7.241323696645051,8.947748916101112,56,18.318553588884065,18.269431232866893,25.47344808427959,53,0.752636178256244,0.7666021573437399,0.8626662597408594,53,0.37234322099649164,0.3613470234039877,0.4857414407736501,53,0.7554720904739788,0.7683559640088302,0.8834986152315781,56,8.272204290639117,8.270195548817599,11.802665438423697,56,6.988038601276351,7.770940862934709,10.782766934915388,56,0.7950055109056964,0.8527834649726274,0.965002029628923
69,0.1,TV,49,0.04081632653061224,0.04081632653061224,49,10.388018877219382,10.185705115809506,13.62502580851734,49,2.8563672093902066,2.7313331311346865,4.488033256335125,49,10.770174021312462,10.466309388053467,14.914289884331415,49,10.826228387764763,10.921372635656574,13.53126941965345,47,0.019563063115544108,-0.03569835725315039,0.3186619784913404,47,0.8103594838006261,0.840078529911665,0.8829043830255434,47,0.28093814894263897,0.25483199841056414,0.43520086389304563,49,6.838253467850788,6.450589279200766,10.009276431138185,49,1.8179268028267321,1.6689014358305034,2.466031046169234,49,0.1177052480837864,0.192290037228052,0.6555250018050214
69,0.2,AT,90,0.06666666666666667,0.06666666666666667,90,11.074565479533732,11.493390737524058,14.836526083438907,90,7.532519286348734,7.7976971581509495,10.378191972684247,90,8.962998485714222,8.696365778784019,13.247361135372035,90,16.646421258434092,17.258700329197033,23.238269587097438,84,0.5677793559457166,0.5987155510027619,0.7739845474171282,84,0.48967401872410693,0.47496903863154016,0.6359600514808272,84,0.6818041142786408,0.694594451426966,0.8546044926143013,90,8.494300005654845,8.569587889119322,11.925572405238356,90,5.036711792170333,4.389261098988374,8.015510631796122,90,0.5210306555069899,0.5507298845474444,0.8957627837435728
69,0.2,AV,83,0.060240963855421686,0.060240963855421686,83,11.169884701228472,11.569366749619444,14.714469740157197,83,8.410514839643918,8.825793968185145,12.632976628271047,83,7.189240422202425,7.216366005937387,9.889250291900819,83,18.394661463807687,18.666608475115808,26.13585480424287,78,0.7414327500081983,0.756502921743631,0.8674309618305447,78,0.3808473659163379,0.37051897844294573,0.5230036081422266,78,0.7452587271495337,0.750467998136856,0.9006384003108011,83,7.827591910335898,8.147479286968771,12.60132224873358,83,6.588443412327324,5.948910501986156,11.611304605731968,83,0.7982706036772648,0.8390742066570754,0.9769438981792997
69,0.2,TV,77,0.025974025974025976,0.025974025974025976,77,10.910385253367178,10.528843120345991,15.107252639686104,77,2.6394362162990372,2.513005805134375,3.771776266338342,77,11.081078479221091,10.945910680844442,15.907458527764506,77,11.408244021290638,11.401179660802306,14.938397876083444,75,0.05106254409294807,0.025884101271297803,0.3478749812338806,75,0.8115296205328502,0.8221401088919651,0.8992125704517112,75,0.2537830372267258,0.24011263203168662,0.37564342496446523,77,7.402989013352179,7.076414638680657,11.556158951220834,77,1.5908581346248873,1.5489499338763373,2.1915583031747023,77,0.06502136757131657,0.06839503408479847,0.508637563121537
69,0.3,AT,101,0.039603960396039604,0.039603960396039604,101,10.777970593747728,11.12184417641869,14.115409349131237,101,7.500344975721877,7.558330015189152,10.42494829432124,101,8.735969893925645,8.536984562016746,12.855481229656428,101,16.334765641032075,16.577817757831628,21.579750446957895,97,0.5803347005602948,0.5804069010220452,0.7829317863685987,97,0.47846240308106736,0.49716369770861835,0.611157890915387,97,0.7051241580165603,0.6825533374622498,0.8743821910634634,101,6.98716323318058,6.84125822348791,10.553124352670372,101,4.627295358800805,4.006435637788784,7.6253867083264755,101,0.5725928318113404,0.5885593712139222,0.9061911258889943
69,0.3,AV,91,0.03296703296703297,0.03296703296703297,91,11.05072037087547,11.391532537470638,14.35164431786088,91,8.100385872763004,8.166166616326018,11.379290100036457,91,7.246864953148282,7.223356716498601,9.509357746164815,91,17.94312754557286,18.00484703088335,24.744447674058012,88,0.726626367740307,0.7634977695150091,0.8613562230785072,88,0.3936630800999108,0.38450297898897223,0.539790874140104,88,0.7263188650814235,0.7361407249694585,0.8881366710609574,91,7.583831679238541,7.261632187208453,11.55881644340621,91,6.262723760661172,5.8167835138029735,10.871173057805654,91,0.7667690684874664,0.8216443146770899,0.9678169650863345
69,0.3,TV,96,0.041666666666666664,0.041666666666666664,96,10.873109905317406,11.15172985934699,14.7339452409882,96,2.4993101540176603,2.4405250094646442,3.6279314388105988,96,11.11976549604129,11.247508446923902,15.317591721018237,96,11.23364496728361,11.457948696678876,14.63675600852539,92,0.0181260490447523,-0.01321725259137984,0.32389216235066876,92,0.8284534398160496,0.8523246060669628,0.9031938883635344,92,0.23805681604328158,0.22517305792376258,0.35572953989538836,96,7.703336043244708,7.631678432357695,10.989554742642323,96,1.5458790118438692,1.4347267757313036,2.138536009884751,96,0.050750808109918694,0.067261663062042,0.4994034658224098
69,0.4,AT,85,0.047058823529411764,0.047058823529411764,85,10.984244449291916,11.440172941519888,15.10811727115006,85,7.470741515011919,7.462940902622844,10.64246038640953,85,8.815286561279764,8.787804150921623,12.973362606796345,85,16.545337191054962,16.76295531076437,22.890547316008583,81,0.5803479554651028,0.6108820057678394,0.7720888373889074,81,0.4829395902662922,0.47757964304245343,0.6224863188108812,81,0.6830823656915362,0.6932357178274785,0.8309526757039946,85,7.522739663261371,7.775540806754322,10.382191533687337,85,4.728042844060587,4.590394008243479,6.881149007035693,85,0.5208952631953696,0.549725616265697,0.8679467856710978
69,0.4,AV,96,0.020833333333333332,0.020833333333333332,96,10.610901535611884,10.681370305249452,14.076924723005764,96,7.6928326922635675,7.744926184947287,11.025529221545627,96,7.1012381358924905,6.886441214828597,9.784174663116659,96,17.098820840894778,16.54954751296482,23.950100450601596,94,0.703917327200124,0.7494492177206654,0.8514693586140744,94,0.41433126402482595,0.3894430180757892,0.5722800111470261,94,0.7068556564136486,0.726545640688522,0.8878107649228333,96,7.654977451847853,7.7111704876322325,10.963650791403039,96,6.266618851426199,6.2935426675551085,10.036331947468552,96,0.7804258838499747,0.838295621001238,0.9584501320800674
69,0.4,TV,92,0.03260869565217391,0.03260869565217391,92,10.36016570277454,10.413135924700647,14.067667244459233,92,2.3453546459067955,2.2590041997358785,3.404327685484761,92,10.53668138177801,10.516895704113516,14.671672888131774,92,10.745550744104062,10.68331499172842,14.165724789244434,89,0.05791138148385706,0.04721493066698127,0.4184201200764474,89,0.8232103402066067,0.8364999078612326,0.9035780937705274,89,0.23774174052629843,0.21722683635785603,0.381104585603034,92,7.019394909908116,6.753137729899512,10.097635515755263,92,1.4870765298743593,1.420708854982475,1.983121364770803,92,0.10557192838096115,0.08242117822643094,0.509357102962401
69,0.5,AT,63,0.047619047619047616,0.047619047619047616,63,9.705956167790891,9.821694743993433,13.97349240018549,63,6.690558866852834,7.113441215583249,8.973668930865745,63,7.635377962351229,7.6272447873138915,11.802119325725059,63,14.795711937886821,15.40069066373792,19.55946257895244,60,0.6090615115501595,0.6078582576208303,0.8091971808504745,60,0.4639681465795619,0.47221738274723857,0.5921438526730821,60,0.700493139384988,0.7056570024657773,0.8633422291488565,63,6.8675897750095976,7.00848411223096,10.578732388803775,63,4.08509948172906,3.745774205535988,5.574490416803414,63,0.5118715010285514,0.5565209228410518,0.7448726168755706
69,0.5,AV,74,0.02702702702702703,0.02702702702702703,74,11.178379053071795,11.252454511440257,15.622086195394175,74,8.335845924955482,8.624020054636304,11.880486939224584,74,6.95224773697233,7.158740521480551,9.71652494123495,74,18.45471901406079,18.053183831100235,25.81612573341405,72,0.7451675288850785,0.7865480554218327,0.873954330670404,72,0.38707013193405804,0.35475964315457653,0.5179441971176024,72,0.7234235228925878,0.7599646409184366,0.878756116192376,74,7.785817312018849,7.750046836267606,11.100223042773784,74,6.487479359649398,6.109829550015534,10.3342152860324,74,0.7972633442930678,0.8530216614467794,0.9615375067784343
69,0.5,TV,83,0.04819277108433735,0.04819277108433735,83,10.211185550330592,10.273182616566292,14.034207087914645,83,2.073656501170017,2.045355573456906,3.1151735822895583,83,10.30744460191479,10.498893946103852,14.286322760691421,83,10.563820969505072,10.569610374770091,14.169460671647355,79,0.08205042764684736,0.06536124243815261,0.4007414897598318,79,0.8307000322637396,0.8508366590844162,0.8940207252839891,79,0.21732019810399666,0.2020548802479747,0.31776480898580595,83,6.8455689786152885,6.721053729014143,9.577741647884418,83,1.308408839029326,1.2100391366513552,1.9272058563005516,83,0.12682226076254424,0.14280971005866697,0.5195677224069529
69,0.6,AT,63,0.047619047619047616,0.047619047619047616,63,9.930381574664862,10.349970961059814,13.695241548587669,63,6.261399061632846,6.8271379412670505,9.250045062920572,63,7.930902120446979,7.866576374436247,12.131003665008093,63,14.634279305607345,15.552672419917181,19.510586695906838,60,0.5662941983818813,0.625914158243088,0.7904359910967509,60,0.5115190992597983,0.4660549949040769,0.6767216666933306,60,0.6224847600243087,0.6707613166091853,0.8388497969727788,63,6.905123324762866,7.155403739827104,10.367223353777801,63,4.3713554768488,4.253771743528271,6.359406304236888,63,0.5723614379701364,0.618744742823771,0.862196398248542
69,0.6,AV,46,0.043478260869565216,0.043478260869565216,46,10.079244767859244,9.805480309816854,13.597034839222239,46,7.064723300085988,7.11324519274784,11.03461019635279,46,6.8816864502640485,6.814834824288237,10.365125974874042,46,15.931222504151213,15.744338770975988,23.293607982494642,44,0.6874948175060692,0.7057588886924657,0.8643862592517935,44,0.4250623822228063,0.41452487968316976,0.580366053186587,44,0.690357458986596,0.7191607966044463,0.8790931840828756,46,7.849766331793492,7.827664454885318,10.25150365436978,46,6.4690775041382675,6.78359686587566,9.184775760414492,46,0.8008972467678441,0.8575121735514925,0.9568816026154809
69,0.6,TV,54,0.018518518518518517,0.018518518518518517,54,10.40965990778367,10.548374582876159,13.706071411973534,54,1.9822817921431384,1.9593309128123666,2.7908462206349594,54,10.495536129162382,10.60158214315134,14.166466474074337,54,10.720557405255606,11.185986222875687,13.607177787970972,53,0.06718557015112933,0.06933985545631612,0.3338512110007115,53,0.838116473130753,0.8477442082038691,0.9147410980058873,53,0.20265065760850554,0.19079278766106486,0.29417949649153113,54,6.781479525919343,6.156007722761302,10.248518572986193,54,1.2708714094459794,1.192568542135561,1.7941795606065498,54,0.12700763837170786,0.1366761299940162,0.541121914805258
69,0.7,AT,43,0.09302325581395349,0.09302325581395349,43,9.176273308316325,10.114584515100098,13.28751846152808,43,5.7457347984050555,6.28278102659551,8.357400850998443,43,7.2414935022377,7.091512988675235,11.240662664150744,43,13.520927226600985,15.398014269143623,19.882894830158722,39,0.5812158298793225,0.6036538948861518,0.8077700727485079,39,0.5040996724419909,0.49249589052596315,0.6921301391291913,39,0.6192734060589868,0.6271114372687597,0.9002907749333522,43,7.032767293305253,6.777713361878975,9.785846405442603,43,4.129135456657191,3.8831343497598234,5.130142221132168,43,0.546883450297079,0.6285052769582807,0.8071827021731995
69,0.7,AV,45,0.044444444444444446,0.044444444444444446,45,10.037441184998414,10.57615111123944,13.50537791974288,45,7.056588038293248,7.362147320444954,11.232477958462619,45,6.520189639929035,6.705248033512921,8.065484907937732,45,16.07677847152271,16.07312922124065,23.29208920757113,43,0.7213593224337128,0.7580200550696469,0.8675289829269301,43,0.4098795473951592,0.40027962002743817,0.5429735650486609,43,0.6839412292670913,0.6783747073030066,0.8744770211046777,45,6.830413160057338,6.624531445192378,11.68734292732013,45,5.483471222363502,4.446700562757866,10.433885399136658,45,0.7640653970975992,0.8051326845478328,0.95609576341648
69,0.7,TV,52,0.019230769230769232,0.019230769230769232,52,10.460051796379936,10.460441796170695,13.426130738691828,52,2.030796836120158,1.9814030626736314,3.0518285543965025,52,10.468938887509609,10.529218559585138,14.007864013551744,52,10.865884132370683,11.262548057502414,13.481414404582162,51,0.08533610219345682,0.09814335293281265,0.3072471675743202,51,0.8358208281032152,0.8444638084084028,0.9175306702873771,51,0.19957151444296053,0.19265789183353832,0.30046861795100055,52,6.760934624586265,6.479132777428341,10.428374526897729,52,1.2280386786168624,1.1367679292994666,1.8168522095213413,52,0.15889172663886514,0.1846549813836112,0.5006550265774948
70,0.0,AT,0,,,,,,,,,,,,,,,,,,,,,,,,,,,,,,,,,,,,,,,,,,
70,0.0,AV,0,,,,,,,,,,,,,,,,,,,,,,,,,,,,,,,,,,,,,,,,,,
70,0.0,TV,0,,,,,,,,,,,,,,,,,,,,,,,,,,,,,,,,,,,,,,,,,,
70,0.1,AT,54,0.037037037037037035,0.037037037037037035,54,13.451558726918076,13.790159079439222,18.56663542884209,54,8.757472719619065,8.700229511010553,11.323808875621426,54,8.968286038105996,8.976224707016225,12.269997853794287,54,20.894995347279437,21.09643169453963,28.413287685598977,52,0.7408322476182311,0.7801355032692453,0.8273261198267857,52,0.4113254093370177,0.40115474225456227,0.4871972850430214,52,0.664552136846743,0.6433836905105907,0.8432185912650998,54,7.14224703462018,6.442392374989618,11.99154200960271,54,4.264300389260787,3.6568051063306695,7.523039357217126,54,0.6416647867060904,0.7196398211461426,0.8565829618404278
70,0.1,AV,54,0.018518518518518517,0.018518518518518517,54,13.444923538366961,12.788176385731662,20.570219150586638,54,8.781492775401425,8.410996808967354,13.878019079241602,54,8.7735266887977,8.884252276075514,10.916682139233657,54,20.897910274058038,18.168378080083762,33.3625275429377,53,0.700255609094496,0.757915367254392,0.8670900771356339,53,0.43224958439900735,0.38823860881243727,0.6218218976446492,53,0.6346459175003948,0.6662736797105911,0.7924156388768168,54,8.864655452913619,8.22823008186781,13.31465441789251,54,7.28037379813703,7.41613427888994,11.696589491986668,54,0.8487241050735833,0.9302123889915369,0.9778767052678834
70,0.1,TV,63,0.047619047619047616,0.047619047619047616,63,13.210820155950087,12.721472203567734,19.23412389090727,63,4.784318937370782,5.08103920849145,6.123874193574743,63,11.738320866896784,11.559847943306531,17.247834339267673,63,16.09641580933117,15.635969344645167,22.39404690289569,60,0.4746184751102102,0.4963587577428117,0.5610541305634009,60,0.6467366008898991,0.6500228540655021,0.7048986927806388,60,0.37900517915712545,0.3555944849674457,0.49348315211812455,63,8.18504645832781,7.6583125003863355,12.062728667628765,63,2.0087912605760803,1.7134254943475216,3.0665976868865705,63,0.43153769717479057,0.4791837358007143,0.6534245080094908
70,0.2,AT,80,0.0625,0.0625,80,12.936706337980183,13.247907341671842,18.328969130092265,80,8.776546840645247,8.516383270538894,11.965935842371483,80,8.765173986684635,8.888612605227653,12.424089533418934,80,20.316241344553234,20.49489297507477,28.79744570879838,75,0.7295893461857506,0.756031550176019,0.8362425439013432,75,0.4073436346949987,0.40490603550631055,0.4937183157744933,75,0.6990551161435732,0.685148568854436,0.8612767379923482,80,8.753048528449682,8.401294175198085,12.170264554240319,80,4.638432789279763,4.2295663956728955,7.72777369733701,80,0.5956014260024676,0.6584524934410037,0.8406413144121777
70,0.2,AV,90,0.022222222222222223,0.022222222222222223,90,13.464380536072554,12.635006181620057,18.94668681913303,90,8.546174252376842,8.332830773155775,13.603619066273986,90,9.025506343118538,8.996948053325408,10.621381971357634,90,20.622061000056284,19.577627397748238,30.821992586769216,88,0.6924701029171736,0.7413698660560988,0.8557655430595907,88,0.44346227295049306,0.41876620768721595,0.6271304471117645,88,0.6160851713249526,0.6422368284561939,0.7753892751973901,90,8.292316933385207,7.8482804347266875,13.467993756352483,90,6.500508057095264,5.899559944786274,11.237512517580399,90,0.8032262390465408,0.8851870703743241,0.975100625381996
70,0.2,TV,71,0.014084507042253521,0.014084507042253521,71,14.127655150066692,14.324767691185334,19.165443583750402,71,4.830527596079531,4.903438899675195,5.780480383533403,71,12.550892383416185,12.57295183094954,17.24116531372233,71,17.018263647624323,17.161744525369002,22.008581409372688,70,0.48712836157802897,0.49610967860451993,0.5644916336206461,70,0.6583975279071366,0.6510524105971702,0.715725410271916,70,0.3526956612342612,0.33964606242498757,0.45626076458029563,71,7.56383722716925,6.952318118111191,12.868134144975203,71,1.615618760990936,1.4794456585458273,2.233964294790178,71,0.345224512414348,0.3580861942592974,0.6029536946506632
70,0.3,AT,82,0.036585365853658534,0.036585365853658534,82,12.904592342614054,11.73664608045,19.031832035012197,82,8.641187350438662,8.39988121856823,11.818474983190217,82,8.751971597996034,8.987944091406764,12.095806150596907,82,20.168242866525933,18.758116568793756,29.47907198165171,79,0.7316449142876936,0.7510448429390201,0.8335444699066621,79,0.40885005730499585,0.4163502898763493,0.5033910817084521,79,0.6914821779155264,0.6801926365653868,0.8683391479241793,82,8.191036754054556,7.467800083398666,13.442783891936017,82,4.236826903550959,3.776767296737834,7.723312350882517,82,0.5749685676712052,0.6243389100134493,0.8600412172321442
70,0.3,AV,93,0.043010752688172046,0.043010752688172046,93,13.049262824447073,12.97126301144905,19.08675413116356,93,8.421499947972997,8.702461054523392,13.276914066727214,93,8.666570579224043,8.79978498830111,11.507259326408148,93,20.134274837696047,20.310624118726697,29.72698814233221,89,0.6924459531803497,0.773287397942945,0.854982855815198,89,0.4409761992506305,0.3952385635947921,0.6212374829395731,89,0.6288760592851999,0.6398946507942487,0.8091747065486237,93,8.322459811077135,8.28036405323428,12.275915198473596,93,6.425858782579283,6.083075757065767,9.805190981347703,93,0.8080709957658117,0.860304022949694,0.9552347986681897
70,0.3,TV,111,0.02702702702702703,0.02702702702702703,111,12.618341853959095,12.42900951762253,16.711585792271162,111,4.490346139230498,4.663836277675314,5.66171990097834,111,11.165835455238057,11.005096419618082,15.20952334711034,111,15.341335602053443,15.232814936302313,19.921756511476563,108,0.4910322951253597,0.5090235576749551,0.5651606047924806,108,0.6488837124028742,0.6510127052921009,0.7105497406808514,108,0.3673525506587913,0.35328674247040903,0.47222062284841354,111,7.415304193127038,7.153325834974124,11.672532868571158,111,1.755255888366393,1.6270341875014278,2.443624512547691,111,0.3635874085270985,0.37565298651222306,0.5858489092632903
70,0.4,AT,104,0.04807692307692308,0.04807692307692308,104,12.205146620514789,11.548918154528671,18.839418738803353,104,8.281521217457163,8.269877981106218,12.179476977708077,104,8.118346219009121,8.608217357389073,12.206500105014866,104,19.252763289556807,18.99654638202693,29.655681336956096,99,0.7268962643988137,0.7559181395800747,0.840395582290735,99,0.4069802670057711,0.4001421160932073,0.4973918235315887,99,0.6923742557233208,0.6765624349720777,0.9200132948822938,104,8.323251303512084,8.582789506204076,11.9207553649432,104,4.5694819586256115,4.319250438045682,7.350055353916933,104,0.6079047418125056,0.6790009792892768,0.8454916658146101
70,0.4,AV,104,0.009615384615384616,0.009615384615384616,104,12.863538504399362,12.142519889849162,19.48769450922849,104,8.287115450612998,7.198981869980059,13.63916011540661,104,8.467430881085816,8.586356320638192,10.581782688834686,104,19.846915155251963,17.99768151728309,32.060615382682,103,0.6987741769286102,0.7343430423359188,0.8703553244561467,103,0.4324258525834808,0.4300843932716339,0.5943736719428073,103,0.6301678578678576,0.6336948979226159,0.7869696832634332,104,7.9122540737420906,7.3951563323858025,13.049455387438895,104,6.2520411459681275,6.286010813377432,10.665898281291318,104,0.8008313386940056,0.8878407955358993,0.9580504359250502
70,0.4,TV,90,0.05555555555555555,0.05555555555555555,90,11.829495818666853,11.284983696031254,17.808761404291396,90,4.133203325848202,4.5924231274470335,5.530284090872984,90,10.441002472766746,10.122663727517088,16.09011425706945,90,14.361071105919802,14.207239903626796,20.879784807941412,85,0.4877596007993851,0.5082963738570073,0.5814452192624798,85,0.6553012207657944,0.6440614897451058,0.7248810131811053,85,0.3561754953813492,0.3497005597595075,0.4769531760514419,90,8.002553991925943,7.784756074649794,11.445589183025447,90,1.8886708176846478,1.7306488062234084,3.0346852977568357,90,0.4113486687763491,0.46735848888922016,0.6340288507743288
70,0.5,AT,85,0.07058823529411765,0.07058823529411765,85,12.014587649243575,11.401649955677529,18.560867032136244,85,7.764446567222548,7.832098098304154,11.81848104979584,85,8.118768601408233,8.560629387734496,11.998894933874935,85,18.521641644503944,18.097547920954558,28.529967678677608,79,0.6975883882363444,0.7376248138594369,0.8422616829859674,79,0.4285369138794329,0.4153470752726383,0.5531171535447286,79,0.651300923973432,0.6484979395936721,0.8811051120221274,85,8.601115118744854,9.058270581450442,13.018539771160489,85,4.7487469477409405,4.409710367354185,7.110378515929341,85,0.628068009018435,0.6980874023186162,0.8427365713400456
70,0.5,AV,81,0.0,0.0,81,12.557977258506094,11.166186645105897,18.72515676242313,81,8.158895983453313,7.328412333043422,13.195804284915775,81,8.431229727842776,8.468975609864401,10.13589254520597,81,19.379836312365494,17.411600251913093,30.41709759025406,81,0.6788247949453051,0.7497853928034335,0.8663952808439024,81,0.44781386025498165,0.40383179157813376,0.6560636826157678,81,0.6305841700005045,0.6620706781975549,0.8026499858159863,81,8.156239307235339,7.737656610552169,12.142755952993491,81,6.653086486289171,6.837128218161421,10.751696748087634,81,0.8008680214142155,0.8881980947709337,0.9674800779444512
70,0.5,TV,81,0.037037037037037035,0.037037037037037035,81,12.396341074675327,11.889606744503618,18.03972631859717,81,4.056789763026906,4.400754121864126,5.193218980970528,81,11.095791519985111,11.015619762455314,16.414787947443376,81,14.776486445257438,14.447131600633131,20.618164931774686,78,0.4596839437088068,0.47676906973179234,0.5595662805188074,78,0.6740585329105286,0.667948219325941,0.7322435471759144,78,0.33501375450458915,0.3268724775409797,0.44742793974441913,81,7.895040811774792,7.443465387866892,11.937083856993318,81,1.7132827527035948,1.5067499360703045,2.435944780321585,81,0.3822902806546502,0.40900028629435464,0.6147066823849068
70,0.6,AT,75,0.05333333333333334,0.05333333333333334,75,10.511072237948289,10.207521863603073,15.939599045266782,75,6.556717660530798,7.078836933750545,9.60816824656024,75,7.599021059084289,7.733544900728082,11.599475336353647,75,15.813671203424459,16.797761794183504,23.106602836327777,71,0.6541459252683748,0.7032493650698411,0.806305879419367,71,0.47135315963891,0.4454232608050579,0.6194255124828072,71,0.6161477942154832,0.6040191185796583,0.8462136747360637,75,7.831438639106107,7.461783503221367,11.571126922318891,75,4.383673586621532,4.070508360118981,6.675585296281174,75,0.5986846788845576,0.6716684938222454,0.8467772572603244
70,0.6,AV,73,0.0410958904109589,0.0410958904109589,73,11.576667828308237,11.470498498921112,16.41103122777162,73,7.867620430957708,8.619325943471202,12.23411442568737,73,7.498446944249513,8.148886724737338,9.76819172782402,73,18.31908209235472,18.616982938681893,27.239720770999266,70,0.7051475538017383,0.7814476774949055,0.8645753913742403,70,0.4247546495381962,0.38920631837247366,0.5865178096745598,70,0.6531399552936401,0.7062381809213277,0.81562668610633,73,7.662888514809019,6.996158882577742,12.636479707834953,73,6.033977142155087,5.441233834199323,10.714892606500149,73,0.7659621574174791,0.8121863613537136,0.9550576689864264
70,0.6,TV,61,0.01639344262295082,0.01639344262295082,61,12.567134933891415,12.4548322603971,16.91460552652351,61,4.048259749916365,4.354753548660379,5.366147350029184,61,11.249305436108619,11.325500067162976,15.348257275938892,61,14.964493478769423,14.985024148304266,19.609933786279804,60,0.47439618573230447,0.48578375276343244,0.59519700227367,60,0.6791604199812855,0.6677175027420519,0.7763229156821881,60,0.328015341128518,0.34265969054539525,0.4446702730205007,61,7.118978730229097,6.6835174981388015,10.718464294355364,61,1.6882214089654652,1.4868776943822757,2.340594939483545,61,0.35102617468173825,0.3840428996130328,0.596964669660346
70,0.7,AT,52,0.07692307692307693,0.07692307692307693,52,10.310738365547206,10.242915792659225,16.131354318844455,52,6.469675916544679,7.140627140233122,9.877330602345404,52,7.193894816070582,7.3007012038957555,11.343166346229296,52,15.741123195708704,16.341486988281346,24.494869717183462,48,0.6840684438023014,0.7415807103474528,0.8181161582450874,48,0.46045175835523944,0.4022381077404077,0.7831580399382314,48,0.6255282448252261,0.6577169648632883,0.831884225727377,52,7.010058318495193,6.678931257486202,9.998785746474706,52,4.396467867265603,4.284729031583253,5.719138767471685,52,0.6435030137814661,0.7092531159185886,0.850476361074263
70,0.7,AV,32,0.0,0.0,32,11.785755675114025,11.580467440314155,15.76542355811566,32,7.724492691979378,6.700546906060403,12.286792358528873,32,7.93306480264838,8.33073332983296,9.044389139402858,32,18.200396075591627,16.304855845579056,27.290631352865663,32,0.6740874471692921,0.7066332436538556,0.8597390108353955,32,0.44317144150808097,0.44578191541959655,0.6179749546780884,32,0.6376943609207666,0.6766766984431378,0.7927961798751617,32,7.736778120162728,7.615244044318771,11.559011785909844,32,6.483572299234661,6.796042127300993,9.522695468900476,32,0.8166544527815478,0.8872486585227786,0.9664984819800173
70,0.7,TV,41,0.04878048780487805,0.04878048780487805,41,11.022912731817476,11.434587884346959,14.86501706898972,41,3.3881248114019513,3.931830578961339,4.877231886074442,41,9.899573817053485,10.07764118240703,13.253809258542246,41,13.015696743665087,13.521796732912597,17.752160491127835,39,0.47466084040442835,0.498595669350833,0.5793037114342284,39,0.6981140388395706,0.665939916226502,0.8497918165553093,39,0.30379466392537374,0.33188668846030017,0.4316892943854217,41,7.263342711617091,6.5869409644945165,11.296648498743632,41,1.8081499161728263,1.6158489470275843,3.166582056236625,41,0.39359277579359164,0.4335701174759504,0.5987207996058468
