seed,write_step,rate,epoch,pattern,target,branch,count,raw_cosine,centered_cosine,real_minus_shuffle_cosine,shuffle_minus_real_smooth_l1,shuffle_minus_real_nce,retrieval_top1,chance,effective_rank,target_effective_rank,channel_std,target_channel_std,std_ratio,retrieval_over_chance
66,0.6,0.5,30,A,text,regression,102,0.9279016256332397,0.013472393155097961,0.0001856088638305664,0.0001028105616569519,0.0061817169189453125,0.009803921915590763,0.00980392156862745,11.174429893493652,73.28950500488281,0.05144503712654114,0.36301565170288086,0.14171575491364102,1.0000000353902578
66,0.6,0.5,30,A,text,contrastive,102,0.07790613919496536,0.028128011152148247,0.0003546997904777527,0.0001666545867919922,0.011823654174804688,0.0,0.00980392156862745,7.824850559234619,73.28950500488281,0.132236510515213,0.36301565170288086,0.36427220119821513,0.0
66,0.6,0.5,30,A,visual,regression,102,0.8537083268165588,0.13510414958000183,0.01114201545715332,0.008647754788398743,0.3713984489440918,0.009803921915590763,0.00980392156862745,10.22711181640625,49.33816146850586,0.11925781518220901,0.5000351071357727,0.23849888433898978,1.0000000353902578
66,0.6,0.5,30,A,visual,contrastive,102,0.09236272424459457,0.1175934299826622,0.01768925040960312,0.009204685688018799,0.5896410942077637,0.03921568766236305,0.00980392156862745,9.438911437988281,49.33816146850586,0.2393191158771515,0.5000351071357727,0.4786046268790684,4.000000141561031
66,0.6,0.5,30,V,audio,regression,122,0.91727614402771,0.0010839627357199788,-4.00543212890625e-05,9.447336196899414e-06,-0.001331329345703125,0.0,0.00819672131147541,23.101154327392578,63.25609588623047,0.028048308566212654,0.3761807978153229,0.07456071317064492,0.0
66,0.6,0.5,30,V,audio,contrastive,122,0.01691538281738758,0.010639583691954613,0.0007154811173677444,0.0005205869674682617,0.023849964141845703,0.016393441706895828,0.00819672131147541,10.374337196350098,63.25609588623047,0.15709242224693298,0.3761807978153229,0.4175981952275348,1.999999888241291
66,0.6,0.5,30,V,text,regression,122,0.9199364185333252,0.010289152152836323,4.7206878662109375e-05,8.250027894973755e-05,0.0015745162963867188,0.008196720853447914,0.00819672131147541,26.241254806518555,82.45713806152344,0.02135717123746872,0.38114631175994873,0.05603404933620285,0.9999999441206455
66,0.6,0.5,30,V,text,contrastive,122,0.07607239484786987,0.012983836233615875,0.00012231618165969849,0.00013399124145507812,0.004077911376953125,0.016393441706895828,0.00819672131147541,10.030081748962402,82.45713806152344,0.12453294545412064,0.38114631175994873,0.326732652558247,1.999999888241291
66,0.6,0.5,30,AV,text,regression,85,0.9200844168663025,0.019955916330218315,9.85264778137207e-05,0.0002258792519569397,0.003281116485595703,0.0235294122248888,0.011764705882352941,21.584556579589844,64.3585433959961,0.02062086947262287,0.38113853335380554,0.054103344763308955,2.000000039115548
66,0.6,0.5,30,AV,text,contrastive,85,0.07709348946809769,0.02377697452902794,0.00023628771305084229,0.0001590251922607422,0.007876873016357422,0.0235294122248888,0.011764705882352941,8.48193645477295,64.3585433959961,0.1151224747300148,0.38113853335380554,0.3020488999550938,2.000000039115548
66,1.0,0.5,54,A,text,regression,102,0.9234011769294739,0.045897919684648514,0.00045800209045410156,0.0004166439175605774,0.015267372131347656,0.019607843831181526,0.00980392156862745,10.170796394348145,65.3705825805664,0.025105053558945656,0.3705764412879944,0.06774595133918727,2.0000000707805157
66,1.0,0.5,54,A,text,contrastive,102,0.06347169727087021,0.05818694084882736,0.003491535782814026,0.001985311508178711,0.11638450622558594,0.029411764815449715,0.00980392156862745,5.313356876373291,65.3705825805664,0.21781830489635468,0.3705764412879944,0.5877823861098517,3.000000011175871
66,1.0,0.5,54,A,visual,regression,102,0.9020258784294128,0.2585284411907196,0.03498560190200806,0.02378339320421219,1.1661925315856934,0.029411764815449715,0.00980392156862745,8.090747833251953,43.359745025634766,0.1724473536014557,0.41571879386901855,0.4148173143593529,3.000000011175871
66,1.0,0.5,54,A,visual,contrastive,102,0.18038134276866913,0.1937241405248642,0.027323216199874878,0.017895102500915527,0.9107747077941895,0.06862745434045792,0.00980392156862745,10.126111030578613,43.359745025634766,0.31129053235054016,0.41571879386901855,0.7488007204423363,7.0000003427267075
66,1.0,0.5,54,V,audio,regression,122,0.9504762291908264,0.10410421341657639,0.0020408034324645996,0.001725524663925171,0.06802654266357422,0.0,0.00819672131147541,17.094541549682617,59.04579544067383,0.06735201179981232,0.28805601596832275,0.2338156749596195,0.0
66,1.0,0.5,54,V,audio,contrastive,122,0.14650698006153107,0.1054588258266449,0.005860760807991028,0.0036326050758361816,0.1953582763671875,0.04098360612988472,0.00819672131147541,14.8771390914917,59.04579544067383,0.19827388226985931,0.28805601596832275,0.6883171025029496,4.999999947845936
66,1.0,0.5,54,V,text,regression,122,0.9090338349342346,0.038461919873952866,0.00034242868423461914,0.00035728514194488525,0.011415481567382812,0.032786883413791656,0.00819672131147541,12.415721893310547,72.4596939086914,0.028475580736994743,0.3918151259422302,0.07267606289705422,3.999999776482582
66,1.0,0.5,54,V,text,contrastive,122,0.058899618685245514,0.03192046284675598,0.0013155266642570496,0.0010813474655151367,0.04385089874267578,0.008196720853447914,0.00819672131147541,8.154807090759277,72.4596939086914,0.17339053750038147,0.3918151259422302,0.44253150534557567,0.9999999441206455
66,1.0,0.5,54,AV,text,regression,85,0.9109665751457214,0.031234340742230415,0.00035876035690307617,0.0004938319325447083,0.011958122253417969,0.0235294122248888,0.011764705882352941,9.60007095336914,57.84160232543945,0.02758740819990635,0.38913795351982117,0.0708936456862493,2.000000039115548
66,1.0,0.5,54,AV,text,contrastive,85,0.06036975607275963,0.017416292801499367,0.0018523186445236206,0.0009943246841430664,0.06174421310424805,0.03529411926865578,0.011764705882352941,6.66823673248291,57.84160232543945,0.1693195402622223,0.38913795351982117,0.4351144336621429,3.000000137835741
67,0.6,0.5,41,A,text,regression,125,0.9269652366638184,0.03184731677174568,0.0005285143852233887,0.000643998384475708,0.017617225646972656,0.00800000037997961,0.008,10.161823272705078,79.71163940429688,0.048984650522470474,0.35919854044914246,0.13637207562486192,1.0000000474974513
67,0.6,0.5,41,A,text,contrastive,125,0.02998211234807968,0.03848373144865036,0.0025669988244771957,0.0015235543251037598,0.08556652069091797,0.00800000037997961,0.008,6.3691606521606445,79.71163940429688,0.16495363414287567,0.35919854044914246,0.4592269053672027,1.0000000474974513
67,0.6,0.5,41,A,visual,regression,125,0.8795067071914673,0.22511975467205048,0.02449333667755127,0.020134568214416504,0.8164448738098145,0.01600000075995922,0.008,4.522092819213867,50.65147018432617,0.15135666728019714,0.41608694195747375,0.3637621180038536,2.0000000949949026
67,0.6,0.5,41,A,visual,contrastive,125,0.0681266337633133,0.06721046566963196,0.009703461080789566,0.008692264556884766,0.32344913482666016,0.00800000037997961,0.008,3.844167709350586,50.65147018432617,0.5725389719009399,0.41608694195747375,1.376008026609632,1.0000000474974513
67,0.6,0.5,41,V,audio,regression,120,0.9079171419143677,0.001599942217580974,0.00042259693145751953,0.0002921447157859802,0.014084815979003906,0.0,0.008333333333333333,7.475164890289307,59.85520935058594,0.06081042438745499,0.37537017464637756,0.16200121505322645,0.0
67,0.6,0.5,41,V,audio,contrastive,120,0.046921439468860626,0.021239984780550003,0.00038839131593704224,0.0002765655517578125,0.012946128845214844,0.02500000037252903,0.008333333333333333,4.606667518615723,59.85520935058594,0.20606452226638794,0.37537017464637756,0.5489634930652488,3.0000000447034836
67,0.6,0.5,41,V,text,regression,120,0.9299390316009521,0.035462699830532074,0.0008063316345214844,0.0010444223880767822,0.026875972747802734,0.01666666753590107,0.008333333333333333,10.840619087219238,79.23615264892578,0.05184764787554741,0.3528575003147125,0.1469365050461012,2.0000001043081284
67,0.6,0.5,41,V,text,contrastive,120,0.03193928673863411,0.050393957644701004,0.004473157227039337,0.0022857189178466797,0.14910507202148438,0.01666666753590107,0.008333333333333333,6.911082744598389,79.23615264892578,0.1528184562921524,0.3528575003147125,0.433088303793611,2.0000001043081284
67,0.6,0.5,41,AV,text,regression,85,0.9330061674118042,0.006464294623583555,0.00025463104248046875,0.00031566619873046875,0.008489131927490234,0.0117647061124444,0.011764705882352941,9.20058822631836,61.0494270324707,0.04496379941701889,0.34122082591056824,0.13177331511648005,1.000000019557774
67,0.6,0.5,41,AV,text,contrastive,85,0.02913385070860386,0.01662207581102848,0.0016217902302742004,0.0010028481483459473,0.05405902862548828,0.0117647061124444,0.011764705882352941,5.592915058135986,61.0494270324707,0.1533374935388565,0.34122082591056824,0.44937905864821176,1.000000019557774
67,1.0,0.5,49,A,text,regression,125,0.919829249382019,0.041449226438999176,0.0012121200561523438,0.0010184645652770996,0.04040241241455078,0.01600000075995922,0.008,10.504793167114258,77.11595916748047,0.05642605572938919,0.37633806467056274,0.14993448982840255,2.0000000949949026
67,1.0,0.5,49,A,text,contrastive,125,0.03542467579245567,0.02353604882955551,0.002101428806781769,0.0011262297630310059,0.07004833221435547,0.01600000075995922,0.008,6.824113845825195,77.11595916748047,0.20111113786697388,0.37633806467056274,0.5343895734889897,2.0000000949949026
67,1.0,0.5,49,A,visual,regression,125,0.9048541188240051,0.2587425708770752,0.014691829681396484,0.013062544167041779,0.4897279739379883,0.024000000208616257,0.008,4.851856231689453,49.33371353149414,0.0952698290348053,0.403949499130249,0.23584588974595214,3.000000026077032
67,1.0,0.5,49,A,visual,contrastive,125,0.10867719352245331,0.16215582191944122,0.024074003100395203,0.016021907329559326,0.8024663925170898,0.024000000208616257,0.008,8.36997127532959,49.33371353149414,0.33351269364356995,0.403949499130249,0.8256296749015958,3.000000026077032
67,1.0,0.5,49,V,audio,regression,120,0.9389132261276245,-0.0027982897590845823,0.00010943412780761719,1.0132789611816406e-05,0.0036478042602539062,0.008333333767950535,0.008333333333333333,9.369780540466309,58.4812126159668,0.06181666627526283,0.3262259364128113,0.18949034817709615,1.0000000521540642
67,1.0,0.5,49,V,audio,contrastive,120,0.07437057048082352,0.11207685619592667,0.015871472656726837,0.006877005100250244,0.5290489196777344,0.008333333767950535,0.008333333333333333,11.087101936340332,58.4812126159668,0.24552731215953827,0.3262259364128113,0.7526296494367151,1.0000000521540642
67,1.0,0.5,49,V,text,regression,120,0.9210606813430786,0.0600242055952549,0.0021514296531677246,0.001863628625869751,0.0717153549194336,0.01666666753590107,0.008333333333333333,14.122391700744629,76.73766326904297,0.04742318019270897,0.3724268078804016,0.12733557088064965,2.0000001043081284
67,1.0,0.5,49,V,text,contrastive,120,0.03567199036478996,0.02121335081756115,0.0024953708052635193,0.0013933777809143066,0.08317852020263672,0.008333333767950535,0.008333333333333333,6.931339263916016,76.73766326904297,0.23158863186836243,0.3724268078804016,0.621836631971813,1.0000000521540642
67,1.0,0.5,49,AV,text,regression,85,0.9283140301704407,0.06386029720306396,0.0017428398132324219,0.0014868751168251038,0.05809450149536133,0.0235294122248888,0.011764705882352941,10.765071868896484,59.27827835083008,0.04901348054409027,0.3578019142150879,0.13698495898662652,2.000000039115548
67,1.0,0.5,49,AV,text,contrastive,85,0.03712886944413185,0.026317181065678596,0.0021107159554958344,0.0011365413665771484,0.0703577995300293,0.0117647061124444,0.011764705882352941,6.601224899291992,59.27827835083008,0.1915576457977295,0.3578019142150879,0.5353734515868944,1.000000019557774
68,0.6,0.5,47,A,text,regression,116,0.9192996025085449,0.09964457899332047,0.0028754472732543945,0.002693288028240204,0.09584760665893555,0.017241379246115685,0.008620689655172414,5.6933698654174805,72.81582641601562,0.047259215265512466,0.3883873522281647,0.12168062372368203,1.9999999925494194
68,0.6,0.5,47,A,text,contrastive,116,0.05089039355516434,0.039227891713380814,0.0027332529425621033,0.0009723901748657227,0.09110832214355469,0.0,0.008620689655172414,6.179692268371582,72.81582641601562,0.22234764695167542,0.3883873522281647,0.5724894121193049,0.0
68,0.6,0.5,47,A,visual,regression,116,0.8949732184410095,0.34246042370796204,0.04700428247451782,0.040116794407367706,1.5668129920959473,0.03448275849223137,0.008620689655172414,6.042691230773926,48.206390380859375,0.20942334830760956,0.45834508538246155,0.45691195343102303,3.999999985098839
68,0.6,0.5,47,A,visual,contrastive,116,0.16582079231739044,0.19010969996452332,0.03863304853439331,0.03016185760498047,1.287768840789795,0.0258620698004961,0.008620689655172414,7.049509048461914,48.206390380859375,0.46147122979164124,0.45834508538246155,1.006820503827528,3.0000000968575478
68,0.6,0.5,47,V,audio,regression,105,0.9382089972496033,-0.013524344190955162,-4.667043685913086e-05,-0.00019765645265579224,-0.001556396484375,0.009523809887468815,0.009523809523809525,13.267704963684082,54.038848876953125,0.03063838556408882,0.32867980003356934,0.0932165151644841,1.0000000381842256
68,0.6,0.5,47,V,audio,contrastive,105,0.08060283958911896,-0.006147377658635378,-0.00032582134008407593,-0.00036644935607910156,-0.010860443115234375,0.0,0.009523809523809525,6.742015838623047,54.038848876953125,0.35105034708976746,0.32867980003356934,1.0680618250769087,0.0
68,0.6,0.5,47,V,text,regression,105,0.919741690158844,0.04986437037587166,0.0011903047561645508,0.0011681169271469116,0.03967618942260742,0.02857142873108387,0.009523809523809525,6.807971954345703,67.95069885253906,0.0487944558262825,0.38352546095848083,0.12722611871540082,3.000000016763806
68,0.6,0.5,47,V,text,contrastive,105,0.05437689274549484,0.008817866444587708,0.001284286379814148,0.0004885196685791016,0.042809486389160156,0.009523809887468815,0.009523809523809525,7.853421688079834,67.95069885253906,0.26050078868865967,0.38352546095848083,0.6792268446471161,1.0000000381842256
68,0.6,0.5,47,AV,text,regression,88,0.920393168926239,0.08292829990386963,0.0023650527000427246,0.0021411925554275513,0.07883501052856445,0.011363636702299118,0.011363636363636364,5.860871315002441,60.1683235168457,0.049269869923591614,0.38480618596076965,0.1280381441908904,1.0000000298023224
68,0.6,0.5,47,AV,text,contrastive,88,0.053780697286129,0.03971543535590172,0.0027954429388046265,0.0013577938079833984,0.09318161010742188,0.022727273404598236,0.011363636363636364,6.5370073318481445,60.1683235168457,0.2589799165725708,0.38480618596076965,0.6730139119930192,2.0000000596046448
68,1.0,0.5,30,A,text,regression,116,0.9162620306015015,0.0065237595699727535,0.00010794401168823242,0.00011702626943588257,0.0035986900329589844,0.008620689623057842,0.008620689655172414,11.21265983581543,77.91466522216797,0.02438174933195114,0.3921543061733246,0.06217386612395092,0.9999999962747097
68,1.0,0.5,30,A,text,contrastive,116,0.060608912259340286,0.01916300691664219,0.0034564845263957977,0.001375436782836914,0.11521577835083008,0.017241379246115685,0.008620689655172414,3.0708000659942627,77.91466522216797,0.5530973076820374,0.3921543061733246,1.4104073293984922,1.9999999925494194
68,1.0,0.5,30,A,visual,regression,116,0.8316154479980469,0.11172430217266083,0.006975531578063965,0.005359679460525513,0.23251724243164062,0.008620689623057842,0.008620689655172414,5.856003761291504,51.41965866088867,0.07083093374967575,0.5302494764328003,0.1335803935652774,0.9999999962747097
68,1.0,0.5,30,A,visual,contrastive,116,0.06459731608629227,0.12422125786542892,0.02712065353989601,0.023366689682006836,0.9040212631225586,0.017241379246115685,0.008620689655172414,4.089751243591309,51.41965866088867,0.5155998468399048,0.5302494764328003,0.9723721941387865,1.9999999925494194
68,1.0,0.5,30,V,audio,regression,105,0.9015960097312927,0.01601277105510235,0.00022542476654052734,0.00037708133459091187,0.007511138916015625,0.009523809887468815,0.009523809523809525,17.657712936401367,55.401119232177734,0.038319796323776245,0.4086281657218933,0.09377668878032301,1.0000000381842256
68,1.0,0.5,30,V,audio,contrastive,105,0.05900788679718971,0.010506417602300644,0.0005956776440143585,0.0009416341781616211,0.019855976104736328,0.009523809887468815,0.009523809523809525,7.464778423309326,55.401119232177734,0.2008916437625885,0.4086281657218933,0.4916245638811706,1.0000000381842256
68,1.0,0.5,30,V,text,regression,105,0.9134985208511353,0.01367395743727684,9.66787338256836e-05,9.303539991378784e-05,0.003222942352294922,0.01904761977493763,0.009523809523809525,11.042853355407715,72.00656127929688,0.03064948506653309,0.3946119248867035,0.07766994136158663,2.000000076368451
68,1.0,0.5,30,V,text,contrastive,105,0.05920175462961197,0.007401598617434502,0.0008435472846031189,0.00034880638122558594,0.028118133544921875,0.02857142873108387,0.009523809523809525,3.7971251010894775,72.00656127929688,0.4404917359352112,0.3946119248867035,1.116265647728918,3.000000016763806
68,1.0,0.5,30,AV,text,regression,88,0.9173488020896912,0.008191995322704315,3.141164779663086e-05,0.0001513659954071045,0.0010457038879394531,0.011363636702299118,0.011363636363636364,10.949119567871094,64.04496765136719,0.026559798046946526,0.38757285475730896,0.06852853010972036,1.0000000298023224
68,1.0,0.5,30,AV,text,contrastive,88,0.05964845418930054,0.007531013805419207,0.0016719326376914978,0.0013369321823120117,0.055731773376464844,0.022727273404598236,0.011363636363636364,3.463545083999634,64.04496765136719,0.4890751540660858,0.38757285475730896,1.2618921786262243,2.0000000596046448
69,0.6,0.5,46,A,text,regression,123,0.9342718124389648,0.02908303216099739,0.0009382367134094238,0.0010903403162956238,0.03127861022949219,0.008130080997943878,0.008130081300813009,4.848734378814697,79.16515350341797,0.0613039992749691,0.3440984785556793,0.17815829797413466,0.9999999627470969
69,0.6,0.5,46,A,text,contrastive,123,0.05962362140417099,0.03825562819838524,0.003011465072631836,0.0011451244354248047,0.10038185119628906,0.008130080997943878,0.008130081300813009,7.3963303565979,79.16515350341797,0.18015268445014954,0.3440984785556793,0.5235497849520385,0.9999999627470969
69,0.6,0.5,46,A,visual,regression,123,0.8753122687339783,0.21207070350646973,0.021243691444396973,0.016894862055778503,0.7081217765808105,0.016260161995887756,0.008130081300813009,4.293140411376953,48.52583312988281,0.1355087161064148,0.4346141219139099,0.3117908721181796,1.9999999254941938
69,0.6,0.5,46,A,visual,contrastive,123,0.11792927980422974,0.09855946153402328,0.006909750401973724,0.005015432834625244,0.23032569885253906,0.0,0.008130081300813009,8.145934104919434,48.52583312988281,0.19278061389923096,0.4346141219139099,0.44356730299117547,0.0
69,0.6,0.5,46,V,audio,regression,125,0.9364443421363831,0.004819170571863651,6.639957427978516e-05,9.588152170181274e-05,0.002216339111328125,0.0,0.008,14.574728965759277,63.08241653442383,0.03804074600338936,0.3283105790615082,0.11586817004840566,0.0
69,0.6,0.5,46,V,audio,contrastive,125,0.05639098212122917,-0.014705654233694077,-0.0007398799061775208,-0.0004863739013671875,-0.02466297149658203,0.00800000037997961,0.008,10.313081741333008,63.08241653442383,0.22952717542648315,0.3283105790615082,0.6991159897515267,1.0000000474974513
69,0.6,0.5,46,V,text,regression,125,0.9241433143615723,0.010960333980619907,0.0006758570671081543,0.0005325824022293091,0.022530555725097656,0.01600000075995922,0.008,7.5399980545043945,80.08213806152344,0.05200972408056259,0.36936020851135254,0.14081030625951696,2.0000000949949026
69,0.6,0.5,46,V,text,contrastive,125,0.060295600444078445,0.041040923446416855,0.002565160393714905,0.0010663270950317383,0.08550548553466797,0.01600000075995922,0.008,9.50432014465332,80.08213806152344,0.18376456201076508,0.36936020851135254,0.4975212753734325,2.0000000949949026
69,0.6,0.5,46,AV,text,regression,77,0.9278813004493713,0.06300744414329529,0.00116807222366333,0.0018471702933311462,0.03893852233886719,0.012987012974917889,0.012987012987012988,4.635464668273926,56.520565032958984,0.060973942279815674,0.3601325750350952,0.1693097112191912,0.9999999990686773
69,0.6,0.5,46,AV,text,contrastive,77,0.06023547425866127,0.05537924915552139,0.004307206720113754,0.0019446611404418945,0.14357376098632812,0.025974025949835777,0.012987012987012988,6.986908435821533,56.520565032958984,0.18500660359859467,0.3601325750350952,0.5137180483619557,1.9999999981373546
69,1.0,0.5,61,A,text,regression,123,0.9427074193954468,0.14443567395210266,0.0045623779296875,0.00405498594045639,0.15207672119140625,0.024390242993831635,0.008130081300813009,7.602268218994141,74.49311065673828,0.0522589385509491,0.328919917345047,0.15888043196887916,2.9999998882412906
69,1.0,0.5,61,A,text,contrastive,123,0.07195807248353958,0.06492751091718674,0.0062910690903663635,0.0036684274673461914,0.2097020149230957,0.0,0.008130081300813009,5.729837417602539,74.49311065673828,0.2150973677635193,0.328919917345047,0.6539505710074578,0.0
69,1.0,0.5,61,A,visual,regression,123,0.9258798956871033,0.4078938663005829,0.04589366912841797,0.037529461085796356,1.5297894477844238,0.016260161995887756,0.008130081300813009,5.989017486572266,43.29248809814453,0.1775379627943039,0.3892342448234558,0.45612112797225596,1.9999999254941938
69,1.0,0.5,61,A,visual,contrastive,123,0.16718551516532898,0.24104955792427063,0.03284001350402832,0.02049088478088379,1.0946669578552246,0.03252032399177551,0.008130081300813009,6.307151794433594,43.29248809814453,0.39048051834106445,0.3892342448234558,1.0032018598933243,3.9999998509883876
69,1.0,0.5,61,V,audio,regression,125,0.957745373249054,0.007081145420670509,5.990266799926758e-05,-9.636580944061279e-05,0.0019965171813964844,0.00800000037997961,0.008,12.308570861816406,59.72369384765625,0.036958131939172745,0.27032312750816345,0.1367183499238579,1.0000000474974513
69,1.0,0.5,61,V,audio,contrastive,125,0.0733359307050705,0.013127178885042667,0.00018242746591567993,0.00029659271240234375,0.006081104278564453,0.0,0.008,4.300900936126709,59.72369384765625,0.3158254027366638,0.27032312750816345,1.168325498628031,0.0
69,1.0,0.5,61,V,text,regression,125,0.9320507645606995,0.09977173060178757,0.003304421901702881,0.0031052380800247192,0.11014747619628906,0.01600000075995922,0.008,10.39282512664795,75.76870727539062,0.05027419328689575,0.3526704013347626,0.14255291370248668,2.0000000949949026
69,1.0,0.5,61,V,text,contrastive,125,0.0716114416718483,0.039729874581098557,0.0054126158356666565,0.0030171871185302734,0.1804203987121582,0.00800000037997961,0.008,6.183558464050293,75.76870727539062,0.2802150547504425,0.3526704013347626,0.7945522325942408,1.0000000474974513
69,1.0,0.5,61,AV,text,regression,77,0.9366139769554138,0.1560487151145935,0.0059236884117126465,0.005269784480333328,0.19745254516601562,0.025974025949835777,0.012987012987012988,6.981812000274658,53.720680236816406,0.05599692463874817,0.34394219517707825,0.16280911567107437,1.9999999981373546
69,1.0,0.5,61,AV,text,contrastive,77,0.07103265076875687,0.06045424938201904,0.00713830441236496,0.004232883453369141,0.23794269561767578,0.012987012974917889,0.012987012987012988,5.1158576011657715,53.720680236816406,0.25846827030181885,0.34394219517707825,0.7514875287946184,0.9999999990686773
70,0.6,0.5,53,A,text,regression,128,0.9463071823120117,0.0152102280408144,0.0001513957977294922,0.0001721121370792389,0.0050487518310546875,0.0078125,0.0078125,5.98101282119751,76.89006805419922,0.017042620107531548,0.3139550983905792,0.05428362270559305,1.0
70,0.6,0.5,53,A,text,contrastive,128,0.144453763961792,0.052661504596471786,0.0026783496141433716,0.0017418265342712402,0.08927774429321289,0.015625,0.0078125,5.146668910980225,76.89006805419922,0.14827822148799896,0.3139550983905792,0.4722911723622715,2.0
70,0.6,0.5,53,A,visual,regression,128,0.9157790541648865,0.29608309268951416,0.018971025943756104,0.01642671972513199,0.6323652267456055,0.03125,0.0078125,2.5713021755218506,49.062198638916016,0.09989748895168304,0.4051365256309509,0.24657734524455635,4.0
70,0.6,0.5,53,A,visual,contrastive,128,0.08414173871278763,0.14759664237499237,0.013248689472675323,0.012073874473571777,0.4416227340698242,0.0078125,0.0078125,4.462883949279785,49.062198638916016,0.500281810760498,0.4051365256309509,1.2348474627938566,1.0
70,0.6,0.5,53,V,audio,regression,113,0.9583501219749451,0.053286705166101456,0.0005564689636230469,0.0005494654178619385,0.01854848861694336,0.0,0.008849557522123894,7.900401592254639,58.369468688964844,0.03558571636676788,0.2720392346382141,0.1308109707560876,0.0
70,0.6,0.5,53,V,audio,contrastive,113,0.15488331019878387,0.09459563344717026,0.008770182728767395,0.004445433616638184,0.2923393249511719,0.0,0.008849557522123894,5.08826208114624,58.369468688964844,0.3724650740623474,0.2720392346382141,1.3691593955470798,0.0
70,0.6,0.5,53,V,text,regression,113,0.9446613788604736,0.03650301694869995,0.00027817487716674805,0.00040032342076301575,0.009270668029785156,0.017699114978313446,0.008849557522123894,6.225008964538574,73.83142852783203,0.02858182042837143,0.3189249336719513,0.08961927215691112,1.9999999925494194
70,0.6,0.5,53,V,text,contrastive,113,0.1450759619474411,0.053797271102666855,0.0027308911085128784,0.0016452670097351074,0.09102916717529297,0.02654867246747017,0.008849557522123894,5.525088787078857,73.83142852783203,0.18510273098945618,0.3189249336719513,0.5803959221948269,2.999999988824129
70,0.6,0.5,53,AV,text,regression,84,0.9460132122039795,0.040739718824625015,0.0003765225410461426,0.0004626922309398651,0.012552261352539062,0.011904762126505375,0.011904761904761904,5.650716781616211,58.47889709472656,0.022624008357524872,0.3139289915561676,0.07206727943595176,1.0000000186264515
70,0.6,0.5,53,AV,text,contrastive,84,0.14409524202346802,0.06727030128240585,0.0031618326902389526,0.002208888530731201,0.10539388656616211,0.011904762126505375,0.011904761904761904,4.90872049331665,58.47889709472656,0.13575464487075806,0.3139289915561676,0.4324374254120747,1.0000000186264515
70,1.0,0.5,50,A,text,regression,128,0.9403190612792969,0.04426280036568642,0.0004565119743347168,0.00044242292642593384,0.015217304229736328,0.0,0.0078125,7.449614524841309,76.32914733886719,0.02818950265645981,0.32784131169319153,0.08598520580237551,0.0
70,1.0,0.5,50,A,text,contrastive,128,0.08893011510372162,0.032791219651699066,0.0013526901602745056,0.0011723637580871582,0.0450901985168457,0.03125,0.0078125,4.965055465698242,76.32914733886719,0.11981602758169174,0.32784131169319153,0.36546958332640184,4.0
70,1.0,0.5,50,A,visual,regression,128,0.9167922735214233,0.2588014006614685,0.020979702472686768,0.018482714891433716,0.6993260383605957,0.0234375,0.0078125,2.9226861000061035,50.27593231201172,0.12010833621025085,0.401824414730072,0.2989075123544555,3.0
70,1.0,0.5,50,A,visual,contrastive,128,0.09489203989505768,0.13208326697349548,0.01181042194366455,0.006199836730957031,0.39368104934692383,0.03125,0.0078125,5.16411018371582,50.27593231201172,0.38703978061676025,0.401824414730072,0.9632062324454739,4.0
70,1.0,0.5,50,V,audio,regression,113,0.9562153816223145,0.01469513401389122,8.285045623779297e-05,0.00012051314115524292,0.002758026123046875,0.008849557489156723,0.008849557522123894,7.066201686859131,59.276302337646484,0.03533787280321121,0.2763667702674866,0.1278658529352455,0.9999999962747097
70,1.0,0.5,50,V,audio,contrastive,113,0.08714274317026138,0.025265973061323166,0.0011367574334144592,0.000885009765625,0.037891387939453125,0.02654867246747017,0.008849557522123894,4.550020694732666,59.276302337646484,0.2881373167037964,0.2763667702674866,1.0425903100612186,2.999999988824129
70,1.0,0.5,50,V,text,regression,113,0.9408650398254395,0.04799693822860718,0.000657200813293457,0.0005344077944755554,0.02190542221069336,0.017699114978313446,0.008849557522123894,9.064943313598633,73.5909423828125,0.030232436954975128,0.3313046097755432,0.09125269031257191,1.9999999925494194
70,1.0,0.5,50,V,text,contrastive,113,0.08761999756097794,0.037031106650829315,0.0019130557775497437,0.0011769533157348633,0.06376791000366211,0.0,0.008849557522123894,5.194210529327393,73.5909423828125,0.17988264560699463,0.3313046097755432,0.5429524380263347,0.0
70,1.0,0.5,50,AV,text,regression,84,0.9405316114425659,0.02749822288751602,0.0008289813995361328,0.0006853491067886353,0.027632713317871094,0.0,0.011904761904761904,7.905078411102295,58.04595184326172,0.02922298014163971,0.3268035054206848,0.08942064468990871,0.0
70,1.0,0.5,50,AV,text,contrastive,84,0.0881214514374733,0.030653975903987885,0.002256624400615692,0.0016925334930419922,0.07522058486938477,0.011904762126505375,0.011904761904761904,4.712115287780762,58.04595184326172,0.15529537200927734,0.3268035054206848,0.47519493956887043,1.0000000186264515
